# Blender 5.1.1
# www.blender.org
mtllib Dogo.mtl
o Dogo
v 5.048798 1.533579 -1.586495
v 5.021797 1.268670 1.129303
v 5.021797 1.268669 -1.586495
v 5.048798 1.533579 1.129303
v 5.021797 1.798499 -1.586495
v 5.048798 1.533579 1.129303
v 5.048798 1.533579 -1.586495
v 5.021797 1.798500 1.129303
v 4.944794 2.053230 -1.586495
v 5.021797 1.798500 1.129303
v 5.021797 1.798499 -1.586495
v 4.944794 2.053230 1.129303
v 5.021797 1.268669 -1.586495
v 4.944794 1.013940 1.129303
v 4.944794 1.013940 -1.586495
v 5.021797 1.268670 1.129303
v 4.819794 2.287990 -1.586495
v 4.944794 2.053230 1.129303
v 4.944794 2.053230 -1.586495
v 4.819794 2.287990 1.129303
v 4.944794 1.013940 -1.586495
v 4.819794 0.779170 1.129303
v 4.819794 0.779170 -1.586494
v 4.944794 1.013940 1.129303
v 4.650795 2.493759 -1.586495
v 4.819794 2.287990 1.129303
v 4.819794 2.287990 -1.586495
v 4.650795 2.493760 1.129303
v 4.819794 0.779170 -1.586494
v 4.650795 0.573400 1.129303
v 4.650795 0.573400 -1.586494
v 4.819794 0.779170 1.129303
v -2.850204 2.493759 -1.586495
v -2.681206 2.287990 1.129303
v -2.681206 2.287990 -1.586495
v -2.850204 2.493760 1.129303
v -2.681206 0.779170 -1.586494
v -2.850204 0.573400 1.129303
v -2.850204 0.573400 -1.586494
v -2.681206 0.779170 1.129303
v -2.681206 2.287990 -1.586495
v -2.556206 2.053230 1.129303
v -2.556206 2.053230 -1.586495
v -2.681206 2.287990 1.129303
v -2.556206 1.013940 -1.586495
v -2.681206 0.779170 1.129303
v -2.681206 0.779170 -1.586494
v -2.556206 1.013940 1.129303
v -2.479202 1.268669 -1.586495
v -2.556206 1.013940 1.129303
v -2.556206 1.013940 -1.586495
v -2.479202 1.268670 1.129303
v -2.556206 2.053230 -1.586495
v -2.479202 1.798500 1.129303
v -2.479202 1.798499 -1.586495
v -2.556206 2.053230 1.129303
v -2.452202 1.533579 -1.586495
v -2.479202 1.268670 1.129303
v -2.479202 1.268669 -1.586495
v -2.452202 1.533579 1.129303
v -2.479202 1.798499 -1.586495
v -2.452202 1.533579 1.129303
v -2.452202 1.533579 -1.586495
v -2.479202 1.798500 1.129303
v 4.444794 2.662640 -1.586495
v 4.650795 2.493760 1.129303
v 4.650795 2.493759 -1.586495
v 4.444794 2.662640 1.129303
v -4.771202 2.493759 -1.586495
v -4.565208 2.662640 1.129303
v -4.565208 2.662640 -1.586495
v -4.771202 2.493760 1.129303
v 4.209793 2.788120 -1.586495
v 4.444794 2.662640 1.129303
v 4.444794 2.662640 -1.586495
v 4.209793 2.788120 1.129303
v -4.565208 2.662640 -1.586495
v -4.330208 2.788120 1.129303
v -4.330208 2.788120 -1.586495
v -4.565208 2.662640 1.129303
v 3.955795 2.865389 -1.586495
v 4.209793 2.788120 1.129303
v 4.209793 2.788120 -1.586495
v 3.955795 2.865389 1.129303
v -4.330208 2.788120 -1.586495
v -4.075203 2.865389 1.129303
v -4.075203 2.865389 -1.586495
v -4.330208 2.788120 1.129303
v 3.690796 2.891480 -1.586495
v 3.955795 2.865389 1.129303
v 3.955795 2.865389 -1.586495
v 3.690796 2.891480 1.129303
v -4.075203 2.865389 -1.586495
v -3.810204 2.891480 1.129303
v -3.810204 2.891480 -1.586495
v -4.075203 2.865389 1.129303
v 3.425797 2.865389 -1.586495
v 3.690796 2.891480 1.129303
v 3.690796 2.891480 -1.586495
v 3.425797 2.865389 1.129303
v -3.810204 2.891480 -1.586495
v -3.545204 2.865389 1.129303
v -3.545204 2.865389 -1.586495
v -3.810204 2.891480 1.129303
v 3.170792 2.788120 -1.586495
v 3.425797 2.865389 1.129303
v 3.425797 2.865389 -1.586495
v 3.170792 2.788120 1.129303
v -3.545204 2.865389 -1.586495
v -3.291206 2.788120 1.129303
v -3.291206 2.788120 -1.586495
v -3.545204 2.865389 1.129303
v 2.935791 2.662640 -1.586495
v 3.170792 2.788120 1.129303
v 3.170792 2.788120 -1.586495
v 2.935791 2.662640 1.129303
v -3.291206 2.788120 -1.586495
v -3.056206 2.662640 1.129303
v -3.056206 2.662640 -1.586495
v -3.291206 2.788120 1.129303
v 2.729797 2.493759 -1.586495
v 2.935791 2.662640 1.129303
v 2.935791 2.662640 -1.586495
v 2.729797 2.493760 1.129303
v -3.056206 2.662640 -1.586495
v -2.850204 2.493760 1.129303
v -2.850204 2.493759 -1.586495
v -3.056206 2.662640 1.129303
v 4.944794 2.053230 1.129303
v 3.690796 0.175680 1.129303
v 4.819794 0.779170 1.129303
v 5.021797 1.268670 1.129303
v 4.944794 1.013940 1.129303
v 5.048798 1.533579 1.129303
v 5.021797 1.798500 1.129303
v 4.444794 0.404530 1.129303
v 4.650795 0.573400 1.129303
v 4.209793 0.279050 1.129303
v 3.955795 0.201770 1.129303
v 3.170792 0.279050 1.129303
v 3.425797 0.201770 1.129303
v 2.729797 0.573400 1.129303
v 2.935791 0.404530 1.129303
v 2.561798 0.779170 1.129303
v 2.358795 1.268670 1.129303
v 2.435791 1.013940 1.129303
v 2.358795 1.798500 1.129303
v 2.332794 1.533579 1.129303
v 2.435791 2.053230 1.129303
v 3.425797 2.865389 1.129303
v 3.170792 2.788120 1.129303
v 2.935791 2.662640 1.129303
v 2.561798 2.287990 1.129303
v 2.729797 2.493760 1.129303
v 4.650795 2.493760 1.129303
v 4.819794 2.287990 1.129303
v 3.955795 2.865389 1.129303
v 3.690796 2.891480 1.129303
v 4.209793 2.788120 1.129303
v 4.444794 2.662640 1.129303
v -4.939209 0.779170 1.129303
v -4.939209 2.287990 1.129303
v -5.168205 1.533579 1.129303
v -5.142204 1.798500 1.129303
v -5.065208 2.053230 1.129303
v -5.142204 1.268670 1.129303
v -5.065208 1.013940 1.129303
v -4.771202 2.493760 1.129303
v -4.771202 0.573400 1.129303
v -2.850204 2.493760 1.129303
v -3.056206 0.404530 1.129303
v -3.810204 0.175680 1.129303
v -3.291206 0.279050 1.129303
v -3.545204 0.201770 1.129303
v -4.075203 0.201770 1.129303
v -4.565208 0.404530 1.129303
v -4.330208 0.279050 1.129303
v -2.850204 0.573400 1.129303
v -2.681206 2.287990 1.129303
v -2.452202 1.533579 1.129303
v -2.681206 0.779170 1.129303
v -2.479202 1.798500 1.129303
v -2.556206 2.053230 1.129303
v -2.479202 1.268670 1.129303
v -2.556206 1.013940 1.129303
v -3.291206 2.788120 1.129303
v -3.056206 2.662640 1.129303
v -3.810204 2.891480 1.129303
v -3.545204 2.865389 1.129303
v -4.075203 2.865389 1.129303
v -4.565208 2.662640 1.129303
v -4.330208 2.788120 1.129303
v -5.168205 1.533579 -1.586495
v -5.142204 1.798500 1.129303
v -5.142204 1.798499 -1.586495
v -5.168205 1.533579 1.129303
v -5.142204 1.268669 -1.586495
v -5.168205 1.533579 1.129303
v -5.168205 1.533579 -1.586495
v -5.142204 1.268670 1.129303
v -5.142204 1.798499 -1.586495
v -5.065208 2.053230 1.129303
v -5.065208 2.053230 -1.586495
v -5.142204 1.798500 1.129303
v -5.065208 1.013940 -1.586495
v -5.142204 1.268670 1.129303
v -5.142204 1.268669 -1.586495
v -5.065208 1.013940 1.129303
v -5.065208 2.053230 -1.586495
v -4.939209 2.287990 1.129303
v -4.939209 2.287990 -1.586495
v -5.065208 2.053230 1.129303
v -4.939209 0.779170 -1.586494
v -5.065208 1.013940 1.129303
v -5.065208 1.013940 -1.586495
v -4.939209 0.779170 1.129303
v -4.939209 2.287990 -1.586495
v -4.771202 2.493760 1.129303
v -4.771202 2.493759 -1.586495
v -4.939209 2.287990 1.129303
v -4.771202 0.573400 -1.586494
v -4.939209 0.779170 1.129303
v -4.939209 0.779170 -1.586494
v -4.771202 0.573400 1.129303
v 2.561798 2.287990 -1.586495
v 2.729797 2.493760 1.129303
v 2.729797 2.493759 -1.586495
v 2.561798 2.287990 1.129303
v 2.729797 0.573400 -1.586494
v 2.561798 0.779170 1.129303
v 2.561798 0.779170 -1.586494
v 2.729797 0.573400 1.129303
v 2.435791 2.053230 -1.586495
v 2.561798 2.287990 1.129303
v 2.561798 2.287990 -1.586495
v 2.435791 2.053230 1.129303
v 2.561798 0.779170 -1.586494
v 2.435791 1.013940 1.129303
v 2.435791 1.013940 -1.586495
v 2.561798 0.779170 1.129303
v 2.358795 1.798499 -1.586495
v 2.435791 2.053230 1.129303
v 2.435791 2.053230 -1.586495
v 2.358795 1.798500 1.129303
v 2.435791 1.013940 -1.586495
v 2.358795 1.268670 1.129303
v 2.358795 1.268669 -1.586495
v 2.435791 1.013940 1.129303
v 2.332794 1.533579 -1.586495
v 2.358795 1.798500 1.129303
v 2.358795 1.798499 -1.586495
v 2.332794 1.533579 1.129303
v 2.358795 1.268669 -1.586495
v 2.332794 1.533579 1.129303
v 2.332794 1.533579 -1.586495
v 2.358795 1.268670 1.129303
v -4.565208 0.404530 -1.586494
v -4.771202 0.573400 1.129303
v -4.771202 0.573400 -1.586494
v -4.565208 0.404530 1.129303
v 4.650795 0.573400 -1.586494
v 4.444794 0.404530 1.129303
v 4.444794 0.404530 -1.586494
v 4.650795 0.573400 1.129303
v 4.444794 0.404530 -1.586494
v 4.209793 0.279050 1.129303
v 4.209793 0.279050 -1.586494
v 4.444794 0.404530 1.129303
v -4.330208 0.279050 -1.586494
v -4.565208 0.404530 1.129303
v -4.565208 0.404530 -1.586494
v -4.330208 0.279050 1.129303
v 4.209793 0.279050 -1.586494
v 3.955795 0.201770 1.129303
v 3.955795 0.201770 -1.586494
v 4.209793 0.279050 1.129303
v -4.075203 0.201770 -1.586494
v -4.330208 0.279050 1.129303
v -4.330208 0.279050 -1.586494
v -4.075203 0.201770 1.129303
v 3.955795 0.201770 -1.586494
v 3.690796 0.175680 1.129303
v 3.690796 0.175680 -1.586494
v 3.955795 0.201770 1.129303
v -3.810204 0.175680 -1.586494
v -4.075203 0.201770 1.129303
v -4.075203 0.201770 -1.586494
v -3.810204 0.175680 1.129303
v 3.690796 0.175680 -1.586494
v 3.425797 0.201770 1.129303
v 3.425797 0.201770 -1.586494
v 3.690796 0.175680 1.129303
v -3.545204 0.201770 -1.586494
v -3.810204 0.175680 1.129303
v -3.810204 0.175680 -1.586494
v -3.545204 0.201770 1.129303
v 3.425797 0.201770 -1.586494
v 3.170792 0.279050 1.129303
v 3.170792 0.279050 -1.586494
v 3.425797 0.201770 1.129303
v -3.291206 0.279050 -1.586494
v -3.545204 0.201770 1.129303
v -3.545204 0.201770 -1.586494
v -3.291206 0.279050 1.129303
v 3.170792 0.279050 -1.586494
v 2.935791 0.404530 1.129303
v 2.935791 0.404530 -1.586494
v 3.170792 0.279050 1.129303
v -3.056206 0.404530 -1.586494
v -3.291206 0.279050 1.129303
v -3.291206 0.279050 -1.586494
v -3.056206 0.404530 1.129303
v 2.935791 0.404530 -1.586494
v 2.729797 0.573400 1.129303
v 2.729797 0.573400 -1.586494
v 2.935791 0.404530 1.129303
v -2.850204 0.573400 -1.586494
v -3.056206 0.404530 1.129303
v -3.056206 0.404530 -1.586494
v -2.850204 0.573400 1.129303
v 2.435791 2.053230 -1.586495
v 3.690796 0.175680 -1.586494
v 2.358795 1.268669 -1.586495
v 2.358795 1.798499 -1.586495
v 2.332794 1.533579 -1.586495
v 2.561798 0.779170 -1.586494
v 2.435791 1.013940 -1.586495
v 2.729797 0.573400 -1.586494
v 3.170792 0.279050 -1.586494
v 2.935791 0.404530 -1.586494
v 3.425797 0.201770 -1.586494
v 4.209793 0.279050 -1.586494
v 3.955795 0.201770 -1.586494
v 4.444794 0.404530 -1.586494
v 4.819794 0.779170 -1.586494
v 4.650795 0.573400 -1.586494
v 4.944794 2.053230 -1.586495
v 5.021797 1.268669 -1.586495
v 4.944794 1.013940 -1.586495
v 5.048798 1.533579 -1.586495
v 5.021797 1.798499 -1.586495
v 3.425797 2.865389 -1.586495
v 3.170792 2.788120 -1.586495
v 2.935791 2.662640 -1.586495
v 2.561798 2.287990 -1.586495
v 2.729797 2.493759 -1.586495
v 4.650795 2.493759 -1.586495
v 4.819794 2.287990 -1.586495
v 3.955795 2.865389 -1.586495
v 3.690796 2.891480 -1.586495
v 4.209793 2.788120 -1.586495
v 4.444794 2.662640 -1.586495
v -4.075203 2.865389 -1.586495
v -4.771202 2.493759 -1.586495
v -4.565208 2.662640 -1.586495
v -4.330208 2.788120 -1.586495
v -2.850204 2.493759 -1.586495
v -3.291206 2.788120 -1.586495
v -3.810204 2.891480 -1.586495
v -3.545204 2.865389 -1.586495
v -3.056206 2.662640 -1.586495
v -4.771202 0.573400 -1.586494
v -4.939209 2.287990 -1.586495
v -5.142204 1.798499 -1.586495
v -5.065208 2.053230 -1.586495
v -5.168205 1.533579 -1.586495
v -4.939209 0.779170 -1.586494
v -5.142204 1.268669 -1.586495
v -5.065208 1.013940 -1.586495
v -3.056206 0.404530 -1.586494
v -2.850204 0.573400 -1.586494
v -2.681206 2.287990 -1.586495
v -3.810204 0.175680 -1.586494
v -3.291206 0.279050 -1.586494
v -3.545204 0.201770 -1.586494
v -4.075203 0.201770 -1.586494
v -4.565208 0.404530 -1.586494
v -4.330208 0.279050 -1.586494
v -2.452202 1.533579 -1.586495
v -2.681206 0.779170 -1.586494
v -2.479202 1.798499 -1.586495
v -2.556206 2.053230 -1.586495
v -2.479202 1.268669 -1.586495
v -2.556206 1.013940 -1.586495
v 6.182800 0.024759 -4.353592
v 5.844795 -0.386780 1.078102
v 5.844795 -0.386781 -4.353592
v 6.182800 0.024760 1.078102
v 6.433792 0.494290 -4.353592
v 6.182800 0.024760 1.078102
v 6.182800 0.024759 -4.353592
v 6.433792 0.494290 1.078102
v 6.588791 1.003760 -4.353592
v 6.433792 0.494290 1.078102
v 6.433792 0.494290 -4.353592
v 6.588791 1.003760 1.078102
v 6.640793 1.533579 -4.353592
v 6.588791 1.003760 1.078102
v 6.588791 1.003760 -4.353592
v 6.640793 1.533579 1.078102
v 6.588791 2.063410 -4.353592
v 6.640793 1.533579 1.078102
v 6.640793 1.533579 -4.353592
v 6.588791 2.063410 1.078102
v 6.433792 2.572870 -4.353592
v 6.588791 2.063410 1.078102
v 6.588791 2.063410 -4.353592
v 6.433792 2.572880 1.078102
v 6.182800 3.042400 -4.353592
v 6.433792 2.572880 1.078102
v 6.433792 2.572870 -4.353592
v 6.182800 3.042400 1.078102
v 5.844795 3.453989 -4.353592
v 6.182800 3.042400 1.078102
v 6.182800 3.042400 -4.353592
v 5.844795 3.453990 1.078102
v 2.004791 3.453989 -4.353592
v 2.415794 3.791689 1.078102
v 2.415794 3.791689 -4.353592
v 2.004791 3.453990 1.078102
v 2.415794 3.791689 -4.353592
v 2.885796 4.042690 1.078102
v 2.885796 4.042689 -4.353592
v 2.415794 3.791689 1.078102
v 2.885796 4.042689 -4.353592
v 3.394791 4.197190 1.078102
v 3.394791 4.197189 -4.353592
v 2.885796 4.042690 1.078102
v 3.394791 4.197189 -4.353592
v 3.924797 4.249390 1.078102
v 3.924797 4.249390 -4.353592
v 3.394791 4.197190 1.078102
v 5.433792 3.791689 -4.353592
v 5.844795 3.453990 1.078102
v 5.844795 3.453989 -4.353592
v 5.433792 3.791689 1.078102
v 4.963791 4.042689 -4.353592
v 5.433792 3.791689 1.078102
v 5.433792 3.791689 -4.353592
v 4.963791 4.042690 1.078102
v 4.454796 4.197189 -4.353592
v 4.963791 4.042690 1.078102
v 4.963791 4.042689 -4.353592
v 4.454796 4.197190 1.078102
v 3.924797 4.249390 -4.353592
v 4.454796 4.197190 1.078102
v 4.454796 4.197189 -4.353592
v 3.924797 4.249390 1.078102
v 4.963791 -0.975490 1.078102
v 3.394791 4.197190 1.078102
v 1.260796 1.003760 1.078102
v 1.260796 2.063410 1.078102
v 1.208794 1.533579 1.078102
v 1.415794 2.572870 1.078102
v 1.666794 0.024760 1.078102
v 1.415794 0.494290 1.078102
v 2.004791 -0.386780 1.078102
v 2.004791 3.453990 1.078102
v 1.666794 3.042400 1.078102
v 2.885796 4.042690 1.078102
v 2.415794 3.791689 1.078102
v 2.885796 -0.975490 1.078102
v 2.415794 -0.724520 1.078102
v 3.924797 -1.182220 1.078102
v 3.394791 -1.130040 1.078102
v 4.454796 -1.130040 1.078102
v 6.588791 1.003760 1.078102
v 5.433792 -0.724520 1.078102
v 5.844795 -0.386780 1.078102
v 6.182800 0.024760 1.078102
v 6.433792 0.494290 1.078102
v 6.588791 2.063410 1.078102
v 6.640793 1.533579 1.078102
v 6.433792 2.572880 1.078102
v 6.182800 3.042400 1.078102
v 4.454796 4.197190 1.078102
v 3.924797 4.249390 1.078102
v 5.433792 3.791689 1.078102
v 4.963791 4.042690 1.078102
v 5.844795 3.453990 1.078102
v 2.004791 -0.386781 -4.353592
v 1.666794 0.024760 1.078102
v 1.666794 0.024759 -4.353592
v 2.004791 -0.386780 1.078102
v 1.666794 0.024759 -4.353592
v 1.415794 0.494290 1.078102
v 1.415794 0.494290 -4.353592
v 1.666794 0.024760 1.078102
v 1.415794 0.494290 -4.353592
v 1.260796 1.003760 1.078102
v 1.260796 1.003760 -4.353592
v 1.415794 0.494290 1.078102
v 1.260796 1.003760 -4.353592
v 1.208794 1.533579 1.078102
v 1.208794 1.533579 -4.353592
v 1.260796 1.003760 1.078102
v 1.208794 1.533579 -4.353592
v 1.260796 2.063410 1.078102
v 1.260796 2.063410 -4.353592
v 1.208794 1.533579 1.078102
v 1.260796 2.063410 -4.353592
v 1.415794 2.572870 1.078102
v 1.415794 2.572870 -4.353592
v 1.260796 2.063410 1.078102
v 1.415794 2.572870 -4.353592
v 1.666794 3.042400 1.078102
v 1.666794 3.042400 -4.353592
v 1.415794 2.572870 1.078102
v 1.666794 3.042400 -4.353592
v 2.004791 3.453990 1.078102
v 2.004791 3.453989 -4.353592
v 1.666794 3.042400 1.078102
v 2.885796 -0.975490 -4.353592
v 2.415794 -0.724520 1.078102
v 2.415794 -0.724521 -4.353592
v 2.885796 -0.975490 1.078102
v 3.394791 -1.130041 -4.353592
v 2.885796 -0.975490 1.078102
v 2.885796 -0.975490 -4.353592
v 3.394791 -1.130040 1.078102
v 3.924797 -1.182220 -4.353592
v 3.394791 -1.130040 1.078102
v 3.394791 -1.130041 -4.353592
v 3.924797 -1.182220 1.078102
v 2.415794 -0.724521 -4.353592
v 2.004791 -0.386780 1.078102
v 2.004791 -0.386781 -4.353592
v 2.415794 -0.724520 1.078102
v 4.454796 -1.130041 -4.353592
v 3.924797 -1.182220 1.078102
v 3.924797 -1.182220 -4.353592
v 4.454796 -1.130040 1.078102
v 4.963791 -0.975490 -4.353592
v 4.454796 -1.130040 1.078102
v 4.454796 -1.130041 -4.353592
v 4.963791 -0.975490 1.078102
v 5.433792 -0.724521 -4.353592
v 4.963791 -0.975490 1.078102
v 4.963791 -0.975490 -4.353592
v 5.433792 -0.724520 1.078102
v 5.844795 -0.386781 -4.353592
v 5.433792 -0.724520 1.078102
v 5.433792 -0.724521 -4.353592
v 5.844795 -0.386780 1.078102
v 3.394791 4.197189 -4.353592
v 6.433792 2.572870 -4.353592
v 6.588791 1.003760 -4.353592
v 6.588791 2.063410 -4.353592
v 6.640793 1.533579 -4.353592
v 6.182800 3.042400 -4.353592
v 6.182800 0.024759 -4.353592
v 6.433792 0.494290 -4.353592
v 5.844795 -0.386781 -4.353592
v 5.433792 -0.724521 -4.353592
v 4.963791 -0.975490 -4.353592
v 5.433792 3.791689 -4.353592
v 5.844795 3.453989 -4.353592
v 4.454796 4.197189 -4.353592
v 4.963791 4.042689 -4.353592
v 3.924797 4.249390 -4.353592
v 3.924797 -1.182220 -4.353592
v 4.454796 -1.130041 -4.353592
v 2.885796 -0.975490 -4.353592
v 3.394791 -1.130041 -4.353592
v 2.004791 -0.386781 -4.353592
v 2.415794 -0.724521 -4.353592
v 1.260796 1.003760 -4.353592
v 1.666794 0.024759 -4.353592
v 1.415794 0.494290 -4.353592
v 1.260796 2.063410 -4.353592
v 1.208794 1.533579 -4.353592
v 1.415794 2.572870 -4.353592
v 2.004791 3.453989 -4.353592
v 1.666794 3.042400 -4.353592
v 2.885796 4.042689 -4.353592
v 2.415794 3.791689 -4.353592
v -1.787209 0.024759 -4.353592
v -2.124207 -0.386780 1.078102
v -2.124207 -0.386781 -4.353592
v -1.787209 0.024760 1.078102
v -1.536209 0.494290 -4.353592
v -1.787209 0.024760 1.078102
v -1.787209 0.024759 -4.353592
v -1.536209 0.494290 1.078102
v -1.381203 1.003760 -4.353592
v -1.536209 0.494290 1.078102
v -1.536209 0.494290 -4.353592
v -1.381203 1.003760 1.078102
v -1.329208 1.533579 -4.353592
v -1.381203 1.003760 1.078102
v -1.381203 1.003760 -4.353592
v -1.329208 1.533579 1.078102
v -1.381203 2.063410 -4.353592
v -1.329208 1.533579 1.078102
v -1.329208 1.533579 -4.353592
v -1.381203 2.063410 1.078102
v -1.536209 2.572870 -4.353592
v -1.381203 2.063410 1.078102
v -1.381203 2.063410 -4.353592
v -1.536209 2.572880 1.078102
v -1.787209 3.042400 -4.353592
v -1.536209 2.572880 1.078102
v -1.536209 2.572870 -4.353592
v -1.787209 3.042400 1.078102
v -2.124207 3.453989 -4.353592
v -1.787209 3.042400 1.078102
v -1.787209 3.042400 -4.353592
v -2.124207 3.453990 1.078102
v -5.965202 3.453989 -4.353592
v -5.554207 3.791689 1.078102
v -5.554207 3.791689 -4.353592
v -5.965202 3.453990 1.078102
v -5.554207 3.791689 -4.353592
v -5.084206 4.042690 1.078102
v -5.084206 4.042689 -4.353592
v -5.554207 3.791689 1.078102
v -5.084206 4.042689 -4.353592
v -4.575203 4.197190 1.078102
v -4.575203 4.197189 -4.353592
v -5.084206 4.042690 1.078102
v -4.575203 4.197189 -4.353592
v -4.045204 4.249390 1.078102
v -4.045204 4.249390 -4.353592
v -4.575203 4.197190 1.078102
v -2.536209 3.791689 -4.353592
v -2.124207 3.453990 1.078102
v -2.124207 3.453989 -4.353592
v -2.536209 3.791689 1.078102
v -3.005203 4.042689 -4.353592
v -2.536209 3.791689 1.078102
v -2.536209 3.791689 -4.353592
v -3.005203 4.042690 1.078102
v -3.515205 4.197189 -4.353592
v -3.005203 4.042690 1.078102
v -3.005203 4.042689 -4.353592
v -3.515205 4.197190 1.078102
v -4.045204 4.249390 -4.353592
v -3.515205 4.197190 1.078102
v -3.515205 4.197189 -4.353592
v -4.045204 4.249390 1.078102
v -3.005203 -0.975490 1.078102
v -4.575203 4.197190 1.078102
v -6.708206 1.003760 1.078102
v -6.708206 2.063410 1.078102
v -6.761208 1.533579 1.078102
v -6.554207 2.572870 1.078102
v -6.303207 0.024760 1.078102
v -6.554207 0.494290 1.078102
v -5.965202 -0.386780 1.078102
v -5.965202 3.453990 1.078102
v -6.303207 3.042400 1.078102
v -5.084206 4.042690 1.078102
v -5.554207 3.791689 1.078102
v -5.084206 -0.975490 1.078102
v -5.554207 -0.724520 1.078102
v -4.045204 -1.182220 1.078102
v -4.575203 -1.130040 1.078102
v -3.515205 -1.130040 1.078102
v -1.381203 1.003760 1.078102
v -2.536209 -0.724520 1.078102
v -2.124207 -0.386780 1.078102
v -1.787209 0.024760 1.078102
v -1.536209 0.494290 1.078102
v -1.381203 2.063410 1.078102
v -1.329208 1.533579 1.078102
v -1.536209 2.572880 1.078102
v -1.787209 3.042400 1.078102
v -3.515205 4.197190 1.078102
v -4.045204 4.249390 1.078102
v -2.536209 3.791689 1.078102
v -3.005203 4.042690 1.078102
v -2.124207 3.453990 1.078102
v -5.965202 -0.386781 -4.353592
v -6.303207 0.024760 1.078102
v -6.303207 0.024759 -4.353592
v -5.965202 -0.386780 1.078102
v -6.303207 0.024759 -4.353592
v -6.554207 0.494290 1.078102
v -6.554207 0.494290 -4.353592
v -6.303207 0.024760 1.078102
v -6.554207 0.494290 -4.353592
v -6.708206 1.003760 1.078102
v -6.708206 1.003760 -4.353592
v -6.554207 0.494290 1.078102
v -6.708206 1.003760 -4.353592
v -6.761208 1.533579 1.078102
v -6.761208 1.533579 -4.353592
v -6.708206 1.003760 1.078102
v -6.761208 1.533579 -4.353592
v -6.708206 2.063410 1.078102
v -6.708206 2.063410 -4.353592
v -6.761208 1.533579 1.078102
v -6.708206 2.063410 -4.353592
v -6.554207 2.572870 1.078102
v -6.554207 2.572870 -4.353592
v -6.708206 2.063410 1.078102
v -6.554207 2.572870 -4.353592
v -6.303207 3.042400 1.078102
v -6.303207 3.042400 -4.353592
v -6.554207 2.572870 1.078102
v -6.303207 3.042400 -4.353592
v -5.965202 3.453990 1.078102
v -5.965202 3.453989 -4.353592
v -6.303207 3.042400 1.078102
v -5.084206 -0.975490 -4.353592
v -5.554207 -0.724520 1.078102
v -5.554207 -0.724521 -4.353592
v -5.084206 -0.975490 1.078102
v -4.575203 -1.130041 -4.353592
v -5.084206 -0.975490 1.078102
v -5.084206 -0.975490 -4.353592
v -4.575203 -1.130040 1.078102
v -4.045204 -1.182220 -4.353592
v -4.575203 -1.130040 1.078102
v -4.575203 -1.130041 -4.353592
v -4.045204 -1.182220 1.078102
v -5.554207 -0.724521 -4.353592
v -5.965202 -0.386780 1.078102
v -5.965202 -0.386781 -4.353592
v -5.554207 -0.724520 1.078102
v -3.515205 -1.130041 -4.353592
v -4.045204 -1.182220 1.078102
v -4.045204 -1.182220 -4.353592
v -3.515205 -1.130040 1.078102
v -3.005203 -0.975490 -4.353592
v -3.515205 -1.130040 1.078102
v -3.515205 -1.130041 -4.353592
v -3.005203 -0.975490 1.078102
v -2.536209 -0.724521 -4.353592
v -3.005203 -0.975490 1.078102
v -3.005203 -0.975490 -4.353592
v -2.536209 -0.724520 1.078102
v -2.124207 -0.386781 -4.353592
v -2.536209 -0.724520 1.078102
v -2.536209 -0.724521 -4.353592
v -2.124207 -0.386780 1.078102
v -4.575203 4.197189 -4.353592
v -1.536209 2.572870 -4.353592
v -1.381203 1.003760 -4.353592
v -1.381203 2.063410 -4.353592
v -1.329208 1.533579 -4.353592
v -1.787209 3.042400 -4.353592
v -1.787209 0.024759 -4.353592
v -1.536209 0.494290 -4.353592
v -2.124207 -0.386781 -4.353592
v -2.536209 -0.724521 -4.353592
v -3.005203 -0.975490 -4.353592
v -2.536209 3.791689 -4.353592
v -2.124207 3.453989 -4.353592
v -3.515205 4.197189 -4.353592
v -3.005203 4.042689 -4.353592
v -4.045204 4.249390 -4.353592
v -4.045204 -1.182220 -4.353592
v -3.515205 -1.130041 -4.353592
v -5.084206 -0.975490 -4.353592
v -4.575203 -1.130041 -4.353592
v -5.965202 -0.386781 -4.353592
v -5.554207 -0.724521 -4.353592
v -6.708206 1.003760 -4.353592
v -6.303207 0.024759 -4.353592
v -6.554207 0.494290 -4.353592
v -6.708206 2.063410 -4.353592
v -6.761208 1.533579 -4.353592
v -6.554207 2.572870 -4.353592
v -5.965202 3.453989 -4.353592
v -6.303207 3.042400 -4.353592
v -5.084206 4.042689 -4.353592
v -5.554207 3.791689 -4.353592
v -0.117203 6.153688 -19.822796
v -0.650208 8.309689 -21.990196
v -0.117203 8.821188 -19.822796
v -0.650208 9.912786 -21.990196
v -0.210205 7.722488 -16.795597
v -0.555206 5.585689 -14.993095
v -0.210205 5.240788 -16.795597
v -0.555206 7.377689 -14.993096
v -0.210205 5.240788 -16.795597
v -0.117203 6.153688 -19.822796
v -0.210205 7.722488 -16.795597
v -0.117203 8.821188 -19.822796
v -0.555206 7.377689 -13.201097
v -0.555206 5.585689 -14.993095
v -0.555206 7.377689 -14.993096
v -0.555206 5.585689 -13.201096
v -0.210205 7.722488 -16.795597
v -0.117203 8.821188 -19.822796
v -2.692207 7.722488 -16.795597
v -2.785202 8.821188 -19.822796
v -0.555206 7.377689 -14.993096
v -0.210205 7.722488 -16.795597
v -2.347206 7.377689 -14.993096
v -2.692207 7.722488 -16.795597
v -0.117203 8.821188 -19.822796
v -2.253204 9.912786 -21.990196
v -2.785202 8.821188 -19.822796
v -0.650208 9.912786 -21.990196
v -0.555206 7.377689 -13.201097
v -0.555206 7.377689 -14.993096
v -2.347206 7.377689 -13.201097
v -2.347206 7.377689 -14.993096
v -2.347206 7.377689 -13.201097
v -0.555206 5.585689 -13.201096
v -0.555206 7.377689 -13.201097
v -2.347206 5.585689 -13.201096
v -2.785202 8.821188 -19.822796
v -2.253204 8.309689 -21.990196
v -2.785202 6.153688 -19.822796
v -2.253204 9.912786 -21.990196
v -2.692207 7.722488 -16.795597
v -2.347206 5.585689 -14.993095
v -2.347206 7.377689 -14.993096
v -2.692207 5.240788 -16.795597
v -2.692207 7.722488 -16.795597
v -2.785202 6.153688 -19.822796
v -2.692207 5.240788 -16.795597
v -2.785202 8.821188 -19.822796
v -2.347206 7.377689 -14.993096
v -2.347206 5.585689 -13.201096
v -2.347206 7.377689 -13.201097
v -2.347206 5.585689 -14.993095
v -0.117203 6.153688 -19.822796
v -2.785202 6.153688 -19.822796
v -2.253204 8.309689 -21.990196
v -0.650208 8.309689 -21.990196
v -2.692207 5.240788 -16.795597
v -0.210205 5.240788 -16.795597
v -0.555206 5.585689 -14.993095
v -2.347206 5.585689 -14.993095
v -0.117203 6.153688 -19.822796
v -2.692207 5.240788 -16.795597
v -2.785202 6.153688 -19.822796
v -0.210205 5.240788 -16.795597
v -2.347206 5.585689 -14.993095
v -0.555206 5.585689 -14.993095
v -0.555206 5.585689 -13.201096
v -2.347206 5.585689 -13.201096
v -0.650208 9.912786 -21.990196
v -2.253204 8.309689 -21.990196
v -2.253204 9.912786 -21.990196
v -0.650208 8.309689 -21.990196
v 4.596794 6.981690 1.389503
v 3.079796 6.981690 1.389503
v 3.835793 7.094990 1.544906
v 2.029793 11.195990 -0.256196
v 3.829796 11.280390 -0.138398
v 2.002792 11.121689 -0.270600
v 3.835793 11.144489 -0.121499
v 1.975792 11.031290 -0.276894
v 3.835793 9.887390 -0.287499
v 5.701797 11.031290 -0.276894
v 1.906792 9.774090 -0.442895
v 5.769791 9.774090 -0.442895
v 3.835793 8.630190 -0.453393
v 1.835793 8.516890 -0.608796
v 5.840797 8.516890 -0.608796
v 3.835793 11.315989 0.047004
v 2.111794 11.202789 -0.108399
v 5.565796 11.202789 -0.108399
v 3.822792 11.309290 -0.100793
v 2.029793 11.195990 -0.256196
v 5.619797 11.195990 -0.256196
v 3.829796 11.280390 -0.138398
v 5.662796 11.212688 -0.316995
v 4.596794 6.981690 1.389503
v 3.392792 6.694190 1.345603
v 3.079796 6.981690 1.389503
v 2.946793 6.961689 1.362106
v 4.284798 6.694190 1.345603
v 4.731796 6.961689 1.362106
v 2.549797 7.217989 1.379402
v 3.835793 7.307390 1.496307
v 5.177795 7.214990 1.379402
v 3.835793 7.991889 1.398506
v 2.336792 7.878690 1.243102
v 5.339798 7.878690 1.243102
v 3.835793 8.700890 1.255607
v 2.267792 8.587589 1.100303
v 5.409798 8.587589 1.100303
v 3.835793 9.362789 1.084800
v 2.228798 9.249489 0.929404
v 5.448792 9.249489 0.929404
v 3.835793 10.082088 0.850204
v 2.189796 9.968889 0.694801
v 5.487793 9.968889 0.694801
v 3.835793 10.680290 0.532706
v 2.150795 10.566990 0.377303
v 5.526794 10.566990 0.377303
v 3.835793 11.315989 0.047004
v 2.111794 11.202789 -0.108399
v 5.565796 11.202789 -0.108399
v 3.835793 7.307390 1.496307
v 4.596794 6.981690 1.389503
v 3.835793 7.094990 1.544906
v 3.079796 6.981690 1.389503
v 5.414795 7.385789 1.857704
v 5.414795 7.198690 1.358901
v 5.605797 8.046490 1.746307
v 5.605797 7.858690 1.215804
v 5.686798 8.720190 1.603606
v 5.686798 8.567591 1.072906
v 5.732796 9.413488 1.410606
v 5.732796 9.229490 0.902107
v 5.778793 10.164190 1.153800
v 5.778793 9.948889 0.667503
v 5.824791 10.793690 0.814101
v 5.824791 10.546989 0.349906
v 5.870796 11.512589 0.306205
v 5.870796 11.182789 -0.135796
v 5.950798 11.662489 -0.253793
v 5.936798 11.175989 -0.283593
v 5.986794 11.200689 -0.348496
v 5.968796 11.608490 -0.672799
v 6.030792 11.078489 -0.813798
v 6.030792 11.011290 -0.304299
v 6.110794 9.754089 -0.470193
v 6.110794 9.821390 -0.979798
v 6.194794 8.496990 -0.636193
v 6.194794 8.564190 -1.145699
v 3.835793 11.645790 0.489005
v 5.565796 11.532589 0.333602
v 5.870796 11.512589 0.306205
v 2.111794 11.532589 0.333602
v 3.835793 11.795689 -0.071000
v 5.633797 11.682489 -0.226396
v 5.950798 11.662489 -0.253793
v 1.807793 11.512589 0.306205
v 2.043793 11.682489 -0.226396
v 1.726791 11.662489 -0.253793
v 3.812798 11.688189 -0.462800
v 1.984795 11.529490 -0.594994
v 1.662796 11.501389 -0.618295
v 5.645798 11.620489 -0.641297
v 5.968796 11.608490 -0.672799
v 3.392792 6.549990 1.838905
v 5.662796 11.212688 -0.316995
v 5.986794 11.200689 -0.348496
v 6.030792 11.011290 -0.304299
v 5.701797 11.031290 -0.276894
v 3.829796 11.280390 -0.138398
v 3.835793 11.144489 -0.121499
v 5.769791 9.774090 -0.442796
v 6.110794 9.754089 -0.470193
v 5.840797 8.516890 -0.608796
v 6.194794 8.496990 -0.636193
v 3.835793 10.297489 1.336707
v 2.228798 9.433489 1.438003
v 3.835793 9.546690 1.593406
v 5.448792 9.433489 1.438003
v 2.189796 10.184189 1.181304
v 1.944794 9.413488 1.410606
v 1.898796 10.164190 1.153800
v 5.487793 10.184189 1.181304
v 5.732796 9.413488 1.410606
v 5.778793 10.164190 1.153800
v 3.835793 10.926989 0.996902
v 5.526794 10.813690 0.841506
v 5.824791 10.793690 0.814101
v 2.150795 10.813690 0.841506
v 3.835793 11.645790 0.489005
v 5.565796 11.532589 0.333602
v 5.870796 11.512589 0.306205
v 1.852791 10.793690 0.814101
v 2.111794 11.532589 0.333602
v 1.807793 11.512589 0.306205
v 2.029793 11.195990 -0.256196
v 1.726791 11.662489 -0.253793
v 1.713791 11.175989 -0.283593
v 2.002792 11.121689 -0.270600
v 1.680794 11.093689 -0.293893
v 1.975792 11.031290 -0.276894
v 1.646797 11.011290 -0.304299
v 1.906792 9.774090 -0.442796
v 1.566795 9.754089 -0.470193
v 1.835793 8.516890 -0.608796
v 1.483795 8.496990 -0.636193
v 3.838791 6.339190 1.799606
v 4.284798 6.549990 1.838905
v 3.838791 6.339190 1.799606
v 4.596794 6.837389 1.882804
v 4.731796 6.817390 1.855407
v 3.079796 6.837389 1.882804
v 5.177795 7.402090 1.885101
v 2.946793 6.817390 1.855407
v 5.414795 7.385789 1.857704
v 2.549797 7.405090 1.885101
v 2.323792 7.389289 1.857704
v 3.835793 6.950690 2.038208
v 3.835793 7.494490 2.040504
v 3.835793 8.179790 1.929206
v 2.336792 8.066490 1.773803
v 5.339798 8.066490 1.773803
v 5.605797 8.046490 1.746307
v 3.835793 8.853390 1.786407
v 5.409798 8.740191 1.631004
v 5.686798 8.720190 1.603606
v 2.072792 8.046490 1.746307
v 2.267792 8.740191 1.631004
v 1.990791 8.720190 1.603606
v 1.944794 9.229490 0.902107
v 1.944794 9.413488 1.410606
v 1.898796 10.164190 1.153800
v 1.898796 9.948889 0.667503
v 1.852791 10.793690 0.814101
v 1.852791 10.546989 0.349906
v 1.807793 11.512589 0.306205
v 1.807793 11.182789 -0.135796
v 1.726791 11.662489 -0.253793
v 1.713791 11.175989 -0.283593
v 1.680794 11.093689 -0.293893
v 1.662796 11.501389 -0.618295
v 1.646797 11.011290 -0.304299
v 1.646797 11.078489 -0.813798
v 1.566795 9.821390 -0.979798
v 1.483795 8.564190 -1.145699
v 1.566795 9.754089 -0.470193
v 1.483795 8.496990 -0.636193
v 2.323792 7.389289 1.857704
v 2.323792 7.202190 1.358901
v 2.072792 8.046490 1.746307
v 2.072792 7.858690 1.215804
v 1.990791 8.720190 1.603606
v 1.990791 8.567591 1.072906
v 3.079796 6.837389 1.882804
v 4.596794 6.837389 1.882804
v 3.835793 6.950690 2.038208
v 4.284798 6.694190 1.345703
v 3.838791 6.339190 1.799606
v 3.838791 6.483490 1.306304
v 4.284798 6.549990 1.838905
v 4.731796 6.961689 1.362106
v 4.731796 6.817390 1.855407
v 5.414795 7.385789 1.857704
v 3.392792 6.549990 1.838905
v 5.414795 7.198690 1.358901
v 5.565796 11.202690 -0.108399
v 5.870796 11.182789 -0.135796
v 5.619797 11.195990 -0.256196
v 5.936798 11.175989 -0.283593
v 5.662796 11.212688 -0.316995
v 5.986794 11.200689 -0.348496
v 2.111794 11.202690 -0.108399
v 1.807793 11.182789 -0.135796
v 2.029793 11.195990 -0.256196
v 1.713791 11.175989 -0.283593
v 1.483795 8.564190 -1.145699
v 1.483795 8.496990 -0.636193
v 1.835793 8.584190 -1.118294
v 1.835793 8.516890 -0.608796
v 3.835793 8.697491 -0.962899
v 3.835793 8.630190 -0.453393
v 5.840797 8.516890 -0.608796
v 5.840797 8.584190 -1.118294
v 6.194794 8.496990 -0.636193
v 6.194794 8.564190 -1.145699
v 3.838791 6.483490 1.306304
v 3.838791 6.339190 1.799606
v 3.392792 6.694190 1.345703
v 3.838791 6.339190 1.799606
v 3.838791 6.483490 1.306304
v 2.946793 6.961689 1.362106
v 2.946793 6.817390 1.855407
v 2.323792 7.389289 1.857704
v 2.323792 7.202190 1.358901
v 4.731796 6.961689 1.362106
v 5.177795 7.214990 1.379501
v 4.596794 6.981690 1.389503
v 5.414795 7.198690 1.358901
v 5.339798 7.878690 1.243202
v 5.605797 7.858690 1.215804
v 5.409798 8.587589 1.100303
v 5.686798 8.567591 1.072906
v 5.448792 9.249489 0.929504
v 5.732796 9.229490 0.902107
v 5.487793 9.968889 0.694907
v 5.778793 9.948889 0.667503
v 5.526794 10.566990 0.377303
v 5.824791 10.546989 0.349906
v 5.565796 11.202690 -0.108399
v 5.870796 11.182789 -0.135796
v 2.189796 9.968889 0.694907
v 2.228798 9.249489 0.929504
v 1.944794 9.229490 0.902107
v 1.898796 9.948889 0.667503
v 2.150795 10.566990 0.377303
v 1.852791 10.546989 0.349906
v 2.111794 11.202690 -0.108399
v 1.807793 11.182789 -0.135796
v 3.812798 11.688189 -0.462800
v 1.984795 11.529490 -0.594994
v 1.662796 11.501389 -0.618295
v 5.645798 11.620489 -0.641297
v 5.968796 11.608490 -0.672799
v 3.835793 11.211790 -0.630998
v 5.701797 11.098490 -0.786393
v 6.030792 11.078489 -0.813798
v 1.975792 11.098490 -0.786393
v 3.835793 9.954590 -0.796899
v 5.769791 9.841389 -0.952294
v 6.110794 9.821390 -0.979798
v 5.840797 8.584190 -1.118294
v 6.194794 8.564190 -1.145699
v 3.835793 8.697491 -0.962899
v 1.906792 9.841389 -0.952294
v 1.835793 8.584190 -1.118294
v 1.646797 11.078489 -0.813798
v 1.566795 9.821390 -0.979798
v 1.483795 8.564190 -1.145699
v 2.946793 6.961689 1.362106
v 2.549797 7.217890 1.379501
v 3.079796 6.981690 1.389503
v 2.323792 7.202190 1.358901
v 2.336792 7.878690 1.243202
v 2.072792 7.858690 1.215804
v 2.267792 8.587589 1.100303
v 1.990791 8.567591 1.072906
v 3.838791 6.483490 1.306304
v 4.284798 6.694190 1.345703
v 3.838791 6.483490 1.306304
v 3.392792 6.694190 1.345703
v 2.549797 7.217890 1.379501
v 2.946793 6.961689 1.362106
v 2.323792 7.202190 1.358901
v 4.731796 6.961689 1.362106
v 5.177795 7.214990 1.379501
v 5.414795 7.198690 1.358901
v -3.197205 6.981690 1.389503
v -4.714203 6.981690 1.389503
v -3.958206 7.094990 1.544906
v -5.764206 11.195990 -0.256196
v -3.964203 11.280390 -0.138398
v -5.791206 11.121689 -0.270600
v -3.958206 11.144489 -0.121499
v -5.819206 11.031290 -0.276894
v -3.958206 9.887390 -0.287499
v -2.092209 11.031290 -0.276894
v -5.887207 9.774090 -0.442895
v -2.024208 9.774090 -0.442895
v -3.958206 8.630190 -0.453393
v -5.958206 8.516890 -0.608796
v -1.953209 8.516890 -0.608796
v -3.958206 11.315989 0.047004
v -5.682205 11.202789 -0.108399
v -2.229202 11.202789 -0.108399
v -3.972206 11.309290 -0.100793
v -5.764206 11.195990 -0.256196
v -2.174202 11.195990 -0.256196
v -3.964203 11.280390 -0.138398
v -2.131203 11.212688 -0.316995
v -3.197205 6.981690 1.389503
v -4.401207 6.694190 1.345603
v -4.714203 6.981690 1.389503
v -4.847206 6.961689 1.362106
v -3.509209 6.694190 1.345603
v -3.063202 6.961689 1.362106
v -5.244209 7.217989 1.379402
v -3.958206 7.307390 1.496307
v -2.616203 7.214990 1.379402
v -3.958206 7.991889 1.398506
v -5.457207 7.878690 1.243102
v -2.454208 7.878690 1.243102
v -3.958206 8.700890 1.255607
v -5.526207 8.587589 1.100303
v -2.385208 8.587589 1.100303
v -3.958206 9.362789 1.084800
v -5.565208 9.249489 0.929404
v -2.346207 9.249489 0.929404
v -3.958206 10.082088 0.850204
v -5.604202 9.968889 0.694801
v -2.307205 9.968889 0.694801
v -3.958206 10.680290 0.532706
v -5.643204 10.566990 0.377303
v -2.268204 10.566990 0.377303
v -3.958206 11.315989 0.047004
v -5.682205 11.202789 -0.108399
v -2.229202 11.202789 -0.108399
v -3.958206 7.307390 1.496307
v -3.197205 6.981690 1.389503
v -3.958206 7.094990 1.544906
v -4.714203 6.981690 1.389503
v -2.380203 7.385789 1.857704
v -2.380203 7.198690 1.358802
v -2.188202 8.046490 1.746307
v -2.188202 7.858690 1.215705
v -2.107208 8.720190 1.603606
v -2.107208 8.567591 1.072906
v -2.061203 9.413488 1.410606
v -2.061203 9.229490 0.902007
v -2.015205 10.164190 1.153800
v -2.015205 9.948889 0.667403
v -1.969208 10.793690 0.814101
v -1.969208 10.546989 0.349906
v -1.923203 11.512589 0.306205
v -1.923203 11.182789 -0.135796
v -1.843208 11.662489 -0.253793
v -1.857208 11.175989 -0.283593
v -1.808205 11.200689 -0.348496
v -1.825203 11.608490 -0.672898
v -1.763206 11.078489 -0.813798
v -1.763206 11.011290 -0.304299
v -1.683205 9.754089 -0.470300
v -1.683205 9.821390 -0.979798
v -1.599205 8.496990 -0.636193
v -1.599205 8.564190 -1.145699
v -3.958206 11.645790 0.489005
v -2.229202 11.532589 0.333602
v -1.923203 11.512589 0.306205
v -5.682205 11.532589 0.333602
v -3.958206 11.795689 -0.071000
v -2.160202 11.682489 -0.226396
v -1.843208 11.662489 -0.253793
v -5.987206 11.512589 0.306205
v -5.750206 11.682489 -0.226396
v -6.067207 11.662489 -0.253793
v -3.981209 11.688189 -0.462800
v -5.809204 11.529490 -0.594994
v -6.131203 11.501389 -0.618295
v -2.149208 11.620489 -0.641396
v -1.825203 11.608490 -0.672898
v -4.401207 6.549990 1.838905
v -2.131203 11.212688 -0.316995
v -1.808205 11.200689 -0.348496
v -1.763206 11.011290 -0.304299
v -2.092209 11.031290 -0.276894
v -3.964203 11.280390 -0.138398
v -3.958206 11.144489 -0.121499
v -2.024208 9.774090 -0.442895
v -1.683205 9.754089 -0.470300
v -1.953209 8.516890 -0.608796
v -1.599205 8.496990 -0.636193
v -3.958206 10.297489 1.336600
v -5.565208 9.433489 1.438003
v -3.958206 9.546690 1.593406
v -2.346207 9.433489 1.438003
v -5.604202 10.184189 1.181205
v -5.849205 9.413488 1.410606
v -5.895203 10.164190 1.153800
v -2.307205 10.184189 1.181205
v -2.061203 9.413488 1.410606
v -2.015205 10.164190 1.153800
v -3.958206 10.926989 0.996902
v -2.268204 10.813690 0.841506
v -1.969208 10.793690 0.814101
v -5.643204 10.813690 0.841506
v -3.958206 11.645790 0.489005
v -2.229202 11.532589 0.333602
v -1.923203 11.512589 0.306205
v -5.941208 10.793690 0.814101
v -5.682205 11.532589 0.333602
v -5.987206 11.512589 0.306205
v -5.764206 11.195990 -0.256196
v -6.067207 11.662489 -0.253793
v -6.080208 11.175989 -0.283593
v -5.791206 11.121689 -0.270600
v -6.114204 11.093689 -0.294000
v -5.819206 11.031290 -0.276894
v -6.147209 11.011290 -0.304299
v -5.887207 9.774090 -0.442895
v -6.227203 9.754089 -0.470300
v -5.958206 8.516890 -0.608796
v -6.311203 8.496990 -0.636193
v -3.955208 6.339190 1.799507
v -3.509209 6.549990 1.838905
v -3.955208 6.339190 1.799507
v -3.197205 6.837389 1.882804
v -3.063202 6.817390 1.855300
v -4.714203 6.837389 1.882804
v -2.616203 7.402090 1.885101
v -4.847206 6.817390 1.855300
v -2.380203 7.385789 1.857704
v -5.244209 7.405090 1.885101
v -5.471207 7.389289 1.857704
v -3.958206 6.950690 2.038208
v -3.958206 7.494490 2.040504
v -3.958206 8.179790 1.929107
v -5.457207 8.066490 1.773704
v -2.454208 8.066490 1.773704
v -2.188202 8.046490 1.746307
v -3.958206 8.853390 1.786407
v -2.385208 8.740191 1.631004
v -2.107208 8.720190 1.603606
v -5.722206 8.046490 1.746307
v -5.526207 8.740191 1.631004
v -5.803207 8.720190 1.603606
v -5.849205 9.229490 0.902007
v -5.849205 9.413488 1.410606
v -5.895203 10.164190 1.153800
v -5.895203 9.948889 0.667403
v -5.941208 10.793690 0.814101
v -5.941208 10.546989 0.349906
v -5.987206 11.512589 0.306205
v -5.987206 11.182789 -0.135796
v -6.067207 11.662489 -0.253793
v -6.080208 11.175989 -0.283593
v -6.114204 11.093689 -0.294000
v -6.131203 11.501389 -0.618295
v -6.147209 11.011290 -0.304299
v -6.147209 11.078489 -0.813798
v -6.227203 9.821390 -0.979798
v -6.311203 8.564190 -1.145699
v -6.227203 9.754089 -0.470300
v -6.311203 8.496990 -0.636193
v -5.471207 7.389289 1.857704
v -5.471207 7.202190 1.358802
v -5.722206 8.046490 1.746307
v -5.722206 7.858690 1.215705
v -5.803207 8.720190 1.603606
v -5.803207 8.567591 1.072906
v -4.714203 6.837389 1.882804
v -3.197205 6.837389 1.882804
v -3.958206 6.950690 2.038208
v -3.509209 6.694190 1.345603
v -3.955208 6.339190 1.799507
v -3.955208 6.483490 1.306304
v -3.509209 6.549990 1.838905
v -3.063202 6.961689 1.362106
v -3.063202 6.817390 1.855300
v -2.380203 7.385789 1.857704
v -4.401207 6.549990 1.838905
v -2.380203 7.198690 1.358802
v -2.229202 11.202690 -0.108399
v -1.923203 11.182789 -0.135796
v -2.174202 11.195990 -0.256196
v -1.857208 11.175989 -0.283593
v -2.131203 11.212688 -0.316995
v -1.808205 11.200689 -0.348496
v -5.682205 11.202690 -0.108399
v -5.987206 11.182789 -0.135796
v -5.764206 11.195990 -0.256196
v -6.080208 11.175989 -0.283593
v -6.311203 8.564190 -1.145699
v -6.311203 8.496990 -0.636193
v -5.958206 8.584190 -1.118294
v -5.958206 8.516890 -0.608796
v -3.958206 8.697491 -0.962899
v -3.958206 8.630190 -0.453393
v -1.953209 8.516890 -0.608796
v -1.953209 8.584190 -1.118294
v -1.599205 8.496990 -0.636193
v -1.599205 8.564190 -1.145699
v -3.955208 6.483490 1.306304
v -3.955208 6.339190 1.799507
v -4.401207 6.694190 1.345603
v -3.955208 6.339190 1.799507
v -3.955208 6.483490 1.306304
v -4.847206 6.961689 1.362106
v -4.847206 6.817390 1.855300
v -5.471207 7.389289 1.857704
v -5.471207 7.202190 1.358802
v -3.063202 6.961689 1.362106
v -2.616203 7.214990 1.379501
v -3.197205 6.981690 1.389503
v -2.380203 7.198690 1.358802
v -2.454208 7.878690 1.243202
v -2.188202 7.858690 1.215705
v -2.385208 8.587589 1.100303
v -2.107208 8.567591 1.072906
v -2.346207 9.249489 0.929504
v -2.061203 9.229490 0.902007
v -2.307205 9.968889 0.694907
v -2.015205 9.948889 0.667403
v -2.268204 10.566990 0.377303
v -1.969208 10.546989 0.349906
v -2.229202 11.202690 -0.108399
v -1.923203 11.182789 -0.135796
v -5.604202 9.968889 0.694907
v -5.565208 9.249489 0.929504
v -5.849205 9.229490 0.902007
v -5.895203 9.948889 0.667403
v -5.643204 10.566990 0.377303
v -5.941208 10.546989 0.349906
v -5.682205 11.202690 -0.108399
v -5.987206 11.182789 -0.135796
v -3.981209 11.688189 -0.462800
v -5.809204 11.529490 -0.594994
v -6.131203 11.501389 -0.618295
v -2.149208 11.620489 -0.641396
v -1.825203 11.608490 -0.672898
v -3.958206 11.211790 -0.630998
v -2.092209 11.098490 -0.786393
v -1.763206 11.078489 -0.813798
v -5.819206 11.098490 -0.786393
v -3.958206 9.954590 -0.796998
v -2.024208 9.841389 -0.952393
v -1.683205 9.821390 -0.979798
v -1.953209 8.584190 -1.118294
v -1.599205 8.564190 -1.145699
v -3.958206 8.697491 -0.962899
v -5.887207 9.841389 -0.952393
v -5.958206 8.584190 -1.118294
v -6.147209 11.078489 -0.813798
v -6.227203 9.821390 -0.979798
v -6.311203 8.564190 -1.145699
v -4.847206 6.961689 1.362106
v -5.244209 7.217890 1.379501
v -4.714203 6.981690 1.389503
v -5.471207 7.202190 1.358802
v -5.457207 7.878690 1.243202
v -5.722206 7.858690 1.215705
v -5.526207 8.587589 1.100303
v -5.803207 8.567591 1.072906
v -3.955208 6.483490 1.306304
v -3.509209 6.694190 1.345603
v -3.955208 6.483490 1.306304
v -4.401207 6.694190 1.345603
v -5.244209 7.217890 1.379501
v -4.847206 6.961689 1.362106
v -5.471207 7.202190 1.358802
v -3.063202 6.961689 1.362106
v -2.616203 7.214990 1.379501
v -2.380203 7.198690 1.358802
v 2.404793 -3.393250 1.119103
v 2.439796 -3.184090 0.516701
v 2.439796 -3.184090 1.113404
v 2.404793 -3.393250 0.458008
v 2.439796 -3.184090 1.113404
v 2.439796 -3.184090 0.516701
v 2.410797 -2.995990 1.057305
v 2.410797 -2.995990 0.572808
v 2.037796 -1.572150 1.057305
v 2.369797 -2.825230 0.572808
v 2.037796 -1.572150 0.572807
v 2.369797 -2.825230 1.057305
v 2.369797 -2.825230 1.057305
v 2.410797 -2.995990 0.572808
v 2.369797 -2.825230 0.572808
v 2.410797 -2.995990 1.057305
v 2.404793 -3.393250 0.458008
v 2.203796 -3.595790 1.117104
v 2.203796 -3.595790 0.441704
v 2.404793 -3.393250 1.119103
v 0.595795 -2.249080 1.057305
v 0.595795 -2.249080 0.572807
v 0.412796 -2.288530 1.057305
v 0.412796 -2.288530 0.572807
v 0.955795 -2.194830 0.572807
v 0.767792 -2.244380 1.057305
v 0.955795 -2.194830 1.057305
v 0.767792 -2.244380 0.572807
v 1.305794 -2.142990 1.057305
v 1.127792 -2.177070 0.572807
v 1.127792 -2.177070 1.057305
v 1.316795 -2.173570 0.572807
v 1.127792 -2.177070 1.057305
v 1.127792 -2.177070 0.572807
v 0.955795 -2.194830 1.057305
v 0.955795 -2.194830 0.572807
v 1.496796 -2.068480 1.057305
v 1.316795 -2.173570 0.572807
v 1.305794 -2.142990 1.057305
v 1.496796 -2.068480 0.572807
v 0.767792 -2.244380 1.057305
v 0.595795 -2.249080 0.572807
v 0.595795 -2.249080 1.057305
v 0.767792 -2.244380 0.572807
v 1.676796 -1.963390 1.057305
v 1.676796 -1.963390 0.572807
v 1.496796 -2.068480 1.057305
v 1.496796 -2.068480 0.572807
v 0.412796 -2.288530 1.057305
v 0.232796 -2.295370 0.572807
v 0.232796 -2.295370 1.057305
v 0.412796 -2.288530 0.572807
v 2.299797 -3.012300 1.085404
v 2.439796 -3.184090 1.113404
v 2.410797 -2.995990 1.057305
v 2.369797 -2.825230 1.057305
v 0.663795 -3.738070 1.113404
v 0.690796 -3.573110 1.085404
v 0.595795 -3.567870 1.057305
v 0.566795 -3.499580 1.057305
v 0.854797 -3.637750 1.114708
v 1.091797 -3.942480 1.102906
v 1.085793 -3.647120 1.122902
v 0.810791 -3.890500 1.086502
v 0.412796 -2.288530 1.057305
v 0.566795 -3.499580 1.057305
v 0.690796 -3.573110 1.085404
v 0.232796 -2.295370 1.057305
v 0.595795 -2.249080 1.057305
v 0.690796 -3.573110 1.085404
v 0.854797 -3.637750 1.114708
v 0.412796 -2.288530 1.057305
v 1.856796 -1.767770 1.057305
v 2.369797 -2.825230 1.057305
v 2.037796 -1.572150 1.057305
v 2.299797 -3.012300 1.085404
v 1.676796 -1.963390 1.057305
v 2.192795 -3.214690 1.114708
v 2.299797 -3.012300 1.085404
v 1.856796 -1.767770 1.057305
v 2.203796 -3.595790 1.117104
v 2.192795 -3.214690 1.114708
v 2.001793 -3.368500 1.122902
v 2.404793 -3.393250 1.119103
v 0.854797 -3.637750 1.114708
v 0.663795 -3.738070 1.113404
v 0.810791 -3.890500 1.086502
v 0.690796 -3.573110 1.085404
v 0.767792 -2.244380 1.057305
v 0.854797 -3.637750 1.114708
v 1.085793 -3.647120 1.122902
v 0.595795 -2.249080 1.057305
v 1.496796 -2.068480 1.057305
v 2.001793 -3.368500 1.122902
v 2.192795 -3.214690 1.114708
v 1.676796 -1.963390 1.057305
v 2.192795 -3.214690 1.114708
v 2.404793 -3.393250 1.119103
v 2.439796 -3.184090 1.113404
v 2.299797 -3.012300 1.085404
v 1.852791 -3.792950 1.057305
v 2.001793 -3.368500 1.122902
v 1.735794 -3.519630 1.057305
v 2.203796 -3.595790 1.117104
v 1.127792 -2.177070 1.057305
v 1.375793 -3.611970 1.057305
v 1.557793 -3.571500 1.057305
v 0.955795 -2.194830 1.057305
v 1.305794 -2.142990 1.057305
v 1.557793 -3.571500 1.057305
v 1.735794 -3.519630 1.057305
v 1.127792 -2.177070 1.057305
v 1.735794 -3.519630 1.057305
v 1.676796 -3.860570 1.057305
v 1.852791 -3.792950 1.057305
v 1.557793 -3.571500 1.057305
v 1.557793 -3.571500 1.057305
v 1.492798 -3.905410 1.057305
v 1.676796 -3.860570 1.057305
v 1.375793 -3.611970 1.057305
v 1.375793 -3.611970 1.057305
v 1.091797 -3.942480 1.102906
v 1.492798 -3.905410 1.057305
v 1.085793 -3.647120 1.122902
v 2.001793 -3.368500 1.122902
v 1.305794 -2.142990 1.057305
v 1.735794 -3.519630 1.057305
v 1.496796 -2.068480 1.057305
v 0.955795 -2.194830 1.057305
v 1.085793 -3.647120 1.122902
v 1.375793 -3.611970 1.057305
v 0.767792 -2.244380 1.057305
v 0.663795 -3.738070 1.113404
v 0.663795 -3.738070 0.516701
v 0.810791 -3.890500 1.086502
v 0.810791 -3.890500 0.458008
v 0.566795 -3.499580 1.057305
v 0.595795 -3.567870 0.572808
v 0.595795 -3.567870 1.057305
v 0.566795 -3.499580 0.572808
v 0.595795 -3.567870 1.057305
v 0.663795 -3.738070 0.516701
v 0.663795 -3.738070 1.113404
v 0.595795 -3.567870 0.572808
v 0.232796 -2.295370 0.572807
v 0.566795 -3.499580 1.057305
v 0.232796 -2.295370 1.057305
v 0.566795 -3.499580 0.572808
v 2.037796 -1.572150 1.057305
v 2.037796 -1.572150 0.572807
v 1.856796 -1.767770 1.057305
v 1.856796 -1.767770 0.572807
v 1.676796 -1.963390 1.057305
v 1.676796 -1.963390 0.572807
v 1.091797 -3.942480 0.441704
v 0.810791 -3.890500 1.086502
v 0.810791 -3.890500 0.458008
v 1.091797 -3.942480 1.102906
v 2.203796 -3.595790 0.441704
v 2.203796 -3.595790 1.117104
v 1.852791 -3.792950 0.572808
v 1.852791 -3.792950 1.057305
v 1.091797 -3.942480 1.102906
v 1.492798 -3.905410 0.572808
v 1.492798 -3.905410 1.057305
v 1.091797 -3.942480 0.441704
v 1.676796 -3.860570 0.572808
v 1.676796 -3.860570 1.057305
v 1.492798 -3.905410 0.572808
v 1.492798 -3.905410 1.057305
v 1.852791 -3.792950 0.572808
v 1.852791 -3.792950 1.057305
v 1.676796 -3.860570 0.572808
v 1.676796 -3.860570 1.057305
v 2.410797 -2.995990 0.572808
v 2.439796 -3.184090 0.516701
v 2.299797 -3.012300 0.544808
v 2.369797 -2.825230 0.572808
v 0.663795 -3.738070 0.516701
v 0.595795 -3.567870 0.572808
v 0.690796 -3.573110 0.544808
v 0.566795 -3.499580 0.572808
v 0.412796 -2.288530 0.572807
v 0.566795 -3.499580 0.572808
v 0.232796 -2.295370 0.572807
v 0.690796 -3.573110 0.544808
v 0.595795 -2.249080 0.572807
v 0.854797 -3.637750 0.515404
v 0.690796 -3.573110 0.544808
v 0.412796 -2.288530 0.572807
v 1.856796 -1.767770 0.572807
v 2.369797 -2.825230 0.572808
v 2.299797 -3.012300 0.544808
v 2.037796 -1.572150 0.572807
v 1.676796 -1.963390 0.572807
v 2.299797 -3.012300 0.544808
v 2.192795 -3.214690 0.515404
v 1.856796 -1.767770 0.572807
v 0.854797 -3.637750 0.515404
v 0.767792 -2.244380 0.572807
v 1.085793 -3.647120 0.507302
v 0.595795 -2.249080 0.572807
v 1.496796 -2.068480 0.572807
v 2.192795 -3.214690 0.515404
v 2.001793 -3.368500 0.507302
v 1.676796 -1.963390 0.572807
v 2.192795 -3.214690 0.515404
v 2.439796 -3.184090 0.516701
v 2.404793 -3.393250 0.458008
v 2.299797 -3.012300 0.544808
v 1.316795 -2.173570 0.572807
v 1.557793 -3.571500 0.572808
v 1.127792 -2.177070 0.572807
v 1.735794 -3.519630 0.572808
v 1.127792 -2.177070 0.572807
v 1.375793 -3.611970 0.572808
v 0.955795 -2.194830 0.572807
v 1.557793 -3.571500 0.572808
v 1.557793 -3.571500 0.572808
v 1.492798 -3.905410 0.572808
v 1.375793 -3.611970 0.572808
v 1.676796 -3.860570 0.572808
v 1.735794 -3.519630 0.572808
v 1.676796 -3.860570 0.572808
v 1.557793 -3.571500 0.572808
v 1.852791 -3.792950 0.572808
v 0.810791 -3.890500 0.458008
v 0.663795 -3.738070 0.516701
v 0.854797 -3.637750 0.515404
v 0.690796 -3.573110 0.544808
v 1.316795 -2.173570 0.572807
v 2.001793 -3.368500 0.507302
v 1.735794 -3.519630 0.572808
v 1.496796 -2.068480 0.572807
v 1.085793 -3.647120 0.507302
v 0.955795 -2.194830 0.572807
v 1.375793 -3.611970 0.572808
v 0.767792 -2.244380 0.572807
v 2.001793 -3.368500 0.507302
v 2.192795 -3.214690 0.515404
v 2.203796 -3.595790 0.441704
v 2.404793 -3.393250 0.458008
v 1.091797 -3.942480 0.441704
v 0.854797 -3.637750 0.515404
v 1.085793 -3.647120 0.507302
v 0.810791 -3.890500 0.458008
v 2.001793 -3.368500 0.507302
v 1.852791 -3.792950 0.572808
v 1.735794 -3.519630 0.572808
v 2.203796 -3.595790 0.441704
v 1.492798 -3.905410 0.572808
v 1.085793 -3.647120 0.507302
v 1.375793 -3.611970 0.572808
v 1.091797 -3.942480 0.441704
v 2.161797 -1.531780 1.018402
v 1.954796 -1.777520 1.057503
v 1.961792 -1.784970 1.018402
v 2.152794 -1.525320 1.057503
v 2.161797 -1.531780 1.018402
v 1.954796 -1.777520 0.979401
v 2.152794 -1.525320 0.979401
v 1.961792 -1.784970 1.018402
v -0.046204 -2.319350 0.979401
v 0.003792 -2.222300 0.979401
v 0.012794 -2.225970 1.018402
v -0.041206 -2.328050 1.018402
v 0.012794 -2.225970 1.018402
v -0.046204 -2.319350 1.057503
v -0.041206 -2.328050 1.018402
v 0.003792 -2.222300 1.057503
v 0.003792 -2.222300 0.979401
v -0.046204 -2.319350 0.979401
v -0.062202 -2.295560 0.950806
v 0.003792 -2.222300 1.057503
v -0.062202 -2.295560 1.086105
v -0.046204 -2.319350 1.057503
v 0.001793 -2.206780 1.057503
v 0.007797 -2.198070 1.018402
v 0.006798 -2.186450 1.057503
v 0.016792 -2.184580 1.018402
v 0.007797 -2.198070 1.018402
v 0.006798 -2.186450 0.979401
v 0.016792 -2.184580 1.018402
v 0.001793 -2.206780 0.979401
v 0.006798 -2.186450 1.057503
v -0.021202 -1.489110 1.086105
v -0.021202 -2.191550 1.086105
v -0.021202 -1.489110 0.950806
v 0.006798 -2.186450 0.979401
v -0.021202 -2.191550 0.950806
v 0.007797 -1.489110 0.979401
v 0.016792 -2.184580 1.018402
v 0.017792 -1.489110 1.018402
v 0.007797 -1.489110 1.057503
v 0.006798 -2.186450 1.057503
v 0.007797 -1.489110 0.979401
v 0.016792 -2.184580 1.018402
v 0.006798 -2.186450 0.979401
v 0.017792 -1.489110 1.018402
v -0.014206 -2.230570 1.086105
v 0.001793 -2.206780 1.057503
v -0.021202 -2.191550 1.086105
v 0.006798 -2.186450 1.057503
v -0.021202 -2.191550 0.950806
v 0.001793 -2.206780 0.979401
v -0.014206 -2.230570 0.950806
v 0.006798 -2.186450 0.979401
v -2.166206 -1.441850 1.057503
v -1.972206 -1.673740 1.018402
v -2.158203 -1.435400 1.018402
v -1.980209 -1.681190 1.057503
v -2.166206 -1.441850 0.979401
v -1.972206 -1.673740 1.018402
v -1.980209 -1.681190 0.979401
v -2.158203 -1.435400 1.018402
v -0.564209 -2.207310 1.086105
v -0.106209 -2.230570 1.086105
v -0.121208 -2.206780 1.057503
v -0.121208 -2.206780 0.979401
v -0.564209 -2.207310 0.950806
v -0.106209 -2.230570 0.950806
v 0.443794 -2.207310 1.086105
v 0.001793 -2.206780 1.057503
v -0.014206 -2.230570 1.086105
v 0.001793 -2.206780 0.979401
v 0.443794 -2.207310 0.950806
v -0.014206 -2.230570 0.950806
v -0.561203 -2.178850 1.057503
v -0.121208 -2.206780 1.057503
v -0.127205 -2.198070 1.018402
v -0.560204 -2.168440 1.018402
v -0.127205 -2.198070 1.018402
v -0.561203 -2.178850 0.979401
v -0.560204 -2.168440 1.018402
v -0.121208 -2.206780 0.979401
v 0.440796 -2.178850 1.057503
v 0.007797 -2.198070 1.018402
v 0.001793 -2.206780 1.057503
v 0.439796 -2.168440 1.018402
v 0.007797 -2.198070 1.018402
v 0.439796 -2.168440 1.018402
v 0.440796 -2.178850 0.979401
v 0.001793 -2.206780 0.979401
v -0.561203 -2.178850 1.057503
v -0.985207 -2.098690 1.018402
v -0.988205 -2.108950 1.057503
v -0.560204 -2.168440 1.018402
v -0.985207 -2.098690 1.018402
v -0.560204 -2.168440 1.018402
v -0.561203 -2.178850 0.979401
v -0.988205 -2.108950 0.979401
v 0.440796 -2.178850 1.057503
v 0.867798 -2.108950 1.057503
v 0.865791 -2.098690 1.018402
v 0.439796 -2.168440 1.018402
v 0.865791 -2.098690 1.018402
v 0.440796 -2.178850 0.979401
v 0.439796 -2.168440 1.018402
v 0.867798 -2.108950 0.979401
v -0.988205 -2.108950 1.057503
v -1.409203 -1.997310 1.018402
v -1.413208 -2.007240 1.057503
v -0.985207 -2.098690 1.018402
v -1.409203 -1.997310 1.018402
v -0.985207 -2.098690 1.018402
v -0.988205 -2.108950 0.979401
v -1.413208 -2.007240 0.979401
v 0.867798 -2.108950 1.057503
v 1.292793 -2.007240 1.057503
v 1.289795 -1.997310 1.018402
v 0.865791 -2.098690 1.018402
v 1.289795 -1.997310 1.018402
v 0.867798 -2.108950 0.979401
v 0.865791 -2.098690 1.018402
v 1.292793 -2.007240 0.979401
v -1.413208 -2.007240 1.057503
v -1.732208 -1.857080 1.018402
v -1.737206 -1.866110 1.057503
v -1.409203 -1.997310 1.018402
v -1.732208 -1.857080 1.018402
v -1.409203 -1.997310 1.018402
v -1.413208 -2.007240 0.979401
v -1.737206 -1.866110 0.979401
v 1.292793 -2.007240 1.057503
v 1.616791 -1.866110 1.057503
v 1.611794 -1.857080 1.018402
v 1.289795 -1.997310 1.018402
v 1.611794 -1.857080 1.018402
v 1.292793 -2.007240 0.979401
v 1.289795 -1.997310 1.018402
v 1.616791 -1.866110 0.979401
v -1.737206 -1.866110 1.057503
v -1.972206 -1.673740 1.018402
v -1.980209 -1.681190 1.057503
v -1.732208 -1.857080 1.018402
v -1.972206 -1.673740 1.018402
v -1.732208 -1.857080 1.018402
v -1.737206 -1.866110 0.979401
v -1.980209 -1.681190 0.979401
v 1.616791 -1.866110 1.057503
v 1.859795 -1.681190 1.057503
v 1.852791 -1.673740 1.018402
v 1.611794 -1.857080 1.018402
v 1.852791 -1.673740 1.018402
v 1.616791 -1.866110 0.979401
v 1.611794 -1.857080 1.018402
v 1.859795 -1.681190 0.979401
v -2.273209 -1.525320 1.057503
v -2.075203 -1.777520 1.057503
v -2.055206 -1.757160 1.086105
v -2.250206 -1.507680 1.086105
v 1.934792 -1.757160 1.086105
v 2.152794 -1.525320 1.057503
v 2.130791 -1.507680 1.086105
v 1.954796 -1.777520 1.057503
v -1.805206 -1.982790 1.057503
v -2.055206 -1.757160 1.086105
v -2.075203 -1.777520 1.057503
v -1.791206 -1.958130 1.086105
v 1.934792 -1.757160 1.086105
v 1.670792 -1.958130 1.086105
v 1.685791 -1.982790 1.057503
v 1.954796 -1.777520 1.057503
v -1.456207 -2.135560 1.057503
v -1.791206 -1.958130 1.086105
v -1.805206 -1.982790 1.057503
v -1.447205 -2.108450 1.086105
v 1.670792 -1.958130 1.086105
v 1.326797 -2.108450 1.086105
v 1.335793 -2.135560 1.057503
v 1.685791 -1.982790 1.057503
v -2.250206 -1.507680 1.086105
v -2.055206 -1.757160 1.086105
v -2.027206 -1.729350 1.096604
v -2.220207 -1.483590 1.096604
v 1.907791 -1.729350 1.096604
v 2.130791 -1.507680 1.086105
v 2.099792 -1.483590 1.096604
v 1.934792 -1.757160 1.086105
v -1.014206 -2.241620 1.057503
v -1.447205 -2.108450 1.086105
v -1.456207 -2.135560 1.057503
v -1.009209 -2.213580 1.086105
v 1.326797 -2.108450 1.086105
v 0.888794 -2.213580 1.086105
v 0.894791 -2.241620 1.057503
v 1.335793 -2.135560 1.057503
v -1.791206 -1.958130 1.086105
v -2.027206 -1.729350 1.096604
v -2.055206 -1.757160 1.086105
v -1.771202 -1.924450 1.096604
v 1.907791 -1.729350 1.096604
v 1.651794 -1.924450 1.096604
v 1.670792 -1.958130 1.086105
v 1.934792 -1.757160 1.086105
v -1.014206 -2.241620 1.057503
v -0.574203 -2.313530 1.057503
v -0.572205 -2.285070 1.086105
v -1.009209 -2.213580 1.086105
v 0.451797 -2.285070 1.086105
v 0.894791 -2.241620 1.057503
v 0.888794 -2.213580 1.086105
v 0.454796 -2.313530 1.057503
v -1.447205 -2.108450 1.086105
v -1.771202 -1.924450 1.096604
v -1.791206 -1.958130 1.086105
v -1.434204 -2.071400 1.096604
v 1.651794 -1.924450 1.096604
v 1.314796 -2.071400 1.096604
v 1.326797 -2.108450 1.086105
v 1.670792 -1.958130 1.086105
v -1.009209 -2.213580 1.086105
v -1.434204 -2.071400 1.096604
v -1.447205 -2.108450 1.086105
v -1.001205 -2.175280 1.096604
v 1.314796 -2.071400 1.096604
v 0.880791 -2.175280 1.096604
v 0.888794 -2.213580 1.086105
v 1.326797 -2.108450 1.086105
v -1.009209 -2.213580 1.086105
v -0.572205 -2.285070 1.086105
v -0.568207 -2.246190 1.096604
v -1.001205 -2.175280 1.096604
v 0.447792 -2.246190 1.096604
v 0.888794 -2.213580 1.086105
v 0.880791 -2.175280 1.096604
v 0.451797 -2.285070 1.086105
v -0.084206 -2.263060 1.096604
v -0.568207 -2.246190 1.096604
v -0.572205 -2.285070 1.086105
v -0.062202 -2.295560 1.086105
v -0.036209 -2.263060 1.096604
v 0.451797 -2.285070 1.086105
v 0.447792 -2.246190 1.096604
v -0.057205 -2.295560 1.086105
v 0.003792 -2.222300 1.057503
v -0.062202 -2.295560 1.086105
v -0.023209 -2.212250 1.086105
v -0.126205 -2.210600 1.057503
v -0.057205 -2.295560 1.086105
v -0.098206 -2.205500 1.086105
v -0.023209 -2.212250 1.086105
v -0.084206 -2.263060 1.096604
v -0.062202 -2.295560 1.086105
v -0.060204 -2.198520 1.096604
v -0.098206 -2.205500 1.086105
v -0.057205 -2.295560 1.086105
v -0.036209 -2.263060 1.096604
v -0.060204 -2.198520 1.096604
v 0.006798 -2.186450 1.057503
v 0.007797 -1.489110 1.057503
v -0.021202 -1.489110 1.086105
v -0.021202 -2.191550 1.086105
v -0.021202 -1.489110 1.086105
v -0.060204 -1.489110 1.096604
v -0.060204 -2.198520 1.096604
v -0.060204 -2.198520 1.096604
v -0.060204 -1.489110 1.096604
v -0.099205 -1.489110 1.086105
v -0.098206 -2.205500 1.086105
v -0.098206 -2.205500 1.086105
v -0.099205 -1.489110 1.086105
v -0.128204 -1.489110 1.057503
v -0.060204 -2.198520 1.096604
v -0.106209 -2.230570 1.086105
v -0.084206 -2.263060 1.096604
v -0.096207 -2.184800 1.086105
v -0.060204 -2.198520 1.096604
v -0.036209 -2.263060 1.096604
v -0.014206 -2.230570 1.086105
v -0.021202 -2.191550 1.086105
v -0.106209 -2.230570 1.086105
v -0.564209 -2.207310 1.086105
v -0.568207 -2.246190 1.096604
v -0.084206 -2.263060 1.096604
v -0.014206 -2.230570 1.086105
v 0.447792 -2.246190 1.096604
v 0.443794 -2.207310 1.086105
v -0.036209 -2.263060 1.096604
v -1.001205 -2.175280 1.096604
v -0.568207 -2.246190 1.096604
v -0.564209 -2.207310 1.086105
v -0.993202 -2.136980 1.086105
v 0.443794 -2.207310 1.086105
v 0.880791 -2.175280 1.096604
v 0.873795 -2.136980 1.086105
v 0.447792 -2.246190 1.096604
v -1.001205 -2.175280 1.096604
v -1.422203 -2.034360 1.086105
v -1.434204 -2.071400 1.096604
v -0.993202 -2.136980 1.086105
v 1.301796 -2.034360 1.086105
v 0.873795 -2.136980 1.086105
v 0.880791 -2.175280 1.096604
v 1.314796 -2.071400 1.096604
v -1.434204 -2.071400 1.096604
v -1.751205 -1.890770 1.086105
v -1.771202 -1.924450 1.096604
v -1.422203 -2.034360 1.086105
v 1.631798 -1.890770 1.086105
v 1.301796 -2.034360 1.086105
v 1.314796 -2.071400 1.096604
v 1.651794 -1.924450 1.096604
v -0.564209 -2.207310 1.086105
v -0.121208 -2.206780 1.057503
v -0.561203 -2.178850 1.057503
v 0.443794 -2.207310 1.086105
v 0.001793 -2.206780 1.057503
v 0.440796 -2.178850 1.057503
v -0.993202 -2.136980 1.086105
v -0.564209 -2.207310 1.086105
v -0.561203 -2.178850 1.057503
v -0.988205 -2.108950 1.057503
v 0.440796 -2.178850 1.057503
v 0.873795 -2.136980 1.086105
v 0.867798 -2.108950 1.057503
v 0.443794 -2.207310 1.086105
v -1.771202 -1.924450 1.096604
v -2.000206 -1.701550 1.086105
v -2.027206 -1.729350 1.096604
v -1.751205 -1.890770 1.086105
v 1.879791 -1.701550 1.086105
v 1.631798 -1.890770 1.086105
v 1.651794 -1.924450 1.096604
v 1.907791 -1.729350 1.096604
v -0.993202 -2.136980 1.086105
v -1.413208 -2.007240 1.057503
v -1.422203 -2.034360 1.086105
v -0.988205 -2.108950 1.057503
v 1.292793 -2.007240 1.057503
v 0.867798 -2.108950 1.057503
v 0.873795 -2.136980 1.086105
v 1.301796 -2.034360 1.086105
v -2.220207 -1.483590 1.096604
v -2.027206 -1.729350 1.096604
v -2.000206 -1.701550 1.086105
v -2.189209 -1.459490 1.086105
v 1.879791 -1.701550 1.086105
v 2.099792 -1.483590 1.096604
v 2.068794 -1.459490 1.086105
v 1.907791 -1.729350 1.096604
v -1.422203 -2.034360 1.086105
v -1.737206 -1.866110 1.057503
v -1.751205 -1.890770 1.086105
v -1.413208 -2.007240 1.057503
v 1.616791 -1.866110 1.057503
v 1.292793 -2.007240 1.057503
v 1.301796 -2.034360 1.086105
v 1.631798 -1.890770 1.086105
v -1.751205 -1.890770 1.086105
v -1.980209 -1.681190 1.057503
v -2.000206 -1.701550 1.086105
v -1.737206 -1.866110 1.057503
v 1.859795 -1.681190 1.057503
v 1.616791 -1.866110 1.057503
v 1.631798 -1.890770 1.086105
v 1.879791 -1.701550 1.086105
v -2.189209 -1.459490 1.086105
v -2.000206 -1.701550 1.086105
v -1.980209 -1.681190 1.057503
v -2.166206 -1.441850 1.057503
v 1.859795 -1.681190 1.057503
v 2.068794 -1.459490 1.086105
v 2.046791 -1.441850 1.057503
v 1.879791 -1.701550 1.086105
v -2.281204 -1.531780 1.018402
v -2.075203 -1.777520 0.979401
v -2.082207 -1.784970 1.018402
v -2.273209 -1.525320 0.979401
v -2.281204 -1.531780 1.018402
v -2.075203 -1.777520 1.057503
v -2.273209 -1.525320 1.057503
v -2.082207 -1.784970 1.018402
v -0.073204 -2.319350 1.057503
v -0.126205 -2.210600 1.057503
v -0.137207 -2.212470 1.018402
v -0.079208 -2.328050 1.018402
v -0.137207 -2.212470 1.018402
v -0.073204 -2.319350 0.979401
v -0.079208 -2.328050 1.018402
v -0.126205 -2.210600 0.979401
v -0.126205 -2.210600 1.057503
v -0.073204 -2.319350 1.057503
v -0.057205 -2.295560 1.086105
v -0.126205 -2.210600 0.979401
v -0.057205 -2.295560 0.950806
v -0.073204 -2.319350 0.979401
v -0.123207 -2.174750 1.057503
v -0.127205 -2.198070 1.018402
v -0.121208 -2.206780 1.057503
v -0.133209 -2.171080 1.018402
v -0.121208 -2.206780 0.979401
v -0.127205 -2.198070 1.018402
v -0.123207 -2.174750 0.979401
v -0.133209 -2.171080 1.018402
v -0.098206 -2.205500 1.086105
v -0.128204 -1.489110 1.057503
v -0.126205 -2.210600 1.057503
v -0.128204 -1.489110 0.979401
v -0.098206 -2.205500 0.950806
v -0.126205 -2.210600 0.979401
v -0.099205 -1.489110 0.950806
v -0.126205 -2.210600 1.057503
v -0.128204 -1.489110 1.057503
v -0.138206 -1.489110 1.018402
v -0.137207 -2.212470 1.018402
v -0.138206 -1.489110 1.018402
v -0.126205 -2.210600 0.979401
v -0.137207 -2.212470 1.018402
v -0.128204 -1.489110 0.979401
v -0.096207 -2.184800 1.086105
v -0.121208 -2.206780 1.057503
v -0.106209 -2.230570 1.086105
v -0.123207 -2.174750 1.057503
v -0.123207 -2.174750 0.979401
v -0.096207 -2.184800 0.950806
v -0.121208 -2.206780 0.979401
v -0.106209 -2.230570 0.950806
v 2.046791 -1.441850 1.057503
v 1.852791 -1.673740 1.018402
v 1.859795 -1.681190 1.057503
v 2.038795 -1.435400 1.018402
v 2.046791 -1.441850 0.979401
v 1.852791 -1.673740 1.018402
v 2.038795 -1.435400 1.018402
v 1.859795 -1.681190 0.979401
v -2.075203 -1.777520 0.979401
v -1.805206 -1.982790 0.979401
v -1.811203 -1.991810 1.018402
v -2.082207 -1.784970 1.018402
v -1.811203 -1.991810 1.018402
v -2.075203 -1.777520 1.057503
v -2.082207 -1.784970 1.018402
v -1.805206 -1.982790 1.057503
v 1.690796 -1.991810 1.018402
v 1.961792 -1.784970 1.018402
v 1.954796 -1.777520 1.057503
v 1.685791 -1.982790 1.057503
v 1.954796 -1.777520 0.979401
v 1.690796 -1.991810 1.018402
v 1.685791 -1.982790 0.979401
v 1.961792 -1.784970 1.018402
v -1.805206 -1.982790 0.979401
v -1.456207 -2.135560 0.979401
v -1.459206 -2.145490 1.018402
v -1.811203 -1.991810 1.018402
v -1.459206 -2.145490 1.018402
v -1.805206 -1.982790 1.057503
v -1.811203 -1.991810 1.018402
v -1.456207 -2.135560 1.057503
v 1.338791 -2.145490 1.018402
v 1.690796 -1.991810 1.018402
v 1.685791 -1.982790 1.057503
v 1.335793 -2.135560 1.057503
v 1.685791 -1.982790 0.979401
v 1.338791 -2.145490 1.018402
v 1.335793 -2.135560 0.979401
v 1.690796 -1.991810 1.018402
v -1.456207 -2.135560 0.979401
v -1.014206 -2.241620 0.979401
v -1.016205 -2.251880 1.018402
v -1.459206 -2.145490 1.018402
v -1.016205 -2.251880 1.018402
v -1.456207 -2.135560 1.057503
v -1.459206 -2.145490 1.018402
v -1.014206 -2.241620 1.057503
v 0.896797 -2.251880 1.018402
v 1.338791 -2.145490 1.018402
v 1.335793 -2.135560 1.057503
v 0.894791 -2.241620 1.057503
v 1.335793 -2.135560 0.979401
v 0.896797 -2.251880 1.018402
v 0.894791 -2.241620 0.979401
v 1.338791 -2.145490 1.018402
v -1.014206 -2.241620 0.979401
v -0.574203 -2.313530 0.979401
v -0.575203 -2.323950 1.018402
v -1.016205 -2.251880 1.018402
v -0.575203 -2.323950 1.018402
v -1.014206 -2.241620 1.057503
v -1.016205 -2.251880 1.018402
v -0.574203 -2.313530 1.057503
v 0.455795 -2.323950 1.018402
v 0.896797 -2.251880 1.018402
v 0.894791 -2.241620 1.057503
v 0.454796 -2.313530 1.057503
v 0.894791 -2.241620 0.979401
v 0.455795 -2.323950 1.018402
v 0.454796 -2.313530 0.979401
v 0.896797 -2.251880 1.018402
v -0.046204 -2.319350 0.979401
v -0.575203 -2.323950 1.018402
v -0.574203 -2.313530 0.979401
v -0.041206 -2.328050 1.018402
v -0.575203 -2.323950 1.018402
v -0.041206 -2.328050 1.018402
v -0.046204 -2.319350 1.057503
v -0.574203 -2.313530 1.057503
v 0.455795 -2.323950 1.018402
v -0.073204 -2.319350 1.057503
v -0.079208 -2.328050 1.018402
v 0.454796 -2.313530 1.057503
v -0.073204 -2.319350 0.979401
v 0.454796 -2.313530 0.979401
v 0.455795 -2.323950 1.018402
v -0.079208 -2.328050 1.018402
v -0.062202 -2.295560 0.950806
v -0.574203 -2.313530 0.979401
v -0.572205 -2.285070 0.950806
v -0.046204 -2.319350 0.979401
v -0.574203 -2.313530 1.057503
v -0.046204 -2.319350 1.057503
v -0.062202 -2.295560 1.086105
v -0.572205 -2.285070 1.086105
v 0.454796 -2.313530 1.057503
v -0.057205 -2.295560 1.086105
v -0.073204 -2.319350 1.057503
v 0.451797 -2.285070 1.086105
v -0.057205 -2.295560 0.950806
v 0.451797 -2.285070 0.950806
v 0.454796 -2.313530 0.979401
v -0.073204 -2.319350 0.979401
v -2.055206 -1.757160 0.950806
v -2.273209 -1.525320 0.979401
v -2.250206 -1.507680 0.950806
v -2.075203 -1.777520 0.979401
v 2.152794 -1.525320 0.979401
v 1.954796 -1.777520 0.979401
v 1.934792 -1.757160 0.950806
v 2.130791 -1.507680 0.950806
v -2.055206 -1.757160 0.950806
v -1.791206 -1.958130 0.950806
v -1.805206 -1.982790 0.979401
v -2.075203 -1.777520 0.979401
v 1.685791 -1.982790 0.979401
v 1.934792 -1.757160 0.950806
v 1.954796 -1.777520 0.979401
v 1.670792 -1.958130 0.950806
v -1.791206 -1.958130 0.950806
v -1.447205 -2.108450 0.950806
v -1.456207 -2.135560 0.979401
v -1.805206 -1.982790 0.979401
v 1.335793 -2.135560 0.979401
v 1.670792 -1.958130 0.950806
v 1.685791 -1.982790 0.979401
v 1.326797 -2.108450 0.950806
v -2.027206 -1.729350 0.940308
v -2.250206 -1.507680 0.950806
v -2.220207 -1.483590 0.940308
v -2.055206 -1.757160 0.950806
v 2.130791 -1.507680 0.950806
v 1.934792 -1.757160 0.950806
v 1.907791 -1.729350 0.940308
v 2.099792 -1.483590 0.940308
v -1.447205 -2.108450 0.950806
v -1.009209 -2.213580 0.950806
v -1.014206 -2.241620 0.979401
v -1.456207 -2.135560 0.979401
v 0.894791 -2.241620 0.979401
v 1.326797 -2.108450 0.950806
v 1.335793 -2.135560 0.979401
v 0.888794 -2.213580 0.950806
v -2.027206 -1.729350 0.940308
v -1.771202 -1.924450 0.940308
v -1.791206 -1.958130 0.950806
v -2.055206 -1.757160 0.950806
v 1.670792 -1.958130 0.950806
v 1.907791 -1.729350 0.940308
v 1.934792 -1.757160 0.950806
v 1.651794 -1.924450 0.940308
v -0.572205 -2.285070 0.950806
v -1.014206 -2.241620 0.979401
v -1.009209 -2.213580 0.950806
v -0.574203 -2.313530 0.979401
v 0.894791 -2.241620 0.979401
v 0.454796 -2.313530 0.979401
v 0.451797 -2.285070 0.950806
v 0.888794 -2.213580 0.950806
v -1.771202 -1.924450 0.940308
v -1.434204 -2.071400 0.940308
v -1.447205 -2.108450 0.950806
v -1.791206 -1.958130 0.950806
v 1.326797 -2.108450 0.950806
v 1.651794 -1.924450 0.940308
v 1.670792 -1.958130 0.950806
v 1.314796 -2.071400 0.940308
v -1.434204 -2.071400 0.940308
v -1.001205 -2.175280 0.940308
v -1.009209 -2.213580 0.950806
v -1.447205 -2.108450 0.950806
v 0.888794 -2.213580 0.950806
v 1.314796 -2.071400 0.940308
v 1.326797 -2.108450 0.950806
v 0.880791 -2.175280 0.940308
v -0.568207 -2.246190 0.940308
v -1.009209 -2.213580 0.950806
v -1.001205 -2.175280 0.940308
v -0.572205 -2.285070 0.950806
v 0.888794 -2.213580 0.950806
v 0.451797 -2.285070 0.950806
v 0.447792 -2.246190 0.940308
v 0.880791 -2.175280 0.940308
v -0.084206 -2.263060 0.940308
v -0.572205 -2.285070 0.950806
v -0.568207 -2.246190 0.940308
v -0.062202 -2.295560 0.950806
v -0.036209 -2.263060 0.940308
v 0.447792 -2.246190 0.940308
v 0.451797 -2.285070 0.950806
v -0.057205 -2.295560 0.950806
v 0.003792 -2.222300 0.979401
v -0.062202 -2.295560 0.950806
v -0.023209 -2.212250 0.950806
v -0.126205 -2.210600 0.979401
v -0.057205 -2.295560 0.950806
v -0.098206 -2.205500 0.950806
v -0.023209 -2.212250 0.950806
v -0.062202 -2.295560 0.950806
v -0.084206 -2.263060 0.940308
v -0.060204 -2.198520 0.940308
v -0.098206 -2.205500 0.950806
v -0.036209 -2.263060 0.940308
v -0.057205 -2.295560 0.950806
v -0.060204 -2.198520 0.940308
v -0.099205 -1.489110 0.950806
v -0.060204 -2.198520 0.940308
v -0.098206 -2.205500 0.950806
v -0.060204 -1.489110 0.940308
v -0.060204 -1.489110 0.940308
v -0.021202 -2.191550 0.950806
v -0.060204 -2.198520 0.940308
v -0.021202 -1.489110 0.950806
v -0.060204 -2.198520 0.940308
v -0.084206 -2.263060 0.940308
v -0.106209 -2.230570 0.950806
v -0.096207 -2.184800 0.950806
v -0.060204 -2.198520 0.940308
v -0.014206 -2.230570 0.950806
v -0.036209 -2.263060 0.940308
v -0.021202 -2.191550 0.950806
v -0.106209 -2.230570 0.950806
v -0.568207 -2.246190 0.940308
v -0.564209 -2.207310 0.950806
v -0.084206 -2.263060 0.940308
v -0.014206 -2.230570 0.950806
v 0.443794 -2.207310 0.950806
v 0.447792 -2.246190 0.940308
v -0.036209 -2.263060 0.940308
v -0.564209 -2.207310 0.950806
v -1.001205 -2.175280 0.940308
v -0.993202 -2.136980 0.950806
v -0.568207 -2.246190 0.940308
v 0.880791 -2.175280 0.940308
v 0.447792 -2.246190 0.940308
v 0.443794 -2.207310 0.950806
v 0.873795 -2.136990 0.950806
v -1.422203 -2.034360 0.950806
v -0.993202 -2.136980 0.950806
v -1.001205 -2.175280 0.940308
v -1.434204 -2.071400 0.940308
v 0.880791 -2.175280 0.940308
v 1.301796 -2.034360 0.950806
v 1.314796 -2.071400 0.940308
v 0.873795 -2.136990 0.950806
v -1.751205 -1.890770 0.950806
v -1.422203 -2.034360 0.950806
v -1.434204 -2.071400 0.940308
v -1.771202 -1.924450 0.940308
v 1.314796 -2.071400 0.940308
v 1.631798 -1.890770 0.950806
v 1.651794 -1.924450 0.940308
v 1.301796 -2.034360 0.950806
v -0.121208 -2.206780 0.979401
v -0.564209 -2.207310 0.950806
v -0.561203 -2.178850 0.979401
v 0.001793 -2.206780 0.979401
v 0.440796 -2.178850 0.979401
v 0.443794 -2.207310 0.950806
v -0.561203 -2.178850 0.979401
v -0.993202 -2.136980 0.950806
v -0.988205 -2.108950 0.979401
v -0.564209 -2.207310 0.950806
v 0.873795 -2.136990 0.950806
v 0.443794 -2.207310 0.950806
v 0.440796 -2.178850 0.979401
v 0.867798 -2.108950 0.979401
v -2.000206 -1.701550 0.950806
v -1.751205 -1.890770 0.950806
v -1.771202 -1.924450 0.940308
v -2.027206 -1.729350 0.940308
v 1.651794 -1.924450 0.940308
v 1.879791 -1.701550 0.950806
v 1.907791 -1.729350 0.940308
v 1.631798 -1.890770 0.950806
v -1.413208 -2.007240 0.979401
v -0.988205 -2.108950 0.979401
v -0.993202 -2.136980 0.950806
v -1.422203 -2.034360 0.950806
v 0.873795 -2.136990 0.950806
v 1.292793 -2.007240 0.979401
v 1.301796 -2.034360 0.950806
v 0.867798 -2.108950 0.979401
v -2.000206 -1.701550 0.950806
v -2.220207 -1.483590 0.940308
v -2.189209 -1.459490 0.950806
v -2.027206 -1.729350 0.940308
v 2.099792 -1.483590 0.940308
v 1.907791 -1.729350 0.940308
v 1.879791 -1.701550 0.950806
v 2.068794 -1.459490 0.950806
v -1.737206 -1.866110 0.979401
v -1.413208 -2.007240 0.979401
v -1.422203 -2.034360 0.950806
v -1.751205 -1.890770 0.950806
v 1.301796 -2.034360 0.950806
v 1.616791 -1.866110 0.979401
v 1.631798 -1.890770 0.950806
v 1.292793 -2.007240 0.979401
v -1.980209 -1.681190 0.979401
v -1.737206 -1.866110 0.979401
v -1.751205 -1.890770 0.950806
v -2.000206 -1.701550 0.950806
v 1.631798 -1.890770 0.950806
v 1.859795 -1.681190 0.979401
v 1.879791 -1.701550 0.950806
v 1.616791 -1.866110 0.979401
v -1.980209 -1.681190 0.979401
v -2.189209 -1.459490 0.950806
v -2.166206 -1.441850 0.979401
v -2.000206 -1.701550 0.950806
v 2.068794 -1.459490 0.950806
v 1.879791 -1.701550 0.950806
v 1.859795 -1.681190 0.979401
v 2.046791 -1.441850 0.979401
v 6.439789 -3.188140 0.947907
v 6.439789 -3.188140 1.097107
v 6.437790 -3.202700 1.097107
v 6.437790 -3.202700 0.947907
v 6.437790 -3.202700 0.947907
v 6.437790 -3.202700 1.097107
v 6.433792 -3.216700 1.097107
v 6.433792 -3.216700 0.947907
v 6.437790 -3.173590 0.947907
v 6.437790 -3.173590 1.097107
v 6.439789 -3.188140 1.097107
v 6.439789 -3.188140 0.947907
v 6.433792 -3.216700 0.947907
v 6.433792 -3.216700 1.097107
v 6.426788 -3.229600 1.097107
v 6.426788 -3.229600 0.947907
v 6.433792 -3.159590 0.947907
v 6.433792 -3.159590 1.097107
v 6.437790 -3.173590 1.097107
v 6.437790 -3.173590 0.947907
v 6.426788 -3.229600 0.947907
v 6.426788 -3.229600 1.097107
v 6.417801 -3.240910 1.097107
v 6.417801 -3.240910 0.947907
v 6.426788 -3.146690 0.947907
v 6.426788 -3.146690 1.097107
v 6.433792 -3.159590 1.097107
v 6.433792 -3.159590 0.947907
v 4.850792 -4.157370 0.947907
v 4.850792 -4.157370 1.097107
v 4.846794 -4.171371 1.097107
v 4.846794 -4.171371 0.947907
v 4.839798 -4.184270 1.097107
v 4.846794 -4.171371 0.947907
v 4.846794 -4.171371 1.097107
v 4.839798 -4.184270 0.947907
v 4.851791 -4.142810 0.947907
v 4.851791 -4.142810 1.097107
v 4.850792 -4.157370 1.097107
v 4.850792 -4.157370 0.947907
v 4.906792 -2.096810 0.947907
v 4.906792 -2.096810 1.097107
v 4.907791 -2.111370 1.097107
v 4.907791 -2.111370 0.947907
v 4.839798 -4.184270 0.947907
v 4.839798 -4.184270 1.097107
v 4.830795 -4.195580 1.097107
v 4.830795 -4.195580 0.947907
v 4.907791 -2.111370 0.947907
v 4.907791 -2.111370 1.097107
v 4.906792 -2.125920 1.097107
v 4.906792 -2.125920 0.947907
v 4.901794 -2.082810 0.947907
v 4.901794 -2.082810 1.097107
v 4.906792 -2.096810 1.097107
v 4.906792 -2.096810 0.947907
v 4.850792 -4.128260 0.947907
v 4.850792 -4.128260 1.097107
v 4.851791 -4.142810 1.097107
v 4.851791 -4.142810 0.947907
v 4.906792 -2.125920 0.947907
v 4.906792 -2.125920 1.097107
v 4.901794 -2.139920 1.097107
v 4.901794 -2.139920 0.947907
v 6.417801 -3.135380 0.947907
v 6.417801 -3.135380 1.097107
v 6.426788 -3.146690 1.097107
v 6.426788 -3.146690 0.947907
v 4.894791 -2.069910 0.947907
v 4.894791 -2.069910 1.097107
v 4.901794 -2.082810 1.097107
v 4.901794 -2.082810 0.947907
v 4.901794 -2.139920 0.947907
v 4.901794 -2.139920 1.097107
v 4.894791 -2.152820 1.097107
v 4.894791 -2.152820 0.947907
v 4.846794 -4.114260 0.947907
v 4.846794 -4.114260 1.097107
v 4.850792 -4.128260 1.097107
v 4.850792 -4.128260 0.947907
v 4.885796 -2.058600 0.947907
v 4.885796 -2.058600 1.097107
v 4.894791 -2.069910 1.097107
v 4.894791 -2.069910 0.947907
v 4.894791 -2.152820 0.947907
v 4.894791 -2.152820 1.097107
v 4.885796 -2.164130 1.097107
v 4.885796 -2.164130 0.947907
v 4.839798 -4.101360 0.947907
v 4.839798 -4.101360 1.097107
v 4.846794 -4.114260 1.097107
v 4.846794 -4.114260 0.947907
v 4.830795 -4.090050 0.947907
v 4.830795 -4.090050 1.097107
v 4.839798 -4.101360 1.097107
v 4.839798 -4.101360 0.947907
v 1.001793 -0.839870 0.734001
v 1.001793 -0.839870 1.165405
v 1.053795 -0.904600 1.165405
v 1.053795 -0.904600 0.734001
v 0.994797 -0.845380 0.714401
v 1.001793 -0.839870 0.734001
v 1.053795 -0.904600 0.734001
v 1.040794 -0.907360 0.711006
v 0.994797 -0.845380 1.185005
v 1.053795 -0.904600 1.165405
v 1.001793 -0.839870 1.165405
v 1.040794 -0.907360 1.188408
v 1.053795 -0.904600 0.734001
v 1.053795 -0.904600 1.165405
v 1.067795 -0.969330 1.165405
v 1.067795 -0.969330 0.734001
v 1.040794 -0.907360 0.711006
v 1.053795 -0.904600 0.734001
v 1.067795 -0.969330 0.734001
v 1.053795 -0.969330 0.710007
v 1.040794 -0.907360 1.188408
v 1.067795 -0.969330 1.165405
v 1.053795 -0.904600 1.165405
v 1.053795 -0.969330 1.189507
v 1.053795 -0.969330 1.189507
v 0.973793 -1.138550 1.182007
v 1.067795 -0.969330 1.165405
v 0.987793 -1.138550 1.162003
v 1.067795 -0.969330 1.165405
v 0.987793 -1.138550 0.779404
v 1.067795 -0.969330 0.734001
v 0.987793 -1.138550 1.162003
v 1.067795 -0.969330 0.734001
v 0.973793 -1.138550 0.759407
v 1.053795 -0.969330 0.710007
v 0.987793 -1.138550 0.779404
v -0.060204 -1.564600 1.006401
v -0.060204 -1.564600 1.006401
v -0.060204 -1.564600 1.006401
v -0.060204 -1.564600 1.006401
v -0.060204 -1.564600 1.006401
v -0.060204 -1.564600 1.006401
v -0.060204 -1.564600 1.006401
v -0.060204 -1.564600 1.006401
v -0.060204 -1.564600 1.006401
v -0.060204 -1.564600 1.006401
v -0.060204 -1.564600 1.006401
v -0.060204 -1.564600 1.006401
v -4.804207 -4.184270 0.947907
v -4.804207 -4.184270 1.097107
v -4.814209 -4.195580 1.097107
v -4.814209 -4.195580 0.947907
v -4.798203 -4.171371 0.947907
v -4.798203 -4.171371 1.097107
v -4.804207 -4.184270 1.097107
v -4.804207 -4.184270 0.947907
v -4.869209 -2.058600 0.947907
v -4.869209 -2.058600 1.097107
v -4.860207 -2.069910 1.097107
v -4.860207 -2.069910 0.947907
v -4.860207 -2.152820 0.947907
v -4.860207 -2.152820 1.097107
v -4.869209 -2.164130 1.097107
v -4.869209 -2.164130 0.947907
v -4.793205 -4.157370 0.947907
v -4.793205 -4.157370 1.097107
v -4.798203 -4.171371 1.097107
v -4.798203 -4.171371 0.947907
v -4.860207 -2.069910 0.947907
v -4.860207 -2.069910 1.097107
v -4.853203 -2.082810 1.097107
v -4.853203 -2.082810 0.947907
v -4.853203 -2.139920 0.947907
v -4.853203 -2.139920 1.097107
v -4.860207 -2.152820 1.097107
v -4.860207 -2.152820 0.947907
v -6.392204 -3.229600 0.947907
v -6.392204 -3.229600 1.097107
v -6.401207 -3.240910 1.097107
v -6.401207 -3.240910 0.947907
v -4.853203 -2.082810 0.947907
v -4.853203 -2.082810 1.097107
v -4.849205 -2.096810 1.097107
v -4.849205 -2.096810 0.947907
v -4.792206 -4.142810 0.947907
v -4.792206 -4.142810 1.097107
v -4.793205 -4.157370 1.097107
v -4.793205 -4.157370 0.947907
v -4.849205 -2.125920 0.947907
v -4.849205 -2.125920 1.097107
v -4.853203 -2.139920 1.097107
v -4.853203 -2.139920 0.947907
v -4.849205 -2.096810 0.947907
v -4.849205 -2.096810 1.097107
v -4.847206 -2.111370 1.097107
v -4.847206 -2.111370 0.947907
v -4.814209 -4.090050 0.947907
v -4.814209 -4.090050 1.097107
v -4.804207 -4.101360 1.097107
v -4.804207 -4.101360 0.947907
v -4.847206 -2.111370 0.947907
v -4.847206 -2.111370 1.097107
v -4.849205 -2.125920 1.097107
v -4.849205 -2.125920 0.947907
v -4.793205 -4.128260 0.947907
v -4.793205 -4.128260 1.097107
v -4.792206 -4.142810 1.097107
v -4.792206 -4.142810 0.947907
v -4.804207 -4.101360 0.947907
v -4.804207 -4.101360 1.097107
v -4.798203 -4.114260 1.097107
v -4.798203 -4.114260 0.947907
v -4.798203 -4.114260 0.947907
v -4.798203 -4.114260 1.097107
v -4.793205 -4.128260 1.097107
v -4.793205 -4.128260 0.947907
v -6.385208 -3.216700 0.947907
v -6.385208 -3.216700 1.097107
v -6.392204 -3.229600 1.097107
v -6.392204 -3.229600 0.947907
v -6.401207 -3.135380 0.947907
v -6.401207 -3.135380 1.097107
v -6.392204 -3.146690 1.097107
v -6.392204 -3.146690 0.947907
v -6.381203 -3.202700 0.947907
v -6.381203 -3.202700 1.097107
v -6.385208 -3.216700 1.097107
v -6.385208 -3.216700 0.947907
v -6.392204 -3.146690 0.947907
v -6.392204 -3.146690 1.097107
v -6.385208 -3.159590 1.097107
v -6.385208 -3.159590 0.947907
v -6.379204 -3.188140 0.947907
v -6.379204 -3.188140 1.097107
v -6.381203 -3.202700 1.097107
v -6.381203 -3.202700 0.947907
v -6.385208 -3.159590 0.947907
v -6.385208 -3.159590 1.097107
v -6.381203 -3.173590 1.097107
v -6.381203 -3.173590 0.947907
v -6.381203 -3.173590 0.947907
v -6.381203 -3.173590 1.097107
v -6.379204 -3.188140 1.097107
v -6.379204 -3.188140 0.947907
v 6.417801 -3.135380 1.097107
v 6.406799 -3.126100 0.947907
v 6.406799 -3.126100 1.097107
v 6.417801 -3.135380 0.947907
v -6.507202 -3.135380 0.947907
v -6.495209 -3.126100 1.097107
v -6.495209 -3.126100 0.947907
v -6.507202 -3.135380 1.097107
v 4.874794 -2.049320 0.947907
v 4.874794 -2.049320 1.097107
v 4.885796 -2.058600 1.097107
v 4.885796 -2.058600 0.947907
v -4.963203 -2.049320 1.097107
v -4.963203 -2.049320 0.947907
v -4.975204 -2.058600 0.947907
v -4.975204 -2.058600 1.097107
v 4.874794 -2.049320 1.097107
v 4.861794 -2.042430 0.947907
v 4.861794 -2.042430 1.097107
v 4.874794 -2.049320 0.947907
v -4.963203 -2.049320 0.947907
v -4.963203 -2.049320 1.097107
v -4.951202 -2.042430 1.097107
v -4.951202 -2.042430 0.947907
v 6.406799 -3.126100 1.097107
v 6.393799 -3.119210 0.947907
v 6.393799 -3.119210 1.097107
v 6.406799 -3.126100 0.947907
v -6.495209 -3.126100 0.947907
v -6.495209 -3.126100 1.097107
v -6.482208 -3.119210 1.097107
v -6.482208 -3.119210 0.947907
v -1.042206 -0.798070 1.165405
v -1.042206 -0.798070 0.734001
v -1.122208 -0.839870 1.165405
v -1.122208 -0.839870 0.734001
v 1.001793 -0.839870 1.165405
v 1.001793 -0.839870 0.734001
v 0.922798 -0.798070 1.165405
v 0.922798 -0.798070 0.734001
v -1.042206 -0.798070 0.734001
v -1.115204 -0.845380 0.714401
v -1.122208 -0.839870 0.734001
v -1.039207 -0.808590 0.711006
v 1.001793 -0.839870 0.734001
v 0.994797 -0.845380 0.714401
v 0.922798 -0.798070 0.734001
v 0.918793 -0.808590 0.711006
v 4.818794 -4.080770 0.947907
v 4.818794 -4.080770 1.097107
v 4.830795 -4.090050 1.097107
v 4.830795 -4.090050 0.947907
v -1.039207 -0.808590 1.188408
v -1.042206 -0.798070 1.165405
v -1.115204 -0.845380 1.185005
v -1.122208 -0.839870 1.165405
v -4.908203 -4.080770 1.097107
v -4.908203 -4.080770 0.947907
v -4.919205 -4.090050 0.947907
v -4.919205 -4.090050 1.097107
v 0.994797 -0.845380 1.185005
v 0.922798 -0.798070 1.165405
v 0.918793 -0.808590 1.188408
v 1.001793 -0.839870 1.165405
v 4.861794 -2.042430 1.097107
v 4.847794 -2.038180 0.947907
v 4.847794 -2.038180 1.097107
v 4.861794 -2.042430 0.947907
v -4.951202 -2.042430 0.947907
v -4.951202 -2.042430 1.097107
v -4.937202 -2.038180 1.097107
v -4.937202 -2.038180 0.947907
v -0.962204 -0.786250 1.165405
v -0.962204 -0.786250 0.734001
v -1.042206 -0.798070 1.165405
v -1.042206 -0.798070 0.734001
v 0.922798 -0.798070 1.165405
v 0.922798 -0.798070 0.734001
v 0.842796 -0.786250 1.165405
v 0.842796 -0.786250 0.734001
v -0.962204 -0.786250 0.734001
v -1.039207 -0.808590 0.711006
v -1.042206 -0.798070 0.734001
v -0.962204 -0.798070 0.710007
v 0.922798 -0.798070 0.734001
v 0.918793 -0.808590 0.711006
v 0.842796 -0.786250 0.734001
v 0.842796 -0.798070 0.710007
v -0.962204 -0.798070 1.189507
v -0.962204 -0.786250 1.165405
v -1.039207 -0.808590 1.188408
v -1.042206 -0.798070 1.165405
v 0.918793 -0.808590 1.188408
v 0.842796 -0.786250 1.165405
v 0.842796 -0.798070 1.189507
v 0.922798 -0.798070 1.165405
v 0.842796 -0.786250 0.734001
v -0.962204 -0.786250 1.165405
v 0.842796 -0.786250 1.165405
v -0.962204 -0.786250 0.734001
v -0.962204 -0.786250 0.734001
v 0.842796 -0.786250 0.734001
v 0.842796 -0.798070 0.710007
v -0.962204 -0.798070 0.710007
v -0.962204 -0.798070 1.189507
v 0.842796 -0.798070 1.189507
v 0.842796 -0.786250 1.165405
v -0.962204 -0.786250 1.165405
v -6.482208 -3.119210 0.947907
v -6.482208 -3.119210 1.097107
v -6.468208 -3.114960 1.097107
v -6.468208 -3.114960 0.947907
v 6.393799 -3.119210 1.097107
v 6.379791 -3.114960 0.947907
v 6.379791 -3.114960 1.097107
v 6.393799 -3.119210 0.947907
v -4.937202 -2.038180 0.947907
v -4.937202 -2.038180 1.097107
v -4.922203 -2.036750 1.097107
v -4.922203 -2.036750 0.947907
v 4.847794 -2.038180 1.097107
v 4.832794 -2.036750 0.947907
v 4.832794 -2.036750 1.097107
v 4.847794 -2.038180 0.947907
v 4.818794 -4.080770 1.097107
v 4.805794 -4.073880 0.947907
v 4.805794 -4.073880 1.097107
v 4.818794 -4.080770 0.947907
v -4.908203 -4.080770 0.947907
v -4.908203 -4.080770 1.097107
v -4.895203 -4.073880 1.097107
v -4.895203 -4.073880 0.947907
v -6.468208 -3.114960 0.947907
v -6.468208 -3.114960 1.097107
v -6.454208 -3.113530 1.097107
v -6.454208 -3.113530 0.947907
v 6.379791 -3.114960 1.097107
v 6.364792 -3.113530 0.947907
v 6.364792 -3.113530 1.097107
v 6.379791 -3.114960 0.947907
v -4.922203 -2.036750 0.947907
v -4.922203 -2.036750 1.097107
v -4.907204 -2.038180 1.097107
v -4.907204 -2.038180 0.947907
v 4.832794 -2.036750 1.097107
v 4.818794 -2.038180 0.947907
v 4.818794 -2.038180 1.097107
v 4.832794 -2.036750 0.947907
v -4.895203 -4.073880 0.947907
v -4.895203 -4.073880 1.097107
v -4.881203 -4.069630 1.097107
v -4.881203 -4.069630 0.947907
v 4.805794 -4.073880 1.097107
v 4.791794 -4.069630 0.947907
v 4.791794 -4.069630 1.097107
v 4.805794 -4.073880 0.947907
v -4.907204 -2.038180 0.947907
v -4.907204 -2.038180 1.097107
v -4.893204 -2.042430 1.097107
v -4.893204 -2.042430 0.947907
v 4.818794 -2.038180 1.097107
v 4.804794 -2.042430 0.947907
v 4.804794 -2.042430 1.097107
v 4.818794 -2.038180 0.947907
v -4.881203 -4.069630 0.947907
v -4.881203 -4.069630 1.097107
v -4.866203 -4.068200 1.097107
v -4.866203 -4.068200 0.947907
v 4.791794 -4.069630 1.097107
v 4.777794 -4.068200 0.947907
v 4.777794 -4.068200 1.097107
v 4.791794 -4.069630 0.947907
v -6.454208 -3.113530 0.947907
v -6.454208 -3.113530 1.097107
v -6.439209 -3.114960 1.097107
v -6.439209 -3.114960 0.947907
v 6.364792 -3.113530 1.097107
v 6.350800 -3.114960 0.947907
v 6.350800 -3.114960 1.097107
v 6.364792 -3.113530 0.947907
v -4.893204 -2.042430 0.947907
v -4.893204 -2.042430 1.097107
v -4.881203 -2.049320 1.097107
v -4.881203 -2.049320 0.947907
v 4.804794 -2.042430 1.097107
v 4.791794 -2.049320 0.947907
v 4.791794 -2.049320 1.097107
v 4.804794 -2.042430 0.947907
v -4.866203 -4.068200 0.947907
v -4.866203 -4.068200 1.097107
v -4.852203 -4.069630 1.097107
v -4.852203 -4.069630 0.947907
v 4.777794 -4.068200 1.097107
v 4.762794 -4.069630 0.947907
v 4.762794 -4.069630 1.097107
v 4.777794 -4.068200 0.947907
v -6.439209 -3.114960 0.947907
v -6.439209 -3.114960 1.097107
v -6.425209 -3.119210 1.097107
v -6.425209 -3.119210 0.947907
v 6.350800 -3.114960 1.097107
v 6.336792 -3.119210 0.947907
v 6.336792 -3.119210 1.097107
v 6.350800 -3.114960 0.947907
v -4.881203 -2.049320 0.947907
v -4.881203 -2.049320 1.097107
v -4.869209 -2.058600 1.097107
v -4.869209 -2.058600 0.947907
v 4.791794 -2.049320 1.097107
v 4.791794 -2.049320 0.947907
v 4.780792 -2.058600 0.947907
v 4.780792 -2.058600 1.097107
v -4.852203 -4.069630 0.947907
v -4.852203 -4.069630 1.097107
v -4.838203 -4.073880 1.097107
v -4.838203 -4.073880 0.947907
v 4.762794 -4.069630 1.097107
v 4.748795 -4.073880 0.947907
v 4.748795 -4.073880 1.097107
v 4.762794 -4.069630 0.947907
v -6.425209 -3.119210 0.947907
v -6.425209 -3.119210 1.097107
v -6.412209 -3.126100 1.097107
v -6.412209 -3.126100 0.947907
v 6.336792 -3.119210 1.097107
v 6.323792 -3.126100 0.947907
v 6.323792 -3.126100 1.097107
v 6.336792 -3.119210 0.947907
v -4.838203 -4.073880 0.947907
v -4.838203 -4.073880 1.097107
v -4.825203 -4.080770 1.097107
v -4.825203 -4.080770 0.947907
v 4.748795 -4.073880 1.097107
v 4.735794 -4.080770 0.947907
v 4.735794 -4.080770 1.097107
v 4.748795 -4.073880 0.947907
v -4.825203 -4.080770 0.947907
v -4.825203 -4.080770 1.097107
v -4.814209 -4.090050 1.097107
v -4.814209 -4.090050 0.947907
v 4.735794 -4.080770 1.097107
v 4.735794 -4.080770 0.947907
v 4.724792 -4.090050 0.947907
v 4.724792 -4.090050 1.097107
v -6.412209 -3.126100 0.947907
v -6.412209 -3.126100 1.097107
v -6.401207 -3.135380 1.097107
v -6.401207 -3.135380 0.947907
v 6.323792 -3.126100 1.097107
v 6.323792 -3.126100 0.947907
v 6.311798 -3.135380 0.947907
v 6.311798 -3.135380 1.097107
v -1.028206 -0.845380 1.211502
v -1.039207 -0.808590 1.188408
v -1.093208 -0.863630 1.204704
v -1.115204 -0.845380 1.185005
v 0.972794 -0.863630 1.204704
v 0.918793 -0.808590 1.188408
v 0.907791 -0.845380 1.211502
v 0.994797 -0.845380 1.185005
v -1.093208 -0.863630 1.204704
v -1.115204 -0.845380 1.185005
v -1.161209 -0.907360 1.188408
v -1.115204 -0.916480 1.211502
v 0.972794 -0.863630 1.204704
v 1.040794 -0.907360 1.188408
v 0.994797 -0.845380 1.185005
v 0.994797 -0.916480 1.211502
v -0.962204 -0.839870 1.213501
v -0.962204 -0.798070 1.189507
v -1.028206 -0.845380 1.211502
v -1.039207 -0.808590 1.188408
v 0.907791 -0.845380 1.211502
v 0.842796 -0.798070 1.189507
v 0.842796 -0.839870 1.213501
v 0.918793 -0.808590 1.188408
v -0.962204 -0.839870 1.213501
v 0.842796 -0.839870 1.213501
v 0.842796 -0.798070 1.189507
v -0.962204 -0.798070 1.189507
v -1.115204 -0.916480 1.211502
v -1.161209 -0.907360 1.188408
v -1.173203 -0.969330 1.189507
v -1.122208 -0.969330 1.213501
v 0.994797 -0.916480 1.211502
v 1.053795 -0.969330 1.189507
v 1.040794 -0.907360 1.188408
v 1.001793 -0.969330 1.213501
v -1.093208 -0.863630 1.204704
v -1.039207 -0.907360 1.225205
v -1.028206 -0.845380 1.211502
v -1.115204 -0.916480 1.211502
v 0.972794 -0.863630 1.204704
v 0.907791 -0.845380 1.211502
v 0.918793 -0.907360 1.225205
v 0.994797 -0.916480 1.211502
v -1.028206 -0.845380 1.211502
v -0.962204 -0.904600 1.229103
v -0.962204 -0.839870 1.213501
v -1.039207 -0.907360 1.225205
v 0.907791 -0.845380 1.211502
v 0.842796 -0.839870 1.213501
v 0.842796 -0.904600 1.229103
v 0.918793 -0.907360 1.225205
v 0.842796 -0.839870 1.213501
v -0.962204 -0.839870 1.213501
v -0.962204 -0.904600 1.229103
v 0.842796 -0.904600 1.229103
v -1.115204 -0.916480 1.211502
v -1.042206 -0.969330 1.229103
v -1.039207 -0.907360 1.225205
v -1.122208 -0.969330 1.213501
v 0.994797 -0.916480 1.211502
v 0.918793 -0.907360 1.225205
v 0.922798 -0.969330 1.229103
v 1.001793 -0.969330 1.213501
v -1.039207 -0.907360 1.225205
v -0.962204 -0.969330 1.233505
v -0.962204 -0.904600 1.229103
v -1.042206 -0.969330 1.229103
v 0.918793 -0.907360 1.225205
v 0.842796 -0.904600 1.229103
v 0.842796 -0.969330 1.233505
v 0.922798 -0.969330 1.229103
v 0.842796 -0.904600 1.229103
v -0.962204 -0.904600 1.229103
v -0.962204 -0.969330 1.233505
v 0.842796 -0.969330 1.233505
v -1.173203 -0.969330 1.189507
v -1.046204 -1.138550 1.202103
v -1.122208 -0.969330 1.213501
v -1.094208 -1.138550 1.182007
v 1.001793 -0.969330 1.213501
v 0.926796 -1.138550 1.202103
v 1.053795 -0.969330 1.189507
v 0.973793 -1.138550 1.182007
v -1.122208 -0.969330 1.213501
v -1.046204 -1.138550 1.202103
v -1.042206 -0.969330 1.229103
v -0.972206 -1.138550 1.215004
v 0.922798 -0.969330 1.229103
v 0.926796 -1.138550 1.202103
v 1.001793 -0.969330 1.213501
v 0.852791 -1.138550 1.215004
v -1.042206 -0.969330 1.229103
v -0.972206 -1.138550 1.215004
v -0.962204 -0.969330 1.233505
v -0.898209 -1.138550 1.218704
v 0.842796 -0.969330 1.233505
v 0.852791 -1.138550 1.215004
v 0.922798 -0.969330 1.229103
v 0.777794 -1.138550 1.218704
v 0.842796 -0.969330 1.233505
v -0.962204 -0.969330 1.233505
v -0.898209 -1.138550 1.218704
v 0.777794 -1.138550 1.218704
v -4.814209 -4.090050 1.097107
v -4.908203 -4.080770 1.097107
v -4.919205 -4.090050 1.097107
v -4.929207 -4.101360 1.097107
v -4.825203 -4.080770 1.097107
v -4.804207 -4.101360 1.097107
v -4.838203 -4.073880 1.097107
v -4.798203 -4.114260 1.097107
v -4.895203 -4.073880 1.097107
v -4.935204 -4.114260 1.097107
v -4.881203 -4.069630 1.097107
v -4.852203 -4.069630 1.097107
v -4.866203 -4.068200 1.097107
v -4.793205 -4.128260 1.097107
v -4.940208 -4.128260 1.097107
v -4.941208 -4.142810 1.097107
v -4.792206 -4.142810 1.097107
v -4.793205 -4.157370 1.097107
v -4.940208 -4.157370 1.097107
v -4.798203 -4.171371 1.097107
v -4.935204 -4.171371 1.097107
v -4.929207 -4.184270 1.097107
v -4.804207 -4.184270 1.097107
v -4.814209 -4.195580 1.097107
v -4.919205 -4.195580 1.097107
v -4.908203 -4.204860 1.097107
v -4.825203 -4.204860 1.097107
v -4.838203 -4.211750 1.097107
v -4.895203 -4.211750 1.097107
v -4.852203 -4.216000 1.097107
v -4.881203 -4.216000 1.097107
v -4.866203 -4.217430 1.097107
v -4.869209 -2.058600 1.097107
v -4.963203 -2.049320 1.097107
v -4.975204 -2.058600 1.097107
v -4.984207 -2.069910 1.097107
v -4.881203 -2.049320 1.097107
v -4.860207 -2.069910 1.097107
v -4.893204 -2.042430 1.097107
v -4.853203 -2.082810 1.097107
v -4.951202 -2.042430 1.097107
v -4.991203 -2.082810 1.097107
v -4.937202 -2.038180 1.097107
v -4.907204 -2.038180 1.097107
v -4.922203 -2.036750 1.097107
v -4.849205 -2.096810 1.097107
v -4.995209 -2.096810 1.097107
v -4.997208 -2.111370 1.097107
v -4.847206 -2.111370 1.097107
v -4.849205 -2.125920 1.097107
v -4.995209 -2.125920 1.097107
v -4.853203 -2.139920 1.097107
v -4.991203 -2.139920 1.097107
v -4.984207 -2.152820 1.097107
v -4.860207 -2.152820 1.097107
v -4.869209 -2.164130 1.097107
v -4.975204 -2.164130 1.097107
v -4.963203 -2.173410 1.097107
v -4.881203 -2.173410 1.097107
v -4.893204 -2.180310 1.097107
v -4.951202 -2.180310 1.097107
v -4.907204 -2.184550 1.097107
v -4.937202 -2.184550 1.097107
v -4.922203 -2.185990 1.097107
v -6.401207 -3.135380 1.097107
v -6.495209 -3.126100 1.097107
v -6.507202 -3.135380 1.097107
v -6.516205 -3.146690 1.097107
v -6.412209 -3.126100 1.097107
v -6.392204 -3.146690 1.097107
v -6.425209 -3.119210 1.097107
v -6.385208 -3.159590 1.097107
v -6.482208 -3.119210 1.097107
v -6.523209 -3.159590 1.097107
v -6.468208 -3.114960 1.097107
v -6.439209 -3.114960 1.097107
v -6.454208 -3.113530 1.097107
v -6.381203 -3.173590 1.097107
v -6.527206 -3.173590 1.097107
v -6.529205 -3.188140 1.097107
v -6.379204 -3.188140 1.097107
v -6.381203 -3.202700 1.097107
v -6.527206 -3.202700 1.097107
v -6.385208 -3.216700 1.097107
v -6.523209 -3.216700 1.097107
v -6.516205 -3.229600 1.097107
v -6.392204 -3.229600 1.097107
v -6.401207 -3.240910 1.097107
v -6.507202 -3.240910 1.097107
v -6.495209 -3.250190 1.097107
v -6.412209 -3.250190 1.097107
v -6.425209 -3.257080 1.097107
v -6.482208 -3.257080 1.097107
v -6.439209 -3.261330 1.097107
v -6.468208 -3.261330 1.097107
v -6.454208 -3.262760 1.097107
v 4.874794 -2.049320 1.097107
v 4.791794 -2.049320 1.097107
v 4.780792 -2.058600 1.097107
v 4.804794 -2.042430 1.097107
v 4.885796 -2.058600 1.097107
v 4.861794 -2.042430 1.097107
v 4.894791 -2.069910 1.097107
v 4.847794 -2.038180 1.097107
v 4.818794 -2.038180 1.097107
v 4.832794 -2.036750 1.097107
v 4.770798 -2.069910 1.097107
v 4.763794 -2.082810 1.097107
v 4.901794 -2.082810 1.097107
v 4.906792 -2.096810 1.097107
v 4.759796 -2.096810 1.097107
v 4.907791 -2.111370 1.097107
v 4.758797 -2.111370 1.097107
v 4.759796 -2.125920 1.097107
v 4.906792 -2.125920 1.097107
v 4.901794 -2.139920 1.097107
v 4.763794 -2.139920 1.097107
v 4.894791 -2.152820 1.097107
v 4.770798 -2.152820 1.097107
v 4.780792 -2.164130 1.097107
v 4.885796 -2.164130 1.097107
v 4.874794 -2.173410 1.097107
v 4.791794 -2.173410 1.097107
v 4.804794 -2.180310 1.097107
v 4.861794 -2.180310 1.097107
v 4.847794 -2.184550 1.097107
v 4.818794 -2.184550 1.097107
v 4.832794 -2.185990 1.097107
v 4.818794 -4.080770 1.097107
v 4.735794 -4.080770 1.097107
v 4.724792 -4.090050 1.097107
v 4.748795 -4.073880 1.097107
v 4.830795 -4.090050 1.097107
v 4.805794 -4.073880 1.097107
v 4.839798 -4.101360 1.097107
v 4.791794 -4.069630 1.097107
v 4.762794 -4.069630 1.097107
v 4.777794 -4.068200 1.097107
v 4.715797 -4.101360 1.097107
v 4.708794 -4.114260 1.097107
v 4.846794 -4.114260 1.097107
v 4.850792 -4.128260 1.097107
v 4.704796 -4.128260 1.097107
v 4.851791 -4.142810 1.097107
v 4.702797 -4.142810 1.097107
v 4.704796 -4.157370 1.097107
v 4.850792 -4.157370 1.097107
v 4.846794 -4.171371 1.097107
v 4.708794 -4.171371 1.097107
v 4.839798 -4.184270 1.097107
v 4.715797 -4.184270 1.097107
v 4.724792 -4.195580 1.097107
v 4.830795 -4.195580 1.097107
v 4.818794 -4.204860 1.097107
v 4.735794 -4.204860 1.097107
v 4.748795 -4.211750 1.097107
v 4.805794 -4.211750 1.097107
v 4.791794 -4.216000 1.097107
v 4.762794 -4.216000 1.097107
v 4.777794 -4.217430 1.097107
v 6.406799 -3.126100 1.097107
v 6.323792 -3.126100 1.097107
v 6.311798 -3.135380 1.097107
v 6.336792 -3.119210 1.097107
v 6.417801 -3.135380 1.097107
v 6.393799 -3.119210 1.097107
v 6.426788 -3.146690 1.097107
v 6.379791 -3.114960 1.097107
v 6.350800 -3.114960 1.097107
v 6.364792 -3.113530 1.097107
v 6.302795 -3.146690 1.097107
v 6.295792 -3.159590 1.097107
v 6.433792 -3.159590 1.097107
v 6.437790 -3.173590 1.097107
v 6.291794 -3.173590 1.097107
v 6.439789 -3.188140 1.097107
v 6.290802 -3.188140 1.097107
v 6.291794 -3.202700 1.097107
v 6.437790 -3.202700 1.097107
v 6.433792 -3.216700 1.097107
v 6.295792 -3.216700 1.097107
v 6.426788 -3.229600 1.097107
v 6.302795 -3.229600 1.097107
v 6.311798 -3.240910 1.097107
v 6.417801 -3.240910 1.097107
v 6.406799 -3.250190 1.097107
v 6.323792 -3.250190 1.097107
v 6.336792 -3.257080 1.097107
v 6.393799 -3.257080 1.097107
v 6.379791 -3.261330 1.097107
v 6.350800 -3.261330 1.097107
v 6.364792 -3.262760 1.097107
v -0.060204 -1.564600 1.006401
v -0.060204 -1.564600 1.006401
v -0.060204 -1.564600 1.006401
v -0.060204 -1.564600 1.006401
v -0.060204 -1.564600 1.006401
v -0.060204 -1.564600 1.006401
v -0.060204 -1.564600 1.006401
v -0.060204 -1.564600 1.006401
v -0.060204 -1.564600 1.006401
v -0.060204 -1.564600 1.006401
v -0.060204 -1.564600 1.006401
v -0.060204 -1.564600 1.006401
v -0.060204 -1.564600 1.006401
v -0.060204 -1.564600 1.006401
v -0.060204 -1.564600 1.006401
v -0.060204 -1.564600 1.006401
v -0.060204 -1.564600 1.006401
v -0.060204 -1.564600 1.006401
v -0.060204 -1.564600 1.006401
v -0.060204 -1.564600 1.006401
v -0.060204 -1.564600 1.006401
v -0.060204 -1.564600 1.006401
v -0.060204 -1.564600 1.006401
v -0.060204 -1.564600 1.006401
v -0.060204 -1.564600 1.006401
v -0.060204 -1.564600 1.006401
v -0.060204 -1.564600 1.006401
v -0.060204 -1.564600 1.006401
v -0.060204 -1.564600 1.006401
v -0.060204 -1.564600 1.006401
v -0.060204 -1.564600 1.006401
v -0.060204 -1.564600 1.006401
v -0.060204 -1.564600 1.006401
v -0.060204 -1.564600 1.006401
v -0.060204 -1.564600 1.006401
v -0.060204 -1.564600 1.006401
v -0.060204 -1.564600 1.006401
v -0.060204 -1.564600 1.006401
v -0.060204 -1.564600 1.006401
v -0.060204 -1.564600 1.006401
v -0.060204 -1.564600 1.006401
v -0.060204 -1.564600 1.006401
v -0.060204 -1.564600 1.006401
v -0.060204 -1.564600 1.006401
v -0.060204 -1.564600 1.006401
v -0.060204 -1.564600 1.006401
v -0.060204 -1.564600 1.006401
v -0.060204 -1.564600 1.006401
v -0.060204 -1.564600 1.006401
v -0.060204 -1.564600 1.006401
v -0.060204 -1.564600 1.006401
v -0.060204 -1.564600 1.006401
v -0.060204 -1.564600 1.006401
v -0.060204 -1.564600 1.006401
v -0.060204 -1.564600 1.006401
v -0.060204 -1.564600 1.006401
v 0.777794 -1.138550 1.218704
v -0.898209 -1.138550 1.218704
v -0.799202 -1.229210 1.197601
v 0.678795 -1.229210 1.197601
v 0.777794 -1.138550 1.218704
v 0.744797 -1.229210 1.194702
v 0.852791 -1.138550 1.215004
v 0.678795 -1.229210 1.197601
v -0.799202 -1.229210 1.197601
v -0.898209 -1.138550 1.218704
v -0.864204 -1.229210 1.194702
v -0.972206 -1.138550 1.215004
v -0.972206 -1.138550 1.215004
v -0.930206 -1.229210 1.184303
v -0.864204 -1.229210 1.194702
v -1.046204 -1.138550 1.202103
v 0.852791 -1.138550 1.215004
v 0.809792 -1.229210 1.184303
v 0.926796 -1.138550 1.202103
v 0.744797 -1.229210 1.194702
v -0.799202 -1.229210 1.197601
v 0.589798 -1.298720 1.176605
v 0.678795 -1.229210 1.197601
v -0.710205 -1.298720 1.176605
v -0.710205 -1.298720 1.176605
v -0.799202 -1.229210 1.197601
v -0.768204 -1.298720 1.174408
v -0.864204 -1.229210 1.194702
v 0.678795 -1.229210 1.197601
v 0.647797 -1.298720 1.174408
v 0.744797 -1.229210 1.194702
v 0.589798 -1.298720 1.176605
v -1.094208 -1.138550 1.182007
v -0.972206 -1.229210 1.168305
v -1.046204 -1.138550 1.202103
v -0.930206 -1.229210 1.184303
v 0.926796 -1.138550 1.202103
v 0.851791 -1.229210 1.168305
v 0.973793 -1.138550 1.182007
v 0.809792 -1.229210 1.184303
v 0.744797 -1.229210 1.194702
v 0.704796 -1.298720 1.166603
v 0.809792 -1.229210 1.184303
v 0.647797 -1.298720 1.174408
v -0.864204 -1.229210 1.194702
v -0.825203 -1.298720 1.166603
v -0.768204 -1.298720 1.174408
v -0.930206 -1.229210 1.184303
v 0.373795 -1.444840 1.119805
v -0.710205 -1.298720 1.176605
v -0.493202 -1.444840 1.119805
v 0.589798 -1.298720 1.176605
v 0.411797 -1.444840 1.118408
v 0.589798 -1.298720 1.176605
v 0.373795 -1.444840 1.119805
v 0.647797 -1.298720 1.174408
v -0.768204 -1.298720 1.174408
v -0.532204 -1.444840 1.118408
v -0.710205 -1.298720 1.176605
v -0.493202 -1.444840 1.119805
v -0.972206 -1.229210 1.168305
v -0.862206 -1.298720 1.154602
v -0.930206 -1.229210 1.184303
v -0.825203 -1.298720 1.166603
v 0.809792 -1.229210 1.184303
v 0.742798 -1.298720 1.154602
v 0.851791 -1.229210 1.168305
v 0.704796 -1.298720 1.166603
v 0.647797 -1.298720 1.174408
v 0.449791 -1.444840 1.113205
v 0.704796 -1.298720 1.166603
v 0.411797 -1.444840 1.118408
v -0.768204 -1.298720 1.174408
v -0.570206 -1.444840 1.113205
v -0.532204 -1.444840 1.118408
v -0.825203 -1.298720 1.166603
v -0.862206 -1.298720 1.154602
v -0.595207 -1.444840 1.105202
v -0.825203 -1.298720 1.166603
v -0.570206 -1.444840 1.113205
v -0.277206 -1.530720 1.063103
v 0.156792 -1.530720 1.063103
v 0.373795 -1.444840 1.119805
v -0.493202 -1.444840 1.119805
v -0.060204 -1.564600 1.006401
v -0.060204 -1.564600 1.006401
v -0.060204 -1.564600 1.006401
v 0.704796 -1.298720 1.166603
v 0.474792 -1.444840 1.105202
v 0.742798 -1.298720 1.154602
v 0.449791 -1.444840 1.113205
v -0.060204 -1.564600 1.006401
v -0.060204 -1.564600 1.006401
v -0.060204 -1.564600 1.006401
v 0.175797 -1.530720 1.062401
v 0.373795 -1.444840 1.119805
v 0.156792 -1.530720 1.063103
v 0.411797 -1.444840 1.118408
v -0.532204 -1.444840 1.118408
v -0.296204 -1.530720 1.062401
v -0.493202 -1.444840 1.119805
v -0.277206 -1.530720 1.063103
v -0.060204 -1.564600 1.006401
v -0.060204 -1.564600 1.006401
v -0.060204 -1.564600 1.006401
v -0.060204 -1.564600 1.006401
v -0.060204 -1.564600 1.006401
v -0.060204 -1.564600 1.006401
v -0.060204 -1.564600 1.006401
v -0.060204 -1.564600 1.006401
v -0.060204 -1.564600 1.006401
v -0.060204 -1.564600 1.006401
v -6.529205 -3.188140 1.097107
v -6.529205 -3.188140 0.947907
v -6.527206 -3.202700 0.947907
v -6.527206 -3.202700 1.097107
v -6.527206 -3.202700 1.097107
v -6.527206 -3.202700 0.947907
v -6.523209 -3.216700 0.947907
v -6.523209 -3.216700 1.097107
v -6.527206 -3.173590 1.097107
v -6.527206 -3.173590 0.947907
v -6.529205 -3.188140 0.947907
v -6.529205 -3.188140 1.097107
v -6.523209 -3.216700 1.097107
v -6.523209 -3.216700 0.947907
v -6.516205 -3.229600 0.947907
v -6.516205 -3.229600 1.097107
v -6.523209 -3.159590 1.097107
v -6.523209 -3.159590 0.947907
v -6.527206 -3.173590 0.947907
v -6.527206 -3.173590 1.097107
v -6.516205 -3.229600 1.097107
v -6.516205 -3.229600 0.947907
v -6.507202 -3.240910 0.947907
v -6.507202 -3.240910 1.097107
v -6.516205 -3.146690 1.097107
v -6.516205 -3.146690 0.947907
v -6.523209 -3.159590 0.947907
v -6.523209 -3.159590 1.097107
v -4.940208 -4.157370 1.097107
v -4.940208 -4.157370 0.947907
v -4.935204 -4.171371 0.947907
v -4.935204 -4.171371 1.097107
v -4.929207 -4.184270 0.947907
v -4.935204 -4.171371 1.097107
v -4.935204 -4.171371 0.947907
v -4.929207 -4.184270 1.097107
v -4.941208 -4.142810 1.097107
v -4.941208 -4.142810 0.947907
v -4.940208 -4.157370 0.947907
v -4.940208 -4.157370 1.097107
v -4.995209 -2.096810 1.097107
v -4.995209 -2.096810 0.947907
v -4.997208 -2.111370 0.947907
v -4.997208 -2.111370 1.097107
v -4.929207 -4.184270 1.097107
v -4.929207 -4.184270 0.947907
v -4.919205 -4.195580 0.947907
v -4.919205 -4.195580 1.097107
v -4.997208 -2.111370 1.097107
v -4.997208 -2.111370 0.947907
v -4.995209 -2.125920 0.947907
v -4.995209 -2.125920 1.097107
v -4.991203 -2.082810 1.097107
v -4.991203 -2.082810 0.947907
v -4.995209 -2.096810 0.947907
v -4.995209 -2.096810 1.097107
v -4.940208 -4.128260 1.097107
v -4.940208 -4.128260 0.947907
v -4.941208 -4.142810 0.947907
v -4.941208 -4.142810 1.097107
v -4.995209 -2.125920 1.097107
v -4.995209 -2.125920 0.947907
v -4.991203 -2.139920 0.947907
v -4.991203 -2.139920 1.097107
v -6.507202 -3.135380 1.097107
v -6.507202 -3.135380 0.947907
v -6.516205 -3.146690 0.947907
v -6.516205 -3.146690 1.097107
v -4.984207 -2.069910 1.097107
v -4.984207 -2.069910 0.947907
v -4.991203 -2.082810 0.947907
v -4.991203 -2.082810 1.097107
v -4.991203 -2.139920 1.097107
v -4.991203 -2.139920 0.947907
v -4.984207 -2.152820 0.947907
v -4.984207 -2.152820 1.097107
v -4.935204 -4.114260 1.097107
v -4.935204 -4.114260 0.947907
v -4.940208 -4.128260 0.947907
v -4.940208 -4.128260 1.097107
v -4.975204 -2.058600 1.097107
v -4.975204 -2.058600 0.947907
v -4.984207 -2.069910 0.947907
v -4.984207 -2.069910 1.097107
v -4.984207 -2.152820 1.097107
v -4.984207 -2.152820 0.947907
v -4.975204 -2.164130 0.947907
v -4.975204 -2.164130 1.097107
v -4.929207 -4.101360 1.097107
v -4.929207 -4.101360 0.947907
v -4.935204 -4.114260 0.947907
v -4.935204 -4.114260 1.097107
v -4.919205 -4.090050 1.097107
v -4.919205 -4.090050 0.947907
v -4.929207 -4.101360 0.947907
v -4.929207 -4.101360 1.097107
v -1.122208 -0.839870 1.165405
v -1.122208 -0.839870 0.734001
v -1.173203 -0.904600 0.734001
v -1.173203 -0.904600 1.165405
v -1.115204 -0.845380 0.714401
v -1.173203 -0.904600 0.734001
v -1.122208 -0.839870 0.734001
v -1.161209 -0.907360 0.711006
v -1.115204 -0.845380 1.185005
v -1.122208 -0.839870 1.165405
v -1.173203 -0.904600 1.165405
v -1.161209 -0.907360 1.188408
v -1.173203 -0.904600 1.165405
v -1.173203 -0.904600 0.734001
v -1.188202 -0.969330 0.734001
v -1.188202 -0.969330 1.165405
v -1.161209 -0.907360 0.711006
v -1.188202 -0.969330 0.734001
v -1.173203 -0.904600 0.734001
v -1.173203 -0.969330 0.710007
v -1.161209 -0.907360 1.188408
v -1.173203 -0.904600 1.165405
v -1.188202 -0.969330 1.165405
v -1.173203 -0.969330 1.189507
v -1.188202 -0.969330 1.165405
v -1.188202 -0.969330 0.734001
v -1.108208 -1.138550 0.779404
v -1.108208 -1.138550 1.162003
v -1.188202 -0.969330 1.165405
v -1.094208 -1.138550 1.182007
v -1.173203 -0.969330 1.189507
v -1.108208 -1.138550 1.162003
v -1.108208 -1.138550 0.779404
v -1.188202 -0.969330 0.734001
v -1.094208 -1.138550 0.759407
v -1.173203 -0.969330 0.710007
v -0.060204 -1.564600 1.006401
v -0.060204 -1.564600 1.006401
v -0.060204 -1.564600 1.006401
v -0.060204 -1.564600 1.006401
v -0.060204 -1.564600 1.006401
v -0.060204 -1.564600 1.006401
v -0.060204 -1.564600 1.006401
v -0.060204 -1.564600 1.006401
v -0.060204 -1.564600 1.006401
v -0.060204 -1.564600 1.006401
v -0.060204 -1.564600 1.006401
v -0.060204 -1.564600 1.006401
v 4.715797 -4.184270 1.097107
v 4.715797 -4.184270 0.947907
v 4.724792 -4.195580 0.947907
v 4.724792 -4.195580 1.097107
v 4.708794 -4.171371 1.097107
v 4.708794 -4.171371 0.947907
v 4.715797 -4.184270 0.947907
v 4.715797 -4.184270 1.097107
v 4.780792 -2.058600 1.097107
v 4.780792 -2.058600 0.947907
v 4.770798 -2.069910 0.947907
v 4.770798 -2.069910 1.097107
v 4.770798 -2.152820 1.097107
v 4.770798 -2.152820 0.947907
v 4.780792 -2.164130 0.947907
v 4.780792 -2.164130 1.097107
v 4.704796 -4.157370 1.097107
v 4.704796 -4.157370 0.947907
v 4.708794 -4.171371 0.947907
v 4.708794 -4.171371 1.097107
v 4.770798 -2.069910 1.097107
v 4.770798 -2.069910 0.947907
v 4.763794 -2.082810 0.947907
v 4.763794 -2.082810 1.097107
v 4.763794 -2.139920 1.097107
v 4.763794 -2.139920 0.947907
v 4.770798 -2.152820 0.947907
v 4.770798 -2.152820 1.097107
v 6.302795 -3.229600 1.097107
v 6.302795 -3.229600 0.947907
v 6.311798 -3.240910 0.947907
v 6.311798 -3.240910 1.097107
v 4.763794 -2.082810 1.097107
v 4.763794 -2.082810 0.947907
v 4.759796 -2.096810 0.947907
v 4.759796 -2.096810 1.097107
v 4.702797 -4.142810 1.097107
v 4.702797 -4.142810 0.947907
v 4.704796 -4.157370 0.947907
v 4.704796 -4.157370 1.097107
v 4.759796 -2.125920 1.097107
v 4.759796 -2.125920 0.947907
v 4.763794 -2.139920 0.947907
v 4.763794 -2.139920 1.097107
v 4.759796 -2.096810 1.097107
v 4.759796 -2.096810 0.947907
v 4.758797 -2.111370 0.947907
v 4.758797 -2.111370 1.097107
v 4.724792 -4.090050 1.097107
v 4.724792 -4.090050 0.947907
v 4.715797 -4.101360 0.947907
v 4.715797 -4.101360 1.097107
v 4.758797 -2.111370 1.097107
v 4.758797 -2.111370 0.947907
v 4.759796 -2.125920 0.947907
v 4.759796 -2.125920 1.097107
v 4.704796 -4.128260 1.097107
v 4.704796 -4.128260 0.947907
v 4.702797 -4.142810 0.947907
v 4.702797 -4.142810 1.097107
v 4.715797 -4.101360 1.097107
v 4.715797 -4.101360 0.947907
v 4.708794 -4.114260 0.947907
v 4.708794 -4.114260 1.097107
v 4.708794 -4.114260 1.097107
v 4.708794 -4.114260 0.947907
v 4.704796 -4.128260 0.947907
v 4.704796 -4.128260 1.097107
v 6.295792 -3.216700 1.097107
v 6.295792 -3.216700 0.947907
v 6.302795 -3.229600 0.947907
v 6.302795 -3.229600 1.097107
v 6.311798 -3.135380 1.097107
v 6.311798 -3.135380 0.947907
v 6.302795 -3.146690 0.947907
v 6.302795 -3.146690 1.097107
v 6.291794 -3.202700 1.097107
v 6.291794 -3.202700 0.947907
v 6.295792 -3.216700 0.947907
v 6.295792 -3.216700 1.097107
v 6.302795 -3.146690 1.097107
v 6.302795 -3.146690 0.947907
v 6.295792 -3.159590 0.947907
v 6.295792 -3.159590 1.097107
v 6.290802 -3.188140 1.097107
v 6.290802 -3.188140 0.947907
v 6.291794 -3.202700 0.947907
v 6.291794 -3.202700 1.097107
v 6.295792 -3.159590 1.097107
v 6.295792 -3.159590 0.947907
v 6.291794 -3.173590 0.947907
v 6.291794 -3.173590 1.097107
v 6.291794 -3.173590 1.097107
v 6.291794 -3.173590 0.947907
v 6.290802 -3.188140 0.947907
v 6.290802 -3.188140 1.097107
v 6.406799 -3.250190 1.097107
v 6.417801 -3.240910 0.947907
v 6.417801 -3.240910 1.097107
v 6.406799 -3.250190 0.947907
v -6.495209 -3.250190 0.947907
v -6.507202 -3.240910 1.097107
v -6.507202 -3.240910 0.947907
v -6.495209 -3.250190 1.097107
v 4.830795 -4.195580 0.947907
v 4.830795 -4.195580 1.097107
v 4.818794 -4.204860 1.097107
v 4.818794 -4.204860 0.947907
v -4.919205 -4.195580 1.097107
v -4.919205 -4.195580 0.947907
v -4.908203 -4.204860 0.947907
v -4.908203 -4.204860 1.097107
v 4.805794 -4.211750 1.097107
v 4.805794 -4.211750 0.947907
v 4.818794 -4.204860 0.947907
v 4.818794 -4.204860 1.097107
v -4.895203 -4.211750 0.947907
v -4.908203 -4.204860 1.097107
v -4.908203 -4.204860 0.947907
v -4.895203 -4.211750 1.097107
v 6.393799 -3.257080 1.097107
v 6.393799 -3.257080 0.947907
v 6.406799 -3.250190 0.947907
v 6.406799 -3.250190 1.097107
v -6.482208 -3.257080 0.947907
v -6.495209 -3.250190 1.097107
v -6.495209 -3.250190 0.947907
v -6.482208 -3.257080 1.097107
v 4.791794 -4.216000 1.097107
v 4.791794 -4.216000 0.947907
v 4.805794 -4.211750 0.947907
v 4.805794 -4.211750 1.097107
v -4.881203 -4.216000 0.947907
v -4.895203 -4.211750 1.097107
v -4.895203 -4.211750 0.947907
v -4.881203 -4.216000 1.097107
v 4.885796 -2.164130 0.947907
v 4.885796 -2.164130 1.097107
v 4.874794 -2.173410 1.097107
v 4.874794 -2.173410 0.947907
v -4.975204 -2.164130 1.097107
v -4.975204 -2.164130 0.947907
v -4.963203 -2.173410 0.947907
v -4.963203 -2.173410 1.097107
v -6.468208 -3.261330 0.947907
v -6.482208 -3.257080 1.097107
v -6.482208 -3.257080 0.947907
v -6.468208 -3.261330 1.097107
v 6.379791 -3.261330 1.097107
v 6.379791 -3.261330 0.947907
v 6.393799 -3.257080 0.947907
v 6.393799 -3.257080 1.097107
v -4.866203 -4.217430 0.947907
v -4.881203 -4.216000 1.097107
v -4.881203 -4.216000 0.947907
v -4.866203 -4.217430 1.097107
v 4.777794 -4.217430 1.097107
v 4.777794 -4.217430 0.947907
v 4.791794 -4.216000 0.947907
v 4.791794 -4.216000 1.097107
v 4.861794 -2.180310 1.097107
v 4.861794 -2.180310 0.947907
v 4.874794 -2.173410 0.947907
v 4.874794 -2.173410 1.097107
v -4.951202 -2.180310 0.947907
v -4.963203 -2.173410 1.097107
v -4.963203 -2.173410 0.947907
v -4.951202 -2.180310 1.097107
v -6.454208 -3.262760 0.947907
v -6.468208 -3.261330 1.097107
v -6.468208 -3.261330 0.947907
v -6.454208 -3.262760 1.097107
v 6.364792 -3.262760 1.097107
v 6.364792 -3.262760 0.947907
v 6.379791 -3.261330 0.947907
v 6.379791 -3.261330 1.097107
v -4.852203 -4.216000 0.947907
v -4.866203 -4.217430 1.097107
v -4.866203 -4.217430 0.947907
v -4.852203 -4.216000 1.097107
v 4.762794 -4.216000 1.097107
v 4.762794 -4.216000 0.947907
v 4.777794 -4.217430 0.947907
v 4.777794 -4.217430 1.097107
v -4.937202 -2.184550 0.947907
v -4.951202 -2.180310 1.097107
v -4.951202 -2.180310 0.947907
v -4.937202 -2.184550 1.097107
v 4.847794 -2.184550 1.097107
v 4.847794 -2.184550 0.947907
v 4.861794 -2.180310 0.947907
v 4.861794 -2.180310 1.097107
v -4.838203 -4.211750 0.947907
v -4.852203 -4.216000 1.097107
v -4.852203 -4.216000 0.947907
v -4.838203 -4.211750 1.097107
v 4.748795 -4.211750 1.097107
v 4.748795 -4.211750 0.947907
v 4.762794 -4.216000 0.947907
v 4.762794 -4.216000 1.097107
v -4.922203 -2.185990 0.947907
v -4.937202 -2.184550 1.097107
v -4.937202 -2.184550 0.947907
v -4.922203 -2.185990 1.097107
v 4.832794 -2.185990 1.097107
v 4.832794 -2.185990 0.947907
v 4.847794 -2.184550 0.947907
v 4.847794 -2.184550 1.097107
v -6.439209 -3.261330 0.947907
v -6.454208 -3.262760 1.097107
v -6.454208 -3.262760 0.947907
v -6.439209 -3.261330 1.097107
v 6.350800 -3.261330 1.097107
v 6.350800 -3.261330 0.947907
v 6.364792 -3.262760 0.947907
v 6.364792 -3.262760 1.097107
v -1.108208 -1.138550 1.162003
v -0.972206 -1.229210 1.168305
v -1.094208 -1.138550 1.182007
v -0.984207 -1.229210 1.152207
v 0.851791 -1.229210 1.168305
v 0.987793 -1.138550 1.162003
v 0.973793 -1.138550 1.182007
v 0.863792 -1.229210 1.152207
v -1.108208 -1.138550 1.162003
v -1.108208 -1.138550 0.779404
v -0.984207 -1.229210 0.824806
v -0.984207 -1.229210 1.152207
v 0.863792 -1.229210 0.824806
v 0.987793 -1.138550 1.162003
v 0.863792 -1.229210 1.152207
v 0.987793 -1.138550 0.779404
v -0.060204 -1.564600 1.006401
v -0.060204 -1.564600 1.006401
v -0.060204 -1.564600 1.006401
v -0.060204 -1.564600 1.006401
v -0.060204 -1.564600 1.006401
v -0.060204 -1.564600 1.006401
v -0.984207 -1.229210 1.152207
v -0.862206 -1.298720 1.154602
v -0.972206 -1.229210 1.168305
v -0.873207 -1.298720 1.142502
v -0.984207 -1.229210 0.824806
v -1.108208 -1.138550 0.779404
v -0.972206 -1.229210 0.808807
v -1.094208 -1.138550 0.759407
v 0.742798 -1.298720 1.154602
v 0.863792 -1.229210 1.152207
v 0.851791 -1.229210 1.168305
v 0.752792 -1.298720 1.142502
v -1.094208 -1.138550 0.759407
v -0.930206 -1.229210 0.792702
v -0.972206 -1.229210 0.808807
v -1.046204 -1.138550 0.739304
v 0.851791 -1.229210 0.808807
v 0.987793 -1.138550 0.779404
v 0.863792 -1.229210 0.824806
v 0.973793 -1.138550 0.759407
v 0.809792 -1.229210 0.792702
v 0.973793 -1.138550 0.759407
v 0.851791 -1.229210 0.808807
v 0.926796 -1.138550 0.739304
v -0.984207 -1.229210 1.152207
v -0.984207 -1.229210 0.824806
v -0.873207 -1.298720 0.870201
v -0.873207 -1.298720 1.142502
v 0.752792 -1.298720 0.870201
v 0.863792 -1.229210 1.152207
v 0.752792 -1.298720 1.142502
v 0.863792 -1.229210 0.824806
v -0.060204 -1.564600 1.006401
v -0.060204 -1.564600 1.006401
v -0.060204 -1.564600 1.006401
v -0.060204 -1.564600 1.006401
v -0.060204 -1.564600 1.006401
v -0.060204 -1.564600 1.006401
v -0.873207 -1.298720 1.142502
v -0.595207 -1.444840 1.105202
v -0.862206 -1.298720 1.154602
v -0.602203 -1.444840 1.097107
v -0.602203 -1.444840 0.915604
v -0.873207 -1.298720 0.870201
v -0.595207 -1.444840 0.907608
v -0.862206 -1.298720 0.858208
v -0.315208 -1.530720 0.952904
v -0.532204 -1.444840 0.894402
v -0.296204 -1.530720 0.950401
v -0.570206 -1.444840 0.899506
v 0.175797 -1.530720 0.950401
v 0.411797 -1.444840 0.894402
v 0.194794 -1.530720 0.952904
v 0.449791 -1.444840 0.899506
v 0.194794 -1.530720 1.059807
v 0.411797 -1.444840 1.118408
v 0.175797 -1.530720 1.062401
v 0.449791 -1.444840 1.113205
v -0.532204 -1.444840 1.118408
v -0.315208 -1.530720 1.059807
v -0.296204 -1.530720 1.062401
v -0.570206 -1.444840 1.113205
v 0.474792 -1.444840 0.907608
v 0.752792 -1.298720 0.870201
v 0.481796 -1.444840 0.915604
v 0.742798 -1.298720 0.858208
v 0.742798 -1.298720 1.154602
v 0.474792 -1.444840 1.105202
v 0.752792 -1.298720 1.142502
v 0.481796 -1.444840 1.097107
v -0.873207 -1.298720 0.870201
v -0.984207 -1.229210 0.824806
v -0.862206 -1.298720 0.858208
v -0.972206 -1.229210 0.808807
v -0.873207 -1.298720 1.142502
v -0.873207 -1.298720 0.870201
v -0.602203 -1.444840 0.915604
v -0.602203 -1.444840 1.097107
v 0.742798 -1.298720 0.858208
v 0.863792 -1.229210 0.824806
v 0.752792 -1.298720 0.870201
v 0.851791 -1.229210 0.808807
v -0.825203 -1.298720 0.846108
v -0.864204 -1.229210 0.782402
v -0.930206 -1.229210 0.792702
v 0.744797 -1.229210 0.782402
v 0.704796 -1.298720 0.846108
v 0.809792 -1.229210 0.792702
v 0.752792 -1.298720 0.870201
v 0.481796 -1.444840 1.097107
v 0.481796 -1.444840 0.915604
v 0.752792 -1.298720 1.142502
v -0.972206 -1.229210 0.808807
v -0.825203 -1.298720 0.846108
v -0.862206 -1.298720 0.858208
v -0.930206 -1.229210 0.792702
v 0.704796 -1.298720 0.846108
v 0.851791 -1.229210 0.808807
v 0.742798 -1.298720 0.858208
v 0.809792 -1.229210 0.792702
v -0.060204 -1.564600 1.006401
v -0.060204 -1.564600 1.006401
v -0.060204 -1.564600 1.006401
v -0.060204 -1.564600 1.006401
v -0.060204 -1.564600 1.006401
v -0.060204 -1.564600 1.006401
v -0.060204 -1.564600 1.006401
v -0.060204 -1.564600 1.006401
v -0.060204 -1.564600 1.006401
v -0.060204 -1.564600 1.006401
v -0.060204 -1.564600 1.006401
v -0.060204 -1.564600 1.006401
v -0.060204 -1.564600 1.006401
v -0.060204 -1.564600 1.006401
v -0.060204 -1.564600 1.006401
v -0.060204 -1.564600 1.006401
v -0.060204 -1.564600 1.006401
v -0.060204 -1.564600 1.006401
v -0.060204 -1.564600 1.006401
v -0.060204 -1.564600 1.006401
v -0.060204 -1.564600 1.006401
v -0.060204 -1.564600 1.006401
v -0.060204 -1.564600 1.006401
v -0.060204 -1.564600 1.006401
v -0.595207 -1.444840 1.105202
v -0.327202 -1.530720 1.055802
v -0.570206 -1.444840 1.113205
v -0.315208 -1.530720 1.059807
v -0.327202 -1.530720 0.957001
v -0.570206 -1.444840 0.899506
v -0.315208 -1.530720 0.952904
v -0.595207 -1.444840 0.907608
v 0.194794 -1.530720 0.952904
v 0.449791 -1.444840 0.899506
v 0.207794 -1.530720 0.957001
v 0.474792 -1.444840 0.907608
v 0.449791 -1.444840 1.113205
v 0.207794 -1.530720 1.055802
v 0.474792 -1.444840 1.105202
v 0.194794 -1.530720 1.059807
v -4.825203 -4.204860 0.947907
v -4.838203 -4.211750 1.097107
v -4.838203 -4.211750 0.947907
v -4.825203 -4.204860 1.097107
v 4.735794 -4.204860 1.097107
v 4.735794 -4.204860 0.947907
v 4.748795 -4.211750 0.947907
v 4.748795 -4.211750 1.097107
v -4.907204 -2.184550 0.947907
v -4.922203 -2.185990 1.097107
v -4.922203 -2.185990 0.947907
v -4.907204 -2.184550 1.097107
v 4.818794 -2.184550 0.947907
v 4.832794 -2.185990 1.097107
v 4.818794 -2.184550 1.097107
v 4.832794 -2.185990 0.947907
v -0.277206 -1.530720 0.949608
v 0.156792 -1.530720 0.949608
v -0.060204 -1.564600 1.006401
v -0.060204 -1.564600 1.006401
v -0.060204 -1.564600 1.006401
v 0.156792 -1.530720 1.063103
v -0.060204 -1.564600 1.006401
v -0.277206 -1.530720 1.063103
v -0.602203 -1.444840 1.097107
v -0.327202 -1.530720 1.055802
v -0.595207 -1.444840 1.105202
v -0.331207 -1.530720 1.051804
v -0.331207 -1.530720 0.961006
v -0.602203 -1.444840 0.915604
v -0.327202 -1.530720 0.957001
v -0.595207 -1.444840 0.907608
v -0.277206 -1.530720 0.949608
v -0.060204 -1.564600 1.006401
v -0.296204 -1.530720 0.950401
v -0.060204 -1.564600 1.006401
v -0.060204 -1.564600 1.006401
v 0.156792 -1.530720 0.949608
v -0.060204 -1.564600 1.006401
v 0.175797 -1.530720 0.950401
v 0.207794 -1.530720 0.957001
v 0.481796 -1.444840 0.915604
v 0.210793 -1.530720 0.961006
v 0.474792 -1.444840 0.907608
v 0.474792 -1.444840 1.105202
v 0.207794 -1.530720 1.055802
v 0.481796 -1.444840 1.097107
v 0.210793 -1.530720 1.051804
v -0.060204 -1.564600 1.006401
v 0.156792 -1.530720 1.063103
v -0.060204 -1.564600 1.006401
v 0.175797 -1.530720 1.062401
v -0.296204 -1.530720 1.062401
v -0.060204 -1.564600 1.006401
v -0.277206 -1.530720 1.063103
v -0.060204 -1.564600 1.006401
v -0.602203 -1.444840 1.097107
v -0.602203 -1.444840 0.915604
v -0.331207 -1.530720 0.961006
v -0.331207 -1.530720 1.051804
v 0.210793 -1.530720 0.961006
v 0.481796 -1.444840 1.097107
v 0.210793 -1.530720 1.051804
v 0.481796 -1.444840 0.915604
v -0.060204 -1.564600 1.006401
v -0.060204 -1.564600 1.006401
v -0.060204 -1.564600 1.006401
v -0.060204 -1.564600 1.006401
v -0.060204 -1.564600 1.006401
v -0.060204 -1.564600 1.006401
v -0.060204 -1.564600 1.006401
v -0.060204 -1.564600 1.006401
v -0.060204 -1.564600 1.006401
v -0.060204 -1.564600 1.006401
v -0.060204 -1.564600 1.006401
v -0.060204 -1.564600 1.006401
v -0.060204 -1.564600 1.006401
v -0.060204 -1.564600 1.006401
v -0.060204 -1.564600 1.006401
v -0.060204 -1.564600 1.006401
v -0.060204 -1.564600 1.006401
v -0.296204 -1.530720 0.950401
v -0.060204 -1.564600 1.006401
v -0.315208 -1.530720 0.952904
v -0.060204 -1.564600 1.006401
v 0.175797 -1.530720 0.950401
v -0.060204 -1.564600 1.006401
v 0.194794 -1.530720 0.952904
v -0.060204 -1.564600 1.006401
v 0.175797 -1.530720 1.062401
v -0.060204 -1.564600 1.006401
v 0.194794 -1.530720 1.059807
v -0.296204 -1.530720 1.062401
v -0.060204 -1.564600 1.006401
v -0.060204 -1.564600 1.006401
v -0.315208 -1.530720 1.059807
v -0.060204 -1.564600 1.006401
v -0.060204 -1.564600 1.006401
v -0.060204 -1.564600 1.006401
v -0.060204 -1.564600 1.006401
v -0.060204 -1.564600 1.006401
v -0.060204 -1.564600 1.006401
v -0.060204 -1.564600 1.006401
v -0.060204 -1.564600 1.006401
v -0.060204 -1.564600 1.006401
v -0.060204 -1.564600 1.006401
v -0.060204 -1.564600 1.006401
v -0.060204 -1.564600 1.006401
v -0.060204 -1.564600 1.006401
v -0.060204 -1.564600 1.006401
v -0.060204 -1.564600 1.006401
v -0.060204 -1.564600 1.006401
v -0.060204 -1.564600 1.006401
v -0.060204 -1.564600 1.006401
v -0.060204 -1.564600 1.006401
v -0.060204 -1.564600 1.006401
v -0.060204 -1.564600 1.006401
v -0.060204 -1.564600 1.006401
v -0.060204 -1.564600 1.006401
v -0.060204 -1.564600 1.006401
v -0.060204 -1.564600 1.006401
v -0.060204 -1.564600 1.006401
v -0.060204 -1.564600 1.006401
v -0.060204 -1.564600 1.006401
v -0.060204 -1.564600 1.006401
v -0.060204 -1.564600 1.006401
v -0.060204 -1.564600 1.006401
v -0.060204 -1.564600 1.006401
v -0.327202 -1.530720 1.055802
v -0.060204 -1.564600 1.006401
v -0.315208 -1.530720 1.059807
v -0.060204 -1.564600 1.006401
v -0.060204 -1.564600 1.006401
v -0.315208 -1.530720 0.952904
v -0.060204 -1.564600 1.006401
v -0.327202 -1.530720 0.957001
v -0.060204 -1.564600 1.006401
v 0.194794 -1.530720 0.952904
v -0.060204 -1.564600 1.006401
v 0.207794 -1.530720 0.957001
v -0.060204 -1.564600 1.006401
v 0.194794 -1.530720 1.059807
v -0.060204 -1.564600 1.006401
v 0.207794 -1.530720 1.055802
v -0.331207 -1.530720 1.051804
v -0.060204 -1.564600 1.006401
v -0.327202 -1.530720 1.055802
v -0.060204 -1.564600 1.006401
v -0.060204 -1.564600 1.006401
v -0.331207 -1.530720 0.961006
v -0.060204 -1.564600 1.006401
v -0.327202 -1.530720 0.957001
v -0.060204 -1.564600 1.006401
v -0.060204 -1.564600 1.006401
v -0.060204 -1.564600 1.006401
v -0.060204 -1.564600 1.006401
v -0.060204 -1.564600 1.006401
v -0.060204 -1.564600 1.006401
v -0.060204 -1.564600 1.006401
v -0.060204 -1.564600 1.006401
v -0.331207 -1.530720 0.961006
v -0.060204 -1.564600 1.006401
v -0.331207 -1.530720 1.051804
v -0.060204 -1.564600 1.006401
v -0.060204 -1.564600 1.006401
v 0.210793 -1.530720 0.961006
v -0.060204 -1.564600 1.006401
v 0.207794 -1.530720 0.957001
v -0.060204 -1.564600 1.006401
v 0.210793 -1.530720 1.051804
v -0.060204 -1.564600 1.006401
v 0.210793 -1.530720 0.961006
v 0.207794 -1.530720 1.055802
v -0.060204 -1.564600 1.006401
v 0.210793 -1.530720 1.051804
v -0.060204 -1.564600 1.006401
v -0.060204 -1.564600 1.006401
v -0.060204 -1.564600 1.006401
v -0.060204 -1.564600 1.006401
v -0.060204 -1.564600 1.006401
v -6.425209 -3.257080 0.947907
v -6.439209 -3.261330 1.097107
v -6.439209 -3.261330 0.947907
v -6.425209 -3.257080 1.097107
v 6.336792 -3.257080 1.097107
v 6.336792 -3.257080 0.947907
v 6.350800 -3.261330 0.947907
v 6.350800 -3.261330 1.097107
v -4.893204 -2.180310 0.947907
v -4.907204 -2.184550 1.097107
v -4.907204 -2.184550 0.947907
v -4.893204 -2.180310 1.097107
v 4.804794 -2.180310 1.097107
v 4.804794 -2.180310 0.947907
v 4.818794 -2.184550 0.947907
v 4.818794 -2.184550 1.097107
v -4.814209 -4.195580 0.947907
v -4.814209 -4.195580 1.097107
v -4.825203 -4.204860 1.097107
v -4.825203 -4.204860 0.947907
v 4.724792 -4.195580 1.097107
v 4.724792 -4.195580 0.947907
v 4.735794 -4.204860 0.947907
v 4.735794 -4.204860 1.097107
v -6.412209 -3.250190 0.947907
v -6.425209 -3.257080 1.097107
v -6.425209 -3.257080 0.947907
v -6.412209 -3.250190 1.097107
v 6.323792 -3.250190 1.097107
v 6.323792 -3.250190 0.947907
v 6.336792 -3.257080 0.947907
v 6.336792 -3.257080 1.097107
v -4.881203 -2.173410 0.947907
v -4.893204 -2.180310 1.097107
v -4.893204 -2.180310 0.947907
v -4.881203 -2.173410 1.097107
v 4.791794 -2.173410 1.097107
v 4.791794 -2.173410 0.947907
v 4.804794 -2.180310 0.947907
v 4.804794 -2.180310 1.097107
v -4.869209 -2.164130 0.947907
v -4.869209 -2.164130 1.097107
v -4.881203 -2.173410 1.097107
v -4.881203 -2.173410 0.947907
v 4.780792 -2.164130 1.097107
v 4.780792 -2.164130 0.947907
v 4.791794 -2.173410 0.947907
v 4.791794 -2.173410 1.097107
v -6.401207 -3.240910 0.947907
v -6.401207 -3.240910 1.097107
v -6.412209 -3.250190 1.097107
v -6.412209 -3.250190 0.947907
v 6.311798 -3.240910 1.097107
v 6.311798 -3.240910 0.947907
v 6.323792 -3.250190 0.947907
v 6.323792 -3.250190 1.097107
v -1.039207 -0.808590 0.711006
v -1.093208 -0.863630 0.694702
v -1.115204 -0.845380 0.714401
v -1.028206 -0.845380 0.687904
v 0.994797 -0.845380 0.714401
v 0.972794 -0.863630 0.694702
v 0.918793 -0.808590 0.711006
v 0.907791 -0.845380 0.687904
v -1.093208 -0.863630 0.694702
v -1.161209 -0.907360 0.711006
v -1.115204 -0.845380 0.714401
v -1.115204 -0.916480 0.687904
v 0.972794 -0.863630 0.694702
v 0.994797 -0.845380 0.714401
v 1.040794 -0.907360 0.711006
v 0.994797 -0.916480 0.687904
v -0.962204 -0.798070 0.710007
v -1.028206 -0.845380 0.687904
v -1.039207 -0.808590 0.711006
v -0.962204 -0.839870 0.685906
v 0.918793 -0.808590 0.711006
v 0.907791 -0.845380 0.687904
v 0.842796 -0.798070 0.710007
v 0.842796 -0.839870 0.685906
v -0.962204 -0.798070 0.710007
v 0.842796 -0.798070 0.710007
v 0.842796 -0.839870 0.685906
v -0.962204 -0.839870 0.685906
v -1.115204 -0.916480 0.687904
v -1.173203 -0.969330 0.710007
v -1.161209 -0.907360 0.711006
v -1.122208 -0.969330 0.685906
v 0.994797 -0.916480 0.687904
v 1.040794 -0.907360 0.711006
v 1.053795 -0.969330 0.710007
v 1.001793 -0.969330 0.685906
v -1.093208 -0.863630 0.694702
v -1.028206 -0.845380 0.687904
v -1.039207 -0.907360 0.674301
v -1.115204 -0.916480 0.687904
v 0.972794 -0.863630 0.694702
v 0.918793 -0.907360 0.674301
v 0.907791 -0.845380 0.687904
v 0.994797 -0.916480 0.687904
v 0.907791 -0.845380 0.687904
v 0.842796 -0.904600 0.670303
v 0.842796 -0.839870 0.685906
v 0.918793 -0.907360 0.674301
v -1.028206 -0.845380 0.687904
v -0.962204 -0.839870 0.685906
v -0.962204 -0.904600 0.670303
v -1.039207 -0.907360 0.674301
v -0.962204 -0.839870 0.685906
v 0.842796 -0.839870 0.685906
v 0.842796 -0.904600 0.670303
v -0.962204 -0.904600 0.670303
v 0.994797 -0.916480 0.687904
v 0.922798 -0.969330 0.670303
v 0.918793 -0.907360 0.674301
v 1.001793 -0.969330 0.685906
v -1.115204 -0.916480 0.687904
v -1.039207 -0.907360 0.674301
v -1.042206 -0.969330 0.670303
v -1.122208 -0.969330 0.685906
v 0.918793 -0.907360 0.674301
v 0.842796 -0.969330 0.666008
v 0.842796 -0.904600 0.670303
v 0.922798 -0.969330 0.670303
v -1.039207 -0.907360 0.674301
v -0.962204 -0.904600 0.670303
v -0.962204 -0.969330 0.666008
v -1.042206 -0.969330 0.670303
v -0.962204 -0.904600 0.670303
v 0.842796 -0.904600 0.670303
v 0.842796 -0.969330 0.666008
v -0.962204 -0.969330 0.666008
v -1.094208 -1.138550 0.759407
v -1.173203 -0.969330 0.710007
v -1.046204 -1.138550 0.739304
v -1.122208 -0.969330 0.685906
v -4.963203 -2.049320 0.947907
v -4.881203 -2.049320 0.947907
v -4.869209 -2.058600 0.947907
v -4.893204 -2.042430 0.947907
v -4.975204 -2.058600 0.947907
v -4.951202 -2.042430 0.947907
v -4.984207 -2.069910 0.947907
v -4.937202 -2.038180 0.947907
v -4.907204 -2.038180 0.947907
v -4.922203 -2.036750 0.947907
v -4.860207 -2.069910 0.947907
v -4.853203 -2.082810 0.947907
v -4.991203 -2.082810 0.947907
v -4.995209 -2.096810 0.947907
v -4.849205 -2.096810 0.947907
v -4.997208 -2.111370 0.947907
v -4.847206 -2.111370 0.947907
v -4.849205 -2.125920 0.947907
v -4.995209 -2.125920 0.947907
v -4.991203 -2.139920 0.947907
v -4.853203 -2.139920 0.947907
v -4.984207 -2.152820 0.947907
v -4.860207 -2.152820 0.947907
v -4.869209 -2.164130 0.947907
v -4.975204 -2.164130 0.947907
v -4.963203 -2.173410 0.947907
v -4.881203 -2.173410 0.947907
v -4.893204 -2.180310 0.947907
v -4.951202 -2.180310 0.947907
v -4.937202 -2.184550 0.947907
v -4.907204 -2.184550 0.947907
v -4.922203 -2.185990 0.947907
v -4.908203 -4.080770 0.947907
v -4.825203 -4.080770 0.947907
v -4.814209 -4.090050 0.947907
v -4.838203 -4.073880 0.947907
v -4.919205 -4.090050 0.947907
v -4.895203 -4.073880 0.947907
v -4.929207 -4.101360 0.947907
v -4.881203 -4.069630 0.947907
v -4.852203 -4.069630 0.947907
v -4.866203 -4.068200 0.947907
v -4.804207 -4.101360 0.947907
v -4.798203 -4.114260 0.947907
v -4.935204 -4.114260 0.947907
v -4.940208 -4.128260 0.947907
v -4.793205 -4.128260 0.947907
v -4.941208 -4.142810 0.947907
v -4.792206 -4.142810 0.947907
v -4.793205 -4.157370 0.947907
v -4.940208 -4.157370 0.947907
v -4.935204 -4.171371 0.947907
v -4.798203 -4.171371 0.947907
v -4.929207 -4.184270 0.947907
v -4.804207 -4.184270 0.947907
v -4.814209 -4.195580 0.947907
v -4.919205 -4.195580 0.947907
v -4.908203 -4.204860 0.947907
v -4.825203 -4.204860 0.947907
v -4.838203 -4.211750 0.947907
v -4.895203 -4.211750 0.947907
v -4.881203 -4.216000 0.947907
v -4.852203 -4.216000 0.947907
v -4.866203 -4.217430 0.947907
v -6.495209 -3.126100 0.947907
v -6.412209 -3.126100 0.947907
v -6.401207 -3.135380 0.947907
v -6.425209 -3.119210 0.947907
v -6.507202 -3.135380 0.947907
v -6.482208 -3.119210 0.947907
v -6.516205 -3.146690 0.947907
v -6.468208 -3.114960 0.947907
v -6.439209 -3.114960 0.947907
v -6.454208 -3.113530 0.947907
v -6.392204 -3.146690 0.947907
v -6.385208 -3.159590 0.947907
v -6.523209 -3.159590 0.947907
v -6.527206 -3.173590 0.947907
v -6.381203 -3.173590 0.947907
v -6.529205 -3.188140 0.947907
v -6.379204 -3.188140 0.947907
v -6.381203 -3.202700 0.947907
v -6.527206 -3.202700 0.947907
v -6.523209 -3.216700 0.947907
v -6.385208 -3.216700 0.947907
v -6.516205 -3.229600 0.947907
v -6.392204 -3.229600 0.947907
v -6.401207 -3.240910 0.947907
v -6.507202 -3.240910 0.947907
v -6.495209 -3.250190 0.947907
v -6.412209 -3.250190 0.947907
v -6.425209 -3.257080 0.947907
v -6.482208 -3.257080 0.947907
v -6.468208 -3.261330 0.947907
v -6.439209 -3.261330 0.947907
v -6.454208 -3.262760 0.947907
v 4.724792 -4.090050 0.947907
v 4.818794 -4.080770 0.947907
v 4.830795 -4.090050 0.947907
v 4.839798 -4.101360 0.947907
v 4.735794 -4.080770 0.947907
v 4.715797 -4.101360 0.947907
v 4.748795 -4.073880 0.947907
v 4.708794 -4.114260 0.947907
v 4.805794 -4.073880 0.947907
v 4.846794 -4.114260 0.947907
v 4.791794 -4.069630 0.947907
v 4.762794 -4.069630 0.947907
v 4.777794 -4.068200 0.947907
v 4.704796 -4.128260 0.947907
v 4.850792 -4.128260 0.947907
v 4.851791 -4.142810 0.947907
v 4.702797 -4.142810 0.947907
v 4.704796 -4.157370 0.947907
v 4.850792 -4.157370 0.947907
v 4.708794 -4.171371 0.947907
v 4.846794 -4.171371 0.947907
v 4.839798 -4.184270 0.947907
v 4.715797 -4.184270 0.947907
v 4.724792 -4.195580 0.947907
v 4.830795 -4.195580 0.947907
v 4.818794 -4.204860 0.947907
v 4.735794 -4.204860 0.947907
v 4.748795 -4.211750 0.947907
v 4.805794 -4.211750 0.947907
v 4.762794 -4.216000 0.947907
v 4.791794 -4.216000 0.947907
v 4.777794 -4.217430 0.947907
v 4.780792 -2.058600 0.947907
v 4.874794 -2.049320 0.947907
v 4.885796 -2.058600 0.947907
v 4.894791 -2.069910 0.947907
v 4.791794 -2.049320 0.947907
v 4.770798 -2.069910 0.947907
v 4.804794 -2.042430 0.947907
v 4.763794 -2.082810 0.947907
v 4.861794 -2.042430 0.947907
v 4.901794 -2.082810 0.947907
v 4.847794 -2.038180 0.947907
v 4.818794 -2.038180 0.947907
v 4.832794 -2.036750 0.947907
v 4.759796 -2.096810 0.947907
v 4.906792 -2.096810 0.947907
v 4.907791 -2.111370 0.947907
v 4.758797 -2.111370 0.947907
v 4.759796 -2.125920 0.947907
v 4.906792 -2.125920 0.947907
v 4.763794 -2.139920 0.947907
v 4.901794 -2.139920 0.947907
v 4.894791 -2.152820 0.947907
v 4.770798 -2.152820 0.947907
v 4.780792 -2.164130 0.947907
v 4.885796 -2.164130 0.947907
v 4.874794 -2.173410 0.947907
v 4.791794 -2.173410 0.947907
v 4.804794 -2.180310 0.947907
v 4.861794 -2.180310 0.947907
v 4.818794 -2.184550 0.947907
v 4.847794 -2.184550 0.947907
v 4.832794 -2.185990 0.947907
v 6.311798 -3.135380 0.947907
v 6.406799 -3.126100 0.947907
v 6.417801 -3.135380 0.947907
v 6.426788 -3.146690 0.947907
v 6.323792 -3.126100 0.947907
v 6.302795 -3.146690 0.947907
v 6.336792 -3.119210 0.947907
v 6.295792 -3.159590 0.947907
v 6.393799 -3.119210 0.947907
v 6.433792 -3.159590 0.947907
v 6.379791 -3.114960 0.947907
v 6.350800 -3.114960 0.947907
v 6.364792 -3.113530 0.947907
v 6.291794 -3.173590 0.947907
v 6.437790 -3.173590 0.947907
v 6.439789 -3.188140 0.947907
v 6.290802 -3.188140 0.947907
v 6.291794 -3.202700 0.947907
v 6.437790 -3.202700 0.947907
v 6.295792 -3.216700 0.947907
v 6.433792 -3.216700 0.947907
v 6.426788 -3.229600 0.947907
v 6.302795 -3.229600 0.947907
v 6.311798 -3.240910 0.947907
v 6.417801 -3.240910 0.947907
v 6.406799 -3.250190 0.947907
v 6.323792 -3.250190 0.947907
v 6.336792 -3.257080 0.947907
v 6.393799 -3.257080 0.947907
v 6.350800 -3.261330 0.947907
v 6.379791 -3.261330 0.947907
v 6.364792 -3.262760 0.947907
v 1.053795 -0.969330 0.710007
v 0.926796 -1.138550 0.739304
v 1.001793 -0.969330 0.685906
v 0.973793 -1.138550 0.759407
v -0.060204 -1.564600 1.006401
v -0.060204 -1.564600 1.006401
v -0.060204 -1.564600 1.006401
v -0.060204 -1.564600 1.006401
v -0.060204 -1.564600 1.006401
v -0.060204 -1.564600 1.006401
v -0.060204 -1.564600 1.006401
v -0.060204 -1.564600 1.006401
v -0.060204 -1.564600 1.006401
v -0.060204 -1.564600 1.006401
v -0.060204 -1.564600 1.006401
v -0.060204 -1.564600 1.006401
v -0.060204 -1.564600 1.006401
v -0.060204 -1.564600 1.006401
v -0.060204 -1.564600 1.006401
v -0.060204 -1.564600 1.006401
v -0.060204 -1.564600 1.006401
v -0.060204 -1.564600 1.006401
v -0.060204 -1.564600 1.006401
v -0.060204 -1.564600 1.006401
v -0.060204 -1.564600 1.006401
v -0.060204 -1.564600 1.006401
v -0.060204 -1.564600 1.006401
v -0.060204 -1.564600 1.006401
v -0.060204 -1.564600 1.006401
v -0.060204 -1.564600 1.006401
v -0.060204 -1.564600 1.006401
v -0.060204 -1.564600 1.006401
v -0.060204 -1.564600 1.006401
v -0.060204 -1.564600 1.006401
v -0.060204 -1.564600 1.006401
v -0.060204 -1.564600 1.006401
v -0.060204 -1.564600 1.006401
v -0.060204 -1.564600 1.006401
v -0.060204 -1.564600 1.006401
v -0.060204 -1.564600 1.006401
v -0.060204 -1.564600 1.006401
v -0.060204 -1.564600 1.006401
v -0.060204 -1.564600 1.006401
v -0.060204 -1.564600 1.006401
v -0.060204 -1.564600 1.006401
v -0.060204 -1.564600 1.006401
v -0.060204 -1.564600 1.006401
v -0.060204 -1.564600 1.006401
v -0.060204 -1.564600 1.006401
v -0.060204 -1.564600 1.006401
v -0.060204 -1.564600 1.006401
v -0.060204 -1.564600 1.006401
v -1.122208 -0.969330 0.685906
v -0.972206 -1.138550 0.726303
v -1.046204 -1.138550 0.739304
v -1.042206 -0.969330 0.670303
v 1.001793 -0.969330 0.685906
v 0.852791 -1.138550 0.726303
v 0.922798 -0.969330 0.670303
v 0.926796 -1.138550 0.739304
v 0.922798 -0.969330 0.670303
v 0.852791 -1.138550 0.726303
v 0.842796 -0.969330 0.666008
v 0.777794 -1.138550 0.722702
v -0.962204 -0.969330 0.666008
v -0.972206 -1.138550 0.726303
v -1.042206 -0.969330 0.670303
v -0.898209 -1.138550 0.722702
v -0.962204 -0.969330 0.666008
v 0.842796 -0.969330 0.666008
v 0.777794 -1.138550 0.722702
v -0.898209 -1.138550 0.722702
v -0.710205 -1.298720 0.836205
v 0.589798 -1.298720 0.836205
v 0.373795 -1.444840 0.892906
v -0.493202 -1.444840 0.892906
v -0.710205 -1.298720 0.836205
v -0.532204 -1.444840 0.894402
v -0.768204 -1.298720 0.838402
v -0.493202 -1.444840 0.892906
v 0.373795 -1.444840 0.892906
v 0.589798 -1.298720 0.836205
v 0.411797 -1.444840 0.894402
v 0.647797 -1.298720 0.838402
v -0.060204 -1.564600 1.006401
v -0.060204 -1.564600 1.006401
v -0.060204 -1.564600 1.006401
v -0.060204 -1.564600 1.006401
v -0.060204 -1.564600 1.006401
v -0.060204 -1.564600 1.006401
v -0.060204 -1.564600 1.006401
v -0.060204 -1.564600 1.006401
v -0.570206 -1.444840 0.899506
v -0.768204 -1.298720 0.838402
v -0.532204 -1.444840 0.894402
v -0.825203 -1.298720 0.846108
v 0.411797 -1.444840 0.894402
v 0.647797 -1.298720 0.838402
v 0.449791 -1.444840 0.899506
v 0.704796 -1.298720 0.846108
v -0.060204 -1.564600 1.006401
v -0.060204 -1.564600 1.006401
v -0.060204 -1.564600 1.006401
v -0.060204 -1.564600 1.006401
v -0.060204 -1.564600 1.006401
v -0.060204 -1.564600 1.006401
v -0.060204 -1.564600 1.006401
v -0.060204 -1.564600 1.006401
v -0.060204 -1.564600 1.006401
v -0.060204 -1.564600 1.006401
v -0.060204 -1.564600 1.006401
v -0.060204 -1.564600 1.006401
v -0.060204 -1.564600 1.006401
v -0.060204 -1.564600 1.006401
v -0.060204 -1.564600 1.006401
v -0.060204 -1.564600 1.006401
v -0.493202 -1.444840 0.892906
v 0.373795 -1.444840 0.892906
v 0.156792 -1.530720 0.949608
v -0.277206 -1.530720 0.949608
v -0.898209 -1.138550 0.722702
v 0.777794 -1.138550 0.722702
v 0.678795 -1.229210 0.779404
v -0.799202 -1.229210 0.779404
v -0.595207 -1.444840 0.907608
v -0.825203 -1.298720 0.846108
v -0.570206 -1.444840 0.899506
v -0.862206 -1.298720 0.858208
v -0.898209 -1.138550 0.722702
v -0.864204 -1.229210 0.782402
v -0.972206 -1.138550 0.726303
v -0.799202 -1.229210 0.779404
v 0.678795 -1.229210 0.779404
v 0.777794 -1.138550 0.722702
v 0.744797 -1.229210 0.782402
v 0.852791 -1.138550 0.726303
v 0.449791 -1.444840 0.899506
v 0.704796 -1.298720 0.846108
v 0.474792 -1.444840 0.907608
v 0.742798 -1.298720 0.858208
v -0.930206 -1.229210 0.792702
v -0.972206 -1.138550 0.726303
v -0.864204 -1.229210 0.782402
v -1.046204 -1.138550 0.739304
v 0.744797 -1.229210 0.782402
v 0.852791 -1.138550 0.726303
v 0.809792 -1.229210 0.792702
v 0.926796 -1.138550 0.739304
v -0.493202 -1.444840 0.892906
v -0.296204 -1.530720 0.950401
v -0.532204 -1.444840 0.894402
v -0.277206 -1.530720 0.949608
v 0.156792 -1.530720 0.949608
v 0.373795 -1.444840 0.892906
v 0.175797 -1.530720 0.950401
v 0.411797 -1.444840 0.894402
v -0.060204 -1.564600 1.006401
v -0.060204 -1.564600 1.006401
v -0.060204 -1.564600 1.006401
v -0.060204 -1.564600 1.006401
v -0.799202 -1.229210 0.779404
v 0.678795 -1.229210 0.779404
v 0.589798 -1.298720 0.836205
v -0.710205 -1.298720 0.836205
v -0.799202 -1.229210 0.779404
v -0.768204 -1.298720 0.838402
v -0.864204 -1.229210 0.782402
v -0.710205 -1.298720 0.836205
v 0.589798 -1.298720 0.836205
v 0.678795 -1.229210 0.779404
v 0.647797 -1.298720 0.838402
v 0.744797 -1.229210 0.782402
v -0.825203 -1.298720 0.846108
v -0.864204 -1.229210 0.782402
v -0.768204 -1.298720 0.838402
v 0.647797 -1.298720 0.838402
v 0.744797 -1.229210 0.782402
v 0.704796 -1.298720 0.846108
v 7.092789 8.040288 -13.941995
v 7.248795 8.196090 -13.490899
v 7.248795 7.589189 -14.097695
v 7.562790 7.667089 -13.568696
v 7.652802 7.138089 -13.592294
v 7.295792 7.138089 -14.144700
v 7.295792 -5.363541 -14.144798
v 7.652802 -5.363541 -13.592293
v 7.248795 -5.814651 -14.097694
v 7.562790 -5.892521 -13.568695
v 7.092789 -6.265768 -13.941994
v 7.753799 -5.363541 -13.039795
v 7.248795 -6.421496 -13.490897
v 7.652802 -5.916041 -13.039795
v 7.295792 -6.468539 -13.039794
v 7.295792 -6.468540 -0.538093
v 7.652802 -5.916040 -0.538093
v 7.248795 -6.421497 -0.086998
v 7.753799 -5.363540 -0.538093
v 7.562790 -5.892520 -0.009094
v 7.753799 7.138089 -13.039796
v 7.753799 7.138090 -0.538094
v 7.652802 7.690588 -13.039796
v 7.295792 8.243089 -13.039796
v 7.652802 7.690589 -0.538094
v 7.295792 8.243090 -0.538094
v 7.248795 8.196091 -0.086999
v 7.562790 7.667090 -0.009095
v 7.092789 8.040289 0.364105
v 7.248795 7.589190 0.519805
v 7.652802 7.138090 0.014404
v 7.295792 7.138090 0.566902
v 7.295792 -5.363540 0.566903
v 7.652802 -5.363540 0.014405
v 7.248795 -5.814660 0.519806
v 7.092789 -6.265769 0.364106
v -7.213203 8.040289 0.364105
v -6.762207 8.196091 0.519805
v -7.369209 8.196091 -0.086999
v -6.840202 8.510090 -0.009095
v -7.416206 8.243090 -0.538094
v -6.311203 8.243090 0.566902
v -6.863205 8.599890 -0.538094
v -6.311203 8.599890 0.014404
v -6.311203 8.700790 -0.538094
v -6.311203 8.700789 -13.039796
v 6.190796 8.700790 -0.538094
v -6.863205 8.599889 -13.039796
v -7.416206 8.243089 -13.039796
v 6.190796 8.599890 0.014404
v 6.190796 8.243090 0.566902
v -7.369209 8.196090 -13.490899
v -6.840202 8.510089 -13.568696
v -7.213203 8.040288 -13.941995
v -6.762207 8.196090 -14.097695
v -6.311203 8.599889 -13.592294
v -6.311203 8.243089 -14.144700
v 6.190796 8.243089 -14.144700
v 6.190796 8.599889 -13.592294
v 6.190796 8.700789 -13.039796
v 6.641800 8.196090 -14.097695
v 6.719788 8.510089 -13.568696
v 7.092789 8.040288 -13.941995
v 6.742798 8.599889 -13.039796
v 7.248795 8.196090 -13.490899
v 7.295792 8.243089 -13.039796
v 7.295792 8.243090 -0.538094
v 6.742798 8.599890 -0.538094
v 7.248795 8.196091 -0.086999
v 6.719788 8.510090 -0.009095
v 7.092789 8.040289 0.364105
v 6.641800 8.196091 0.519805
v -6.840202 -5.892520 0.833908
v -7.369209 -5.814660 0.519806
v -7.213203 -6.265769 0.364106
v -6.762207 -6.421498 0.519806
v -6.863205 -5.363540 0.923706
v -6.311203 -5.916040 0.923706
v -6.311203 -6.468540 0.566903
v -6.311203 -5.363540 1.024605
v -7.416206 -5.363540 0.566903
v -6.311203 7.138090 1.024604
v -6.863205 7.138090 0.923706
v -7.416206 7.138090 0.566902
v 6.190796 -5.363540 1.024605
v -7.369209 7.589190 0.519805
v -6.840202 7.667090 0.833907
v -7.213203 8.040289 0.364105
v -6.311203 7.690589 0.923705
v -6.762207 8.196091 0.519805
v -6.311203 8.243090 0.566902
v 6.190796 8.243090 0.566902
v 7.092789 8.040289 0.364105
v 6.641800 8.196091 0.519805
v 6.190796 7.690589 0.923705
v 6.719788 7.667090 0.833907
v 6.190796 7.138090 1.024604
v 6.742798 7.138090 0.923706
v 7.248795 7.589190 0.519805
v 7.295792 7.138090 0.566902
v 6.742798 -5.363540 0.923706
v 7.295792 -5.363540 0.566903
v 7.248795 -5.814660 0.519806
v 6.719788 -5.892520 0.833908
v 7.092789 -6.265769 0.364106
v 6.190796 -5.916040 0.923706
v 6.641800 -6.421498 0.519806
v 6.190796 -6.468540 0.566903
v -7.369209 -5.814660 0.519806
v -7.213203 -6.265769 0.364106
v -7.683205 -5.892520 -0.009094
v -7.369209 -6.421497 -0.086998
v -7.772209 -5.363540 0.014405
v -7.416206 -5.363540 0.566903
v -7.416206 7.138090 0.566902
v -7.369209 7.589190 0.519805
v -7.772209 7.138090 0.014404
v -7.873207 -5.363540 -0.538093
v -7.683205 7.667090 -0.009095
v -7.213203 8.040289 0.364105
v -7.873207 7.138090 -0.538094
v -7.369209 8.196091 -0.086999
v -7.772209 7.690589 -0.538094
v -7.416206 8.243090 -0.538094
v -7.416206 8.243089 -13.039796
v -7.772209 7.690588 -13.039796
v -7.369209 8.196090 -13.490899
v -7.873207 7.138089 -13.039796
v -7.683205 7.667089 -13.568696
v -7.213203 8.040288 -13.941995
v -7.873207 -5.363541 -13.039795
v -7.772209 7.138089 -13.592294
v -7.369209 7.589189 -14.097695
v -7.772209 -5.363541 -13.592293
v -7.416206 7.138089 -14.144700
v -7.416206 -5.363541 -14.144798
v -7.683205 -5.892521 -13.568695
v -7.369209 -5.814651 -14.097694
v -7.416206 -6.468540 -0.538093
v -7.416206 -6.468539 -13.039794
v -7.772209 -5.916040 -0.538093
v -7.772209 -5.916041 -13.039795
v -7.369209 -6.421496 -13.490897
v -7.213203 -6.265768 -13.941994
v -7.213203 -6.265769 0.364106
v -6.762207 -6.421498 0.519806
v -7.369209 -6.421497 -0.086998
v -6.840202 -6.735550 -0.009094
v -6.311203 -6.825318 0.014405
v -6.311203 -6.468540 0.566903
v 7.092789 -6.265768 -13.941994
v 6.641800 -6.421496 -14.097693
v 6.190796 -6.468539 -14.144797
v 6.719788 -6.735550 -13.568694
v 7.248795 -6.421496 -13.490897
v 6.190796 -6.825316 -13.592292
v -6.311203 -6.468539 -14.144797
v 7.295792 -6.468539 -13.039794
v 6.742798 -6.825316 -13.039794
v 6.190796 -6.926245 -13.039794
v -6.311203 -6.825316 -13.592292
v 7.295792 -6.468540 -0.538093
v 6.742798 -6.825318 -0.538093
v 7.248795 -6.421497 -0.086998
v 7.092789 -6.265769 0.364106
v 6.641800 -6.421498 0.519806
v 6.190796 -6.468540 0.566903
v 6.719788 -6.735550 -0.009094
v 6.190796 -6.825318 0.014405
v -6.311203 -6.926246 -0.538093
v 6.190796 -6.926246 -0.538093
v -6.311203 -6.926245 -13.039794
v -6.863205 -6.825318 -0.538093
v -6.863205 -6.825316 -13.039794
v -7.416206 -6.468540 -0.538093
v -6.840202 -6.735550 -13.568694
v -7.416206 -6.468539 -13.039794
v -7.369209 -6.421496 -13.490897
v -7.213203 -6.265768 -13.941994
v -6.762207 -6.421496 -14.097693
v -7.213203 8.040288 -13.941995
v -7.369209 7.589189 -14.097695
v -7.416206 7.138089 -14.144700
v -7.416206 -5.363541 -14.144798
v -7.369209 -5.814651 -14.097694
v -6.863205 -5.363541 -14.501495
v -6.863205 7.138089 -14.501496
v -6.840202 7.667089 -14.411798
v -6.311203 -5.363541 -14.602493
v -6.762207 8.196090 -14.097695
v -6.311203 7.138089 -14.602494
v -6.311203 7.690588 -14.501496
v -6.311203 8.243089 -14.144700
v 6.190796 7.138089 -14.602494
v 6.190796 7.690588 -14.501496
v 6.190796 8.243089 -14.144700
v 6.641800 8.196090 -14.097695
v 6.719788 7.667089 -14.411798
v 7.092789 8.040288 -13.941995
v 7.248795 7.589189 -14.097695
v 6.742798 7.138089 -14.501496
v 7.295792 7.138089 -14.144700
v 7.295792 -5.363541 -14.144798
v 6.742798 -5.363541 -14.501495
v 7.248795 -5.814651 -14.097694
v 6.190796 -5.363541 -14.602493
v 6.719788 -5.892521 -14.411797
v 6.190796 -5.916041 -14.501495
v -6.311203 -5.916041 -14.501495
v 7.092789 -6.265768 -13.941994
v 6.641800 -6.421496 -14.097693
v 6.190796 -6.468539 -14.144797
v -6.311203 -6.468539 -14.144797
v -7.213203 -6.265768 -13.941994
v -6.762207 -6.421496 -14.097693
v -6.840202 -5.892521 -14.411797
vn 0.9955 -0.0948 -0.0000
vn 0.9955 0.0948 -0.0000
vn 0.9570 0.2901 -0.0000
vn 0.9569 0.2903 -0.0000
vn 0.9570 0.2902 -0.0000
vn 0.9570 -0.2902 -0.0000
vn 0.9569 -0.2903 -0.0000
vn 0.8815 0.4722 -0.0000
vn 0.8815 -0.4722 -0.0000
vn 0.7708 0.6371 -0.0000
vn 0.7708 -0.6371 -0.0000
vn 0.6371 0.7708 -0.0000
vn 0.6370 0.7708 -0.0000
vn -0.6371 0.7708 -0.0000
vn 0.4722 0.8815 -0.0000
vn -0.4722 0.8815 -0.0000
vn -0.4723 0.8815 -0.0000
vn 0.2902 0.9570 -0.0000
vn 0.2903 0.9569 -0.0000
vn -0.2904 0.9569 -0.0000
vn -0.2903 0.9569 -0.0000
vn 0.0948 0.9955 -0.0000
vn -0.0948 0.9955 -0.0000
vn -0.2900 0.9570 -0.0000
vn 0.2901 0.9570 -0.0000
vn 0.4723 0.8815 -0.0000
vn -0.6370 0.7708 -0.0000
vn -0.0000 -0.0000 1.0000
vn -0.0001 -0.0000 1.0000
vn -0.0002 -0.0000 1.0000
vn -0.0003 -0.0000 1.0000
vn 0.0001 -0.0000 1.0000
vn -0.9955 0.0948 -0.0000
vn -0.9955 -0.0948 -0.0000
vn -0.9569 0.2903 -0.0000
vn -0.9570 0.2902 -0.0000
vn -0.9569 -0.2903 -0.0000
vn -0.9570 -0.2902 -0.0000
vn -0.8814 0.4723 -0.0000
vn -0.8814 0.4724 -0.0000
vn -0.8815 0.4723 -0.0000
vn -0.8815 0.4722 -0.0000
vn -0.8815 -0.4723 -0.0000
vn -0.8814 -0.4723 -0.0000
vn -0.7708 0.6371 -0.0000
vn -0.7708 -0.6371 -0.0000
vn -0.7708 -0.6370 -0.0000
vn -0.6370 -0.7708 -0.0000
vn -0.6371 -0.7708 -0.0000
vn 0.6370 -0.7708 -0.0000
vn 0.6371 -0.7708 -0.0000
vn 0.4721 -0.8815 -0.0000
vn 0.4722 -0.8815 -0.0000
vn 0.4723 -0.8815 -0.0000
vn -0.4722 -0.8815 -0.0000
vn -0.4721 -0.8815 -0.0000
vn -0.4723 -0.8815 -0.0000
vn 0.2902 -0.9570 -0.0000
vn 0.2903 -0.9569 -0.0000
vn -0.2900 -0.9570 -0.0000
vn 0.0948 -0.9955 -0.0000
vn -0.0948 -0.9955 -0.0000
vn -0.2905 -0.9569 -0.0000
vn 0.2903 -0.9570 -0.0000
vn -0.0000 -0.0000 -1.0000
vn -0.0002 -0.0000 -1.0000
vn -0.0003 -0.0000 -1.0000
vn -0.0001 -0.0000 -1.0000
vn 0.0001 -0.0000 -1.0000
vn 0.8815 -0.4721 -0.0000
vn 0.8815 0.4721 -0.0000
vn 0.7708 0.6370 -0.0000
vn -0.4721 0.8815 -0.0000
vn -0.2901 0.9570 -0.0000
vn -0.0949 0.9955 -0.0000
vn 0.2904 0.9569 -0.0000
vn 0.2900 0.9570 -0.0000
vn -0.8815 -0.4722 -0.0000
vn -0.8815 0.4721 -0.0000
vn -0.7708 0.6370 -0.0000
vn -0.2902 -0.9570 -0.0000
vn -0.2901 -0.9570 -0.0000
vn 0.2905 -0.9569 -0.0000
vn 0.8815 -0.4723 -0.0000
vn 0.4719 0.8817 -0.0000
vn 0.4723 0.8814 -0.0000
vn 0.2903 0.9570 -0.0000
vn 0.2899 0.9570 -0.0000
vn -0.9570 0.2903 -0.0000
vn 0.2900 -0.9570 -0.0000
vn 0.4718 -0.8817 -0.0000
vn 0.9715 -0.0000 -0.2370
vn 0.9821 -0.0000 0.1886
vn 0.9821 -0.0000 0.1885
vn 0.9820 -0.0000 0.1886
vn 0.9995 -0.0000 0.0316
vn 0.9995 -0.0000 0.0315
vn 1.0000 -0.0000 -0.0000
vn -0.0000 0.9405 0.3399
vn -0.0000 0.9405 0.3398
vn -0.0000 0.9821 0.1884
vn -0.0000 0.9821 0.1885
vn -0.0000 0.8929 0.4503
vn -0.0000 0.8929 0.4502
vn -0.0000 1.0000 -0.0000
vn -0.9715 -0.0000 -0.2369
vn -0.9715 -0.0000 -0.2370
vn -0.9821 -0.0000 0.1885
vn -0.9820 -0.0000 0.1886
vn -0.9821 -0.0000 0.1886
vn -0.9995 -0.0000 0.0315
vn -0.9995 -0.0000 0.0314
vn -1.0000 -0.0000 -0.0000
vn -0.0000 -0.7071 -0.7071
vn -0.0000 -0.9821 0.1885
vn -0.0000 -0.9821 0.1886
vn -0.0000 -0.9569 -0.2903
vn -0.0000 -0.9570 -0.2902
vn -0.0000 -1.0000 -0.0000
vn -0.0788 0.1498 -0.9856
vn 0.0867 0.1497 -0.9849
vn -0.0000 0.1026 -0.9947
vn -0.0785 0.0078 0.9969
vn -0.0786 -0.1651 0.9831
vn -0.0237 -0.5600 0.8282
vn -0.0314 -0.0550 0.9980
vn -0.0790 -0.0632 0.9949
vn -0.0000 -0.1260 0.9920
vn 0.0707 -0.1257 0.9895
vn -0.0707 -0.1257 0.9895
vn -0.0707 -0.1257 0.9896
vn 0.0706 -0.1257 0.9896
vn 0.0001 -0.7302 -0.6832
vn 0.0864 -0.9428 -0.3221
vn -0.0157 -0.9517 0.3067
vn -0.0866 -0.9451 -0.3150
vn -0.0474 -0.9951 0.0868
vn -0.0787 -0.1651 0.9831
vn -0.0394 -0.9939 0.1025
vn -0.0000 0.3632 -0.9317
vn 0.0867 0.1498 -0.9849
vn 0.1107 -0.1028 -0.9885
vn -0.0000 -0.0158 -0.9999
vn -0.1099 -0.1020 -0.9887
vn -0.0000 -0.1657 -0.9862
vn 0.1103 -0.1812 -0.9772
vn -0.1104 -0.1813 -0.9772
vn -0.0000 -0.2052 -0.9787
vn 0.1101 -0.2281 -0.9674
vn -0.1101 -0.2281 -0.9674
vn -0.0000 -0.2591 -0.9658
vn 0.1102 -0.2834 -0.9526
vn -0.1102 -0.2834 -0.9526
vn -0.0000 -0.3399 -0.9405
vn 0.1103 -0.4095 -0.9056
vn -0.1102 -0.4095 -0.9056
vn -0.0000 -0.4970 -0.8678
vn 0.1098 -0.5567 -0.8234
vn -0.1098 -0.5567 -0.8234
vn -0.0000 -0.7302 -0.6832
vn 0.0865 -0.9428 -0.3221
vn 0.1976 -0.0316 0.9798
vn 0.1889 -0.2677 -0.9448
vn 0.3378 0.1100 0.9348
vn 0.1578 -0.2209 -0.9625
vn 0.3944 0.1893 0.8992
vn 0.2053 -0.2448 -0.9476
vn 0.4494 0.2443 0.8593
vn 0.2591 -0.2984 -0.9186
vn 0.5288 0.3315 0.7813
vn 0.3871 -0.4028 -0.8294
vn 0.6118 0.4000 0.6824
vn 0.5022 -0.5101 -0.6983
vn 0.7479 0.5511 0.3700
vn 0.7005 -0.7084 -0.0866
vn 0.7972 0.5920 0.1184
vn 0.7398 -0.6690 -0.0709
vn 0.8758 0.0947 0.4733
vn 0.3070 0.3777 -0.8735
vn 0.1339 0.1655 -0.9771
vn 0.1414 0.0157 0.9898
vn 0.2595 -0.1101 0.9594
vn 0.1256 0.1414 -0.9820
vn 0.4624 -0.3839 0.7993
vn 0.0393 -0.0236 -0.9989
vn 0.0005 0.9930 0.1182
vn -0.0000 0.6750 0.7378
vn 0.1102 0.7558 0.6455
vn -0.1102 0.7558 0.6455
vn 0.0628 0.9969 0.0471
vn -0.0706 0.9967 -0.0393
vn -0.7479 0.5511 0.3700
vn -0.7951 0.6061 0.0236
vn -0.0157 0.7070 -0.7070
vn 0.0236 0.5833 -0.8119
vn -0.5054 0.4895 -0.7106
vn -0.0549 0.5021 -0.8631
vn 0.3069 0.3778 -0.8735
vn 0.0947 0.0395 0.9947
vn 0.0943 0.1022 0.9903
vn 0.0946 0.1891 0.9774
vn 0.2595 -0.1101 0.9595
vn 0.0552 -0.3626 0.9303
vn 0.4623 -0.3840 0.7993
vn -0.0000 0.3537 0.9353
vn -0.1100 0.2906 0.9505
vn -0.0000 0.2830 0.9591
vn 0.1100 0.2906 0.9505
vn -0.1100 0.3773 0.9195
vn -0.4493 0.2444 0.8593
vn -0.5288 0.3315 0.7814
vn 0.1100 0.3773 0.9196
vn 0.4493 0.2444 0.8593
vn 0.5288 0.3315 0.7814
vn -0.0002 0.4970 0.8677
vn 0.1104 0.5125 0.8516
vn -0.1104 0.5125 0.8516
vn 0.1102 0.7557 0.6456
vn -0.6118 0.4000 0.6824
vn -0.1102 0.7557 0.6456
vn -0.0316 -0.5361 0.8436
vn -0.3311 -0.1577 0.9303
vn -0.0708 -0.1102 0.9914
vn -0.2289 -0.0710 0.9709
vn -0.7950 0.6062 0.0236
vn -0.0710 -0.0867 0.9937
vn -0.2599 -0.0945 0.9610
vn -0.0708 -0.1257 0.9895
vn -0.2595 -0.1101 0.9594
vn -0.0552 -0.3626 0.9303
vn -0.4652 -0.3864 0.7964
vn 0.1263 -0.6312 0.7653
vn 0.0865 -0.4798 0.8731
vn -0.0865 -0.4798 0.8731
vn 0.1262 -0.6312 0.7653
vn -0.1263 -0.6312 0.7653
vn 0.0946 -0.1892 0.9774
vn 0.1975 -0.3871 0.9006
vn -0.0947 -0.1816 0.9788
vn 0.1259 0.0079 0.9920
vn -0.2042 -0.3770 0.9034
vn 0.1975 -0.0316 0.9798
vn -0.1337 0.0079 0.9910
vn -0.2051 -0.0316 0.9782
vn -0.0000 -0.1104 0.9939
vn -0.0000 0.1580 0.9874
vn -0.1186 0.1581 0.9803
vn 0.1184 0.1658 0.9790
vn 0.3377 0.1100 0.9348
vn -0.0002 0.2202 0.9754
vn 0.1101 0.2281 0.9674
vn 0.3943 0.1893 0.8992
vn -0.3315 0.0869 0.9394
vn -0.1101 0.2281 0.9674
vn -0.3943 0.1893 0.8992
vn -0.2591 -0.2983 -0.9186
vn -0.4494 0.2444 0.8592
vn -0.5288 0.3315 0.7813
vn -0.3871 -0.4028 -0.8294
vn -0.6118 0.4001 0.6824
vn -0.5022 -0.5100 -0.6983
vn -0.7017 -0.7097 -0.0631
vn -0.7950 0.6061 0.0236
vn -0.3311 -0.1576 0.9303
vn -0.2600 -0.0945 0.9610
vn -0.1489 0.1803 -0.9723
vn -0.1257 0.1414 -0.9819
vn -0.4653 -0.3864 0.7964
vn -0.0393 -0.0236 -0.9989
vn -0.1724 -0.2665 -0.9483
vn -0.2052 -0.0315 0.9782
vn -0.3316 0.0869 0.9394
vn -0.1577 -0.2209 -0.9625
vn -0.3945 0.1893 0.8992
vn -0.2053 -0.2448 -0.9476
vn -0.0948 -0.1815 0.9788
vn 0.0946 -0.1891 0.9774
vn 0.2596 -0.6213 -0.7393
vn 0.0315 -0.0236 -0.9992
vn 0.1418 -0.1577 -0.9773
vn 0.2595 -0.6213 -0.7393
vn -0.1262 -0.6312 0.7653
vn 0.1890 -0.2676 -0.9448
vn -0.0710 -0.9937 -0.0867
vn 0.7005 -0.7083 -0.0865
vn -0.1105 -0.7183 -0.6869
vn 0.7399 -0.6690 -0.0708
vn 0.8757 0.0948 0.4734
vn 0.1099 -0.7145 -0.6910
vn -0.7018 -0.7096 -0.0631
vn 0.0790 -0.0395 -0.9961
vn -0.0552 -0.3627 0.9303
vn -0.0001 -0.0472 -0.9989
vn -0.0000 -0.9910 -0.1337
vn -0.0784 -0.0392 -0.9961
vn 0.4623 -0.3840 0.7992
vn 0.0393 -0.0236 -0.9990
vn -0.0315 -0.0236 -0.9992
vn -0.0866 -0.4798 0.8731
vn -0.2595 -0.6213 -0.7393
vn -0.0314 -0.0235 -0.9992
vn -0.2596 -0.6213 -0.7393
vn -0.1342 -0.1578 -0.9783
vn -0.2043 -0.3771 0.9034
vn -0.1027 0.1185 -0.9876
vn 0.1419 -0.1576 -0.9773
vn -0.1020 0.2431 -0.9646
vn 0.1577 -0.2209 -0.9625
vn -0.1100 -0.1965 -0.9743
vn -0.1101 -0.2595 -0.9594
vn 0.2591 -0.2983 -0.9186
vn -0.1097 -0.3378 -0.9348
vn 0.3870 -0.4028 -0.8294
vn -0.1098 -0.4940 -0.8625
vn 0.5022 -0.5100 -0.6983
vn -0.1105 -0.7183 -0.6868
vn 0.1100 -0.3378 -0.9348
vn 0.1101 -0.2595 -0.9594
vn -0.3871 -0.4029 -0.8294
vn 0.1098 -0.4940 -0.8625
vn -0.7017 -0.7096 -0.0631
vn -0.0079 0.2352 -0.9719
vn -0.0706 0.1805 -0.9810
vn 0.3069 0.3777 -0.8736
vn 0.0630 0.2048 -0.9768
vn -0.0000 0.1260 -0.9920
vn -0.0707 0.1257 -0.9895
vn 0.1257 0.1414 -0.9819
vn -0.0000 -0.0471 -0.9989
vn 0.0707 0.1257 -0.9895
vn 0.0791 -0.0395 -0.9961
vn 0.1105 0.1185 -0.9868
vn 0.1101 0.2281 -0.9674
vn 0.1105 -0.1736 -0.9786
vn 0.1105 0.1184 -0.9868
vn 0.1100 -0.1964 -0.9743
vn 0.2596 -0.6214 -0.7393
vn -0.0315 -0.0235 -0.9992
vn -0.1341 -0.1578 -0.9783
vn 0.1418 -0.1576 -0.9773
vn 0.1890 -0.2677 -0.9448
vn -0.0707 -0.1256 0.9896
vn 0.0707 -0.1257 0.9896
vn -0.0157 -0.9517 0.3068
vn -0.0789 0.1498 -0.9856
vn -0.1103 -0.1813 -0.9772
vn -0.1103 -0.4095 -0.9056
vn -0.1098 -0.5568 -0.8234
vn -0.0867 -0.9451 -0.3150
vn 0.1976 -0.0315 0.9798
vn 0.3378 0.1099 0.9348
vn 0.3871 -0.4029 -0.8294
vn 0.7479 0.5512 0.3700
vn 0.3070 0.3778 -0.8735
vn 0.1414 0.0156 0.9898
vn 0.4624 -0.3840 0.7993
vn 0.1102 0.7557 0.6455
vn 0.7479 0.5510 0.3700
vn -0.0706 0.9967 -0.0392
vn 0.8758 0.0946 0.4734
vn 0.0946 0.1892 0.9774
vn 0.0708 -0.1257 0.9895
vn 0.4623 -0.3839 0.7993
vn -0.0000 0.3537 0.9354
vn 0.1100 0.2907 0.9505
vn 0.1100 0.3772 0.9196
vn 0.1104 0.5125 0.8515
vn -0.7479 0.5511 0.3699
vn -0.2595 -0.1101 0.9595
vn 0.1260 0.0079 0.9920
vn -0.2051 -0.0315 0.9782
vn -0.0002 0.2203 0.9754
vn 0.1100 0.2281 0.9674
vn -0.3315 0.0868 0.9394
vn -0.1100 0.2281 0.9674
vn -0.3943 0.1893 0.8993
vn -0.5022 -0.5100 -0.6984
vn -0.1256 0.1414 -0.9820
vn -0.4653 -0.3865 0.7964
vn -0.3944 0.1893 0.8992
vn -0.2053 -0.2447 -0.9476
vn 0.1419 -0.1577 -0.9772
vn 0.7005 -0.7083 -0.0866
vn -0.1105 -0.7184 -0.6868
vn 0.8757 0.0947 0.4734
vn 0.1100 -0.7145 -0.6910
vn -0.0394 -0.0236 -0.9989
vn -0.0551 -0.3627 0.9303
vn 0.0552 -0.3627 0.9303
vn 0.0393 -0.0235 -0.9990
vn 0.0314 -0.0236 -0.9992
vn -0.2043 -0.3770 0.9034
vn -0.1723 -0.2665 -0.9483
vn -0.1100 -0.1964 -0.9743
vn -0.1096 -0.3378 -0.9348
vn -0.3870 -0.4028 -0.8294
vn -0.0078 0.2351 -0.9719
vn 0.3069 0.3778 -0.8736
vn -0.5053 0.4895 -0.7106
vn -0.0000 -0.0472 -0.9989
vn -0.1490 0.1803 -0.9723
vn -0.1256 0.1414 -0.9819
vn -0.2052 -0.2448 -0.9476
vn -0.0314 -0.0236 -0.9992
vn 0.2596 -0.6214 -0.7392
vn 0.9862 -0.1657 -0.0000
vn 0.9862 -0.1656 -0.0000
vn 0.9888 0.1491 -0.0000
vn 0.9678 0.2518 -0.0000
vn 0.9715 0.2370 -0.0000
vn 0.9715 0.2369 -0.0000
vn 0.7071 -0.7071 -0.0000
vn -0.2127 0.9771 -0.0000
vn -0.2128 0.9771 -0.0000
vn -0.2518 0.9678 -0.0000
vn -0.1026 0.9942 -0.0316
vn -0.1026 0.9942 -0.0315
vn -0.1027 0.9947 -0.0000
vn -0.4343 0.9002 -0.0316
vn -0.4344 0.9002 -0.0316
vn -0.0315 0.9995 -0.0000
vn -0.5029 0.8643 -0.0000
vn -0.5029 0.8644 -0.0000
vn -0.0393 0.9992 -0.0000
vn -0.0394 0.9992 -0.0000
vn 0.2122 0.1886 0.9588
vn 0.2122 0.1886 0.9589
vn -0.2762 0.1105 0.9547
vn -0.2762 0.1104 0.9547
vn -0.0553 -0.0868 0.9947
vn -0.0948 -0.0158 0.9954
vn -0.0863 0.0157 0.9961
vn 0.0628 0.0314 0.9975
vn 0.0629 0.0314 0.9975
vn 0.0393 0.0472 0.9981
vn 0.0079 0.0079 0.9999
vn -0.0079 -0.0000 1.0000
vn -0.0236 0.0393 0.9989
vn -0.0079 0.0472 0.9989
vn -0.0078 0.0472 0.9989
vn -0.0078 0.0863 0.9962
vn -0.1418 -0.1024 0.9846
vn 0.1580 -0.0000 0.9874
vn -0.1337 -0.0236 0.9907
vn -0.1336 -0.0236 0.9908
vn -0.1336 -0.0238 0.9907
vn -0.1336 -0.0236 0.9907
vn 0.1258 0.0550 0.9905
vn 0.1257 0.0550 0.9905
vn -0.7189 -0.6951 -0.0000
vn -0.7188 -0.6952 -0.0000
vn -0.7189 -0.6952 -0.0000
vn -0.9196 -0.3930 -0.0000
vn -0.9195 -0.3930 -0.0000
vn -0.9290 -0.3701 -0.0000
vn -0.9290 -0.3700 -0.0000
vn -0.9633 -0.2685 -0.0000
vn -0.9633 -0.2684 -0.0000
vn -0.7340 0.6791 -0.0000
vn -0.7342 0.6789 -0.0000
vn -0.7342 0.6790 -0.0000
vn -0.1810 -0.9835 -0.0000
vn 0.4877 -0.8730 -0.0000
vn 0.4876 -0.8730 -0.0000
vn 0.2371 -0.9715 -0.0000
vn 0.2368 -0.9716 -0.0000
vn 0.3537 -0.9354 -0.0000
vn 0.2122 0.1886 -0.9589
vn 0.2122 0.1886 -0.9588
vn -0.2762 0.1105 -0.9547
vn -0.2763 0.1105 -0.9547
vn -0.2762 0.1104 -0.9547
vn -0.0948 -0.0158 -0.9954
vn -0.0862 0.0157 -0.9962
vn -0.0863 0.0157 -0.9961
vn 0.0628 0.0314 -0.9975
vn 0.0629 0.0314 -0.9975
vn 0.0393 0.0471 -0.9981
vn 0.0393 0.0472 -0.9981
vn -0.0236 0.0393 -0.9989
vn -0.0079 0.0472 -0.9989
vn -0.0078 0.0472 -0.9989
vn -0.0236 0.2202 -0.9752
vn -0.1181 0.2204 -0.9682
vn -0.1337 -0.0236 -0.9907
vn 0.1258 0.0550 -0.9905
vn 0.1257 0.0550 -0.9905
vn -0.1102 0.1888 -0.9758
vn -0.1102 0.1889 -0.9758
vn -0.2754 -0.0472 -0.9602
vn -0.2755 -0.0472 -0.9601
vn 0.2525 0.1578 -0.9547
vn 0.2525 0.1578 -0.9546
vn 0.7570 -0.5993 0.2603
vn 0.7570 -0.5993 0.2602
vn 0.7570 -0.5993 -0.2602
vn 0.7570 -0.5993 -0.2603
vn 0.8593 -0.4494 -0.2444
vn 0.8592 -0.4496 -0.2444
vn 0.8593 -0.4493 0.2444
vn 0.8593 -0.4494 0.2444
vn 0.6533 -0.3227 -0.6848
vn 0.6534 -0.3227 -0.6848
vn 0.6533 -0.3227 0.6848
vn 0.9157 -0.3789 0.1342
vn 0.9156 -0.3789 0.1342
vn 0.9157 -0.3789 -0.1342
vn 0.9156 -0.3789 -0.1342
vn 0.7110 -0.0000 0.7031
vn 0.7110 -0.0000 -0.7032
vn 0.7111 -0.0000 -0.7031
vn 0.7110 -0.0000 -0.7031
vn 0.9658 -0.0000 0.2591
vn 0.9658 -0.0000 -0.2591
vn 0.7813 0.0316 0.6234
vn 0.7812 0.0315 0.6234
vn 0.7843 0.0314 -0.6196
vn 0.7843 0.0313 -0.6196
vn 0.7639 0.5907 0.2599
vn 0.7604 0.5957 -0.2586
vn 0.7604 0.5957 -0.2587
vn 0.7604 0.5958 -0.2587
vn 0.0394 0.7411 0.6702
vn 0.0394 0.7412 -0.6702
vn -0.0394 0.7412 0.6702
vn -0.0394 0.7411 -0.6702
vn -0.0394 0.7412 -0.6702
vn 0.0631 0.9696 0.2365
vn 0.0631 0.9696 -0.2365
vn -0.0631 0.9696 0.2365
vn -0.0631 0.9696 -0.2365
vn 0.1575 0.9527 0.2598
vn 0.1574 0.9527 0.2599
vn 0.1574 0.9528 0.2598
vn 0.1575 0.9527 -0.2598
vn 0.1574 0.9527 -0.2598
vn -0.1574 0.9527 0.2598
vn -0.1575 0.9527 0.2598
vn -0.1574 0.9527 -0.2598
vn -0.1574 0.9528 -0.2598
vn 0.2286 0.9381 0.2602
vn 0.2286 0.9381 -0.2602
vn -0.2286 0.9381 0.2601
vn -0.2286 0.9381 0.2602
vn -0.2286 0.9381 -0.2601
vn 0.3843 0.8862 0.2588
vn 0.3843 0.8862 -0.2588
vn -0.3843 0.8862 0.2588
vn -0.3843 0.8862 -0.2588
vn 0.5820 0.7707 0.2595
vn 0.5820 0.7707 -0.2595
vn -0.5819 0.7707 0.2595
vn -0.5820 0.7707 0.2595
vn -0.5820 0.7707 -0.2595
vn -0.5565 -0.4389 0.7054
vn 0.5565 -0.4389 0.7054
vn 0.5565 -0.4389 0.7055
vn -0.4331 -0.5669 0.7007
vn -0.4331 -0.5669 0.7008
vn -0.4331 -0.5668 0.7008
vn 0.4330 -0.5669 0.7008
vn 0.4331 -0.5669 0.7008
vn -0.2835 -0.6459 0.7088
vn -0.2836 -0.6459 0.7088
vn -0.2835 -0.6458 0.7089
vn 0.2835 -0.6459 0.7088
vn 0.2835 -0.6459 0.7089
vn -0.2042 -0.1571 0.9662
vn 0.2042 -0.1571 0.9662
vn -0.1655 -0.6855 0.7091
vn -0.1655 -0.6854 0.7091
vn 0.1655 -0.6855 0.7091
vn 0.1655 -0.6854 0.7091
vn -0.1571 -0.2043 0.9662
vn -0.1571 -0.2042 0.9662
vn 0.1571 -0.2042 0.9662
vn 0.1571 -0.2043 0.9662
vn -0.1099 -0.6989 0.7067
vn -0.1100 -0.6989 0.7067
vn 0.1100 -0.6989 0.7067
vn 0.1099 -0.6989 0.7067
vn -0.1022 -0.2358 0.9664
vn -0.1022 -0.2357 0.9664
vn -0.1021 -0.2357 0.9664
vn 0.1021 -0.2357 0.9664
vn 0.1022 -0.2357 0.9664
vn -0.0628 -0.2513 0.9659
vn 0.0628 -0.2513 0.9659
vn -0.0393 -0.2516 0.9670
vn 0.0393 -0.2516 0.9670
vn -0.0079 -0.2830 0.9591
vn 0.0079 -0.2830 0.9591
vn -0.6674 -0.3141 0.6752
vn 0.7110 -0.0000 0.7032
vn 0.2591 -0.0000 0.9658
vn 0.2590 -0.0000 0.9659
vn -0.2591 -0.0000 0.9658
vn -0.2590 -0.0000 0.9659
vn -0.2591 -0.0000 0.9659
vn -0.7110 -0.0000 0.7031
vn -0.2747 0.0863 0.9576
vn 0.2747 0.0864 0.9576
vn 0.2747 0.0863 0.9576
vn 0.2748 0.0863 0.9576
vn 0.0157 0.2830 0.9590
vn -0.0157 0.2830 0.9590
vn 0.0393 0.2516 0.9670
vn -0.0393 0.2516 0.9670
vn 0.0628 0.2513 0.9659
vn -0.0628 0.2513 0.9659
vn 0.1021 0.2357 0.9664
vn 0.1022 0.2357 0.9664
vn -0.1021 0.2357 0.9664
vn -0.1021 0.2357 0.9665
vn -0.1022 0.2357 0.9664
vn 0.0394 0.7412 0.6702
vn -0.0394 0.7411 0.6702
vn 0.1177 0.6983 0.7061
vn -0.1100 0.6989 0.7067
vn 0.1571 0.2042 0.9662
vn 0.1571 0.2043 0.9662
vn -0.1571 0.2043 0.9662
vn 0.1655 0.6854 0.7091
vn 0.1654 0.6855 0.7091
vn -0.1655 0.6855 0.7091
vn -0.1655 0.6854 0.7091
vn -0.1654 0.6855 0.7091
vn 0.2042 0.1571 0.9662
vn 0.2043 0.1571 0.9662
vn 0.2042 0.1572 0.9662
vn -0.2042 0.1571 0.9662
vn 0.2821 0.6504 0.7053
vn 0.2821 0.6504 0.7052
vn 0.2820 0.6504 0.7053
vn -0.2821 0.6504 0.7053
vn -0.2821 0.6504 0.7052
vn 0.4331 0.5669 0.7008
vn -0.4331 0.5669 0.7008
vn -0.4330 0.5669 0.7008
vn 0.5584 0.4326 0.7078
vn 0.5584 0.4326 0.7079
vn -0.5584 0.4326 0.7078
vn -0.5584 0.4326 0.7079
vn -0.7570 -0.5993 -0.2602
vn -0.7571 -0.5993 0.2602
vn -0.7570 -0.5993 0.2602
vn -0.8709 -0.4315 0.2354
vn -0.8709 -0.4315 -0.2354
vn -0.8709 -0.4315 -0.2353
vn -0.6675 -0.3139 0.6752
vn -0.6674 -0.3141 -0.6752
vn -0.9777 -0.1183 0.1734
vn -0.9777 -0.1183 0.1735
vn -0.9777 -0.1183 -0.1734
vn -0.9777 -0.1183 -0.1735
vn -0.7111 -0.0000 0.7031
vn -0.7110 -0.0000 -0.7031
vn -0.7110 -0.0000 -0.7032
vn -0.9658 -0.0000 0.2591
vn -0.9658 -0.0000 -0.2591
vn -0.7792 0.0787 0.6218
vn -0.7792 0.0787 -0.6218
vn -0.7639 0.5907 0.2599
vn -0.7639 0.5907 -0.2599
vn -0.5820 -0.7707 -0.2595
vn -0.5820 -0.7707 -0.2596
vn -0.5820 -0.7707 0.2595
vn 0.5820 -0.7707 0.2595
vn 0.5820 -0.7707 -0.2595
vn -0.3870 -0.8845 -0.2606
vn -0.3870 -0.8845 0.2606
vn 0.3870 -0.8845 0.2606
vn 0.3870 -0.8845 -0.2606
vn -0.2286 -0.9381 -0.2602
vn -0.2286 -0.9381 -0.2601
vn -0.2286 -0.9381 0.2602
vn -0.2286 -0.9381 0.2601
vn 0.2286 -0.9381 0.2601
vn 0.2286 -0.9381 -0.2601
vn -0.1574 -0.9527 -0.2598
vn -0.1575 -0.9527 -0.2598
vn -0.1574 -0.9527 0.2598
vn 0.1574 -0.9527 0.2598
vn 0.1575 -0.9527 0.2598
vn 0.1574 -0.9527 -0.2598
vn 0.1575 -0.9527 -0.2598
vn -0.0079 -0.9715 -0.2369
vn -0.0079 -0.9715 -0.2370
vn -0.0079 -0.9715 0.2370
vn -0.0079 -0.9715 0.2369
vn 0.0079 -0.9715 0.2370
vn 0.0079 -0.9715 -0.2369
vn 0.0079 -0.9715 -0.2370
vn -0.0079 -0.7417 -0.6707
vn -0.0079 -0.7417 0.6707
vn 0.0079 -0.7417 0.6707
vn 0.0079 -0.7417 -0.6707
vn -0.5565 -0.4389 -0.7054
vn 0.5565 -0.4389 -0.7055
vn 0.5565 -0.4389 -0.7054
vn -0.4307 -0.5638 -0.7048
vn -0.4307 -0.5638 -0.7047
vn 0.4307 -0.5638 -0.7047
vn 0.4307 -0.5638 -0.7048
vn -0.2821 -0.6504 -0.7053
vn -0.2822 -0.6504 -0.7053
vn 0.2821 -0.6504 -0.7053
vn -0.2042 -0.1571 -0.9662
vn 0.2042 -0.1571 -0.9662
vn 0.2043 -0.1571 -0.9662
vn 0.2042 -0.1572 -0.9662
vn -0.1655 -0.6854 -0.7091
vn -0.1655 -0.6855 -0.7091
vn 0.1654 -0.6855 -0.7090
vn 0.1655 -0.6855 -0.7091
vn 0.1655 -0.6854 -0.7091
vn -0.1571 -0.2042 -0.9662
vn -0.1571 -0.2043 -0.9662
vn 0.1571 -0.2043 -0.9662
vn -0.1100 -0.6989 -0.7067
vn -0.1099 -0.6989 -0.7067
vn 0.1100 -0.6989 -0.7067
vn 0.1099 -0.6989 -0.7067
vn -0.1022 -0.2357 -0.9664
vn -0.1021 -0.2357 -0.9664
vn 0.1021 -0.2357 -0.9664
vn 0.1022 -0.2357 -0.9664
vn -0.0628 -0.2513 -0.9659
vn 0.0628 -0.2513 -0.9659
vn -0.0393 -0.2516 -0.9670
vn 0.0393 -0.2516 -0.9670
vn -0.0079 -0.2830 -0.9591
vn 0.0079 -0.2830 -0.9591
vn 0.2595 -0.1101 -0.9594
vn -0.2595 -0.1101 -0.9594
vn -0.2592 -0.0000 -0.9658
vn -0.2591 -0.0000 -0.9658
vn -0.2590 -0.0000 -0.9659
vn 0.2591 -0.0000 -0.9658
vn 0.2592 -0.0000 -0.9658
vn -0.2747 0.0863 -0.9576
vn 0.2747 0.0863 -0.9576
vn 0.0157 0.2830 -0.9590
vn -0.0157 0.2830 -0.9590
vn 0.0393 0.2516 -0.9670
vn -0.0393 0.2516 -0.9670
vn 0.0628 0.2513 -0.9659
vn -0.0628 0.2513 -0.9659
vn 0.1022 0.2358 -0.9664
vn 0.1022 0.2357 -0.9664
vn 0.1021 0.2357 -0.9664
vn -0.1021 0.2357 -0.9664
vn -0.1022 0.2357 -0.9664
vn 0.0394 0.7411 -0.6702
vn 0.1177 0.6983 -0.7061
vn 0.1176 0.6983 -0.7061
vn -0.1099 0.6989 -0.7067
vn -0.1100 0.6989 -0.7067
vn 0.1571 0.2043 -0.9662
vn 0.1571 0.2042 -0.9662
vn -0.1571 0.2042 -0.9662
vn 0.1655 0.6854 -0.7091
vn 0.1654 0.6855 -0.7091
vn -0.1655 0.6854 -0.7091
vn -0.1654 0.6855 -0.7090
vn -0.1654 0.6855 -0.7091
vn 0.2043 0.1571 -0.9662
vn 0.2042 0.1571 -0.9662
vn -0.2042 0.1571 -0.9662
vn -0.2042 0.1572 -0.9662
vn 0.2821 0.6504 -0.7053
vn -0.2821 0.6504 -0.7053
vn 0.4331 0.5669 -0.7007
vn 0.4331 0.5669 -0.7008
vn 0.4330 0.5669 -0.7008
vn -0.4331 0.5669 -0.7008
vn 0.5584 0.4326 -0.7078
vn 0.5584 0.4326 -0.7079
vn -0.5584 0.4326 -0.7078
vn -0.5584 0.4326 -0.7079
vn 0.7817 0.6237 -0.0000
vn 0.7110 0.5530 -0.4345
vn 0.7110 0.5530 0.4345
vn 0.9754 0.2202 -0.0000
vn 0.8427 0.1890 -0.5041
vn 0.8427 0.1890 -0.5040
vn 0.8427 0.1890 0.5041
vn 0.8427 0.1890 0.5040
vn 0.7785 -0.3853 0.4954
vn 0.9021 -0.4315 -0.0000
vn 0.9022 -0.4314 -0.0000
vn 0.7395 -0.4799 -0.4720
vn -0.4631 0.8863 -0.0000
vn 0.4661 0.8847 -0.0000
vn 0.4660 0.8848 -0.0000
vn -0.4188 0.8138 -0.4030
vn -0.4187 0.8138 -0.4030
vn 0.4188 0.8138 -0.4029
vn 0.4187 0.8138 -0.4030
vn -0.4188 0.8138 0.4030
vn -0.4187 0.8138 0.4030
vn -0.4188 0.8138 0.4029
vn 0.4188 0.8138 0.4029
vn 0.4188 0.8138 0.4030
vn 0.4187 0.8138 0.4030
vn -0.2902 0.9570 -0.0000
vn -0.1491 0.9888 -0.0000
vn 0.1491 0.9888 -0.0000
vn -0.1340 0.8910 -0.4337
vn -0.1341 0.8910 -0.4337
vn 0.1341 0.8910 -0.4337
vn 0.1340 0.8910 -0.4337
vn -0.1340 0.8910 0.4337
vn 0.1341 0.8910 0.4337
vn 0.1340 0.8910 0.4337
vn -0.0000 0.8975 -0.4409
vn -0.0000 0.8976 -0.4409
vn -0.0000 0.8975 0.4409
vn -0.0000 0.8976 0.4409
vn 0.0950 0.9955 -0.0000
vn 0.0949 0.9955 -0.0000
vn -0.0950 0.9955 -0.0000
vn 0.0947 0.9955 -0.0000
vn -0.0947 0.9955 -0.0000
vn -0.2512 0.4945 0.8321
vn 0.2512 0.4945 0.8321
vn 0.2512 0.4946 0.8320
vn -0.4087 0.3144 0.8568
vn 0.4087 0.3144 0.8568
vn -0.0789 0.5048 0.8597
vn -0.0789 0.5047 0.8597
vn -0.0789 0.5048 0.8596
vn 0.0789 0.5047 0.8597
vn 0.0789 0.5048 0.8596
vn -0.0000 0.4970 0.8677
vn -0.0000 0.4971 0.8677
vn -0.4262 0.0947 0.8997
vn 0.4262 0.0947 0.8997
vn 0.4261 0.0947 0.8997
vn -0.1807 0.2200 0.9586
vn 0.1807 0.2200 0.9586
vn -0.0553 0.2291 0.9718
vn 0.0553 0.2291 0.9718
vn -0.0000 0.2352 0.9720
vn -0.0000 0.2352 0.9719
vn -0.1895 0.0711 0.9793
vn -0.1896 0.0711 0.9793
vn 0.1895 0.0711 0.9793
vn 0.1895 0.0710 0.9793
vn 0.1896 0.0711 0.9793
vn -0.0549 0.0706 0.9960
vn 0.0549 0.0705 0.9960
vn 0.0549 0.0706 0.9960
vn -0.0000 0.0707 0.9975
vn -0.3939 -0.2285 0.8903
vn 0.3939 -0.2285 0.8903
vn -0.1817 -0.1501 0.9718
vn 0.1817 -0.1501 0.9718
vn 0.1817 -0.1502 0.9718
vn -0.0552 -0.1025 0.9932
vn 0.0552 -0.1025 0.9932
vn -0.0000 -0.0863 0.9963
vn -0.0000 -0.2276 0.9737
vn -0.0000 -0.2277 0.9737
vn 0.0473 -0.2682 0.9622
vn -0.0473 -0.2682 0.9622
vn -0.0473 -0.2681 0.9622
vn -0.1497 -0.3781 0.9136
vn -0.1496 -0.3780 0.9136
vn 0.1497 -0.3781 0.9136
vn 0.1496 -0.3781 0.9136
vn 0.1497 -0.3780 0.9136
vn -0.0000 -0.2902 0.9570
vn -0.0000 -0.2903 0.9569
vn -0.0393 -0.3301 0.9431
vn 0.0393 -0.3301 0.9431
vn -0.3146 -0.5427 0.7787
vn -0.3147 -0.5428 0.7787
vn -0.3146 -0.5428 0.7787
vn 0.3146 -0.5428 0.7787
vn 0.3147 -0.5428 0.7787
vn 0.3146 -0.5427 0.7787
vn 0.1340 -0.4337 0.8910
vn 0.1341 -0.4337 0.8910
vn -0.1341 -0.4337 0.8910
vn -0.1340 -0.4337 0.8910
vn -0.0000 -0.3631 0.9317
vn -0.0000 -0.3632 0.9317
vn -0.0000 -0.3630 0.9318
vn 0.0315 -0.4089 0.9121
vn 0.0315 -0.4088 0.9121
vn -0.0315 -0.4088 0.9121
vn -0.0315 -0.4089 0.9121
vn -0.0314 -0.4089 0.9121
vn -0.2672 -0.5894 0.7623
vn 0.2672 -0.5894 0.7623
vn 0.1181 -0.5121 0.8508
vn 0.1182 -0.5121 0.8508
vn -0.1181 -0.5121 0.8508
vn -0.1182 -0.5120 0.8508
vn -0.1182 -0.5121 0.8508
vn -0.2293 -0.6641 0.7116
vn -0.0000 -0.5510 0.8345
vn 0.2293 -0.6641 0.7116
vn 0.0315 -0.6060 0.7949
vn 0.0315 -0.6060 0.7948
vn -0.0315 -0.6060 0.7949
vn -0.7816 0.6237 -0.0000
vn -0.7817 0.6237 -0.0000
vn -0.7110 0.5530 -0.4345
vn -0.7110 0.5530 0.4344
vn -0.7110 0.5530 0.4345
vn -0.9754 0.2202 -0.0000
vn -0.8427 0.1890 -0.5041
vn -0.8427 0.1890 0.5041
vn -0.9021 -0.4314 -0.0000
vn -0.7785 -0.3853 0.4954
vn -0.7395 -0.4799 -0.4721
vn -0.7395 -0.4799 -0.4720
vn -0.2903 -0.9569 -0.0000
vn -0.0950 -0.9955 -0.0000
vn -0.0949 -0.9955 -0.0000
vn -0.0947 -0.9955 -0.0000
vn 0.0949 -0.9955 -0.0000
vn 0.0947 -0.9955 -0.0000
vn 0.0950 -0.9955 -0.0000
vn -0.2904 -0.9569 -0.0000
vn 0.2904 -0.9569 -0.0000
vn 0.2901 -0.9570 -0.0000
vn -0.5279 -0.7643 0.3704
vn -0.5279 -0.7643 0.3703
vn -0.5279 -0.7644 0.3703
vn 0.5279 -0.7643 0.3703
vn 0.5279 -0.7643 0.3704
vn -0.5924 -0.8057 -0.0000
vn 0.5924 -0.8057 -0.0000
vn -0.4651 -0.8040 0.3705
vn -0.4717 -0.8176 -0.3302
vn 0.4651 -0.8040 0.3705
vn -0.2588 -0.7137 -0.6509
vn 0.4717 -0.8176 -0.3302
vn 0.2588 -0.7137 -0.6509
vn -0.5272 -0.8497 -0.0000
vn -0.5272 -0.8498 -0.0000
vn 0.5272 -0.8498 -0.0000
vn -0.4007 -0.8485 0.3457
vn -0.4006 -0.8485 0.3457
vn -0.4007 -0.8485 -0.3457
vn -0.0949 -0.7118 -0.6960
vn -0.0949 -0.7118 -0.6959
vn 0.0949 -0.7118 -0.6960
vn 0.0949 -0.7118 -0.6959
vn 0.0949 -0.7118 0.6960
vn 0.0949 -0.7118 0.6959
vn -0.0949 -0.7118 0.6959
vn -0.0949 -0.7118 0.6960
vn 0.4007 -0.8485 -0.3457
vn 0.4007 -0.8485 0.3457
vn -0.4012 -0.8574 -0.3225
vn 0.4012 -0.8574 -0.3225
vn 0.4011 -0.8574 -0.3225
vn -0.1028 -0.7034 -0.7034
vn 0.1028 -0.7034 -0.7034
vn -0.2127 -0.7721 -0.5988
vn 0.2127 -0.7721 -0.5988
vn -0.1728 -0.8326 0.5263
vn -0.1728 -0.8326 0.5262
vn -0.1728 -0.8326 -0.5262
vn -0.1728 -0.8326 -0.5263
vn 0.1728 -0.8326 -0.5263
vn 0.1728 -0.8326 0.5263
vn -0.0000 -0.8588 -0.5123
vn -0.0000 -0.8589 -0.5121
vn -0.0000 -0.8589 -0.5122
vn -0.0000 -0.8589 0.5122
vn -0.2601 -0.9381 0.2286
vn -0.2602 -0.9381 0.2286
vn -0.2601 -0.9381 -0.2286
vn -0.0157 -0.8863 -0.4628
vn -0.0158 -0.8863 -0.4628
vn 0.0157 -0.8863 -0.4628
vn 0.0158 -0.8863 -0.4628
vn 0.2601 -0.9381 -0.2286
vn 0.2602 -0.9381 0.2286
vn 0.0157 -0.8863 0.4628
vn 0.0158 -0.8863 0.4628
vn -0.0157 -0.8863 0.4628
vn -0.0158 -0.8863 0.4628
vn -0.2996 -0.9541 -0.0000
vn -0.2997 -0.9540 -0.0000
vn 0.2996 -0.9541 -0.0000
vn 0.2997 -0.9540 -0.0000
vn -0.0473 -0.9307 -0.3628
vn -0.0473 -0.9306 -0.3629
vn -0.0474 -0.9307 -0.3627
vn 0.0474 -0.9307 -0.3628
vn 0.0473 -0.9306 -0.3629
vn 0.0474 -0.9307 -0.3627
vn 0.0474 -0.9306 0.3629
vn 0.0473 -0.9306 0.3628
vn 0.0473 -0.9307 0.3628
vn -0.0473 -0.9306 0.3628
vn -0.0473 -0.9306 0.3629
vn -0.0473 -0.9307 0.3628
vn -0.0786 -0.9667 0.2436
vn -0.0786 -0.9667 -0.2437
vn -0.0786 -0.9667 -0.2436
vn 0.0787 -0.9667 -0.2437
vn 0.0786 -0.9667 -0.2436
vn 0.0787 -0.9667 0.2436
vn 0.0786 -0.9667 0.2436
vn -0.1099 -0.9895 0.0942
vn -0.1100 -0.9895 0.0942
vn -0.1100 -0.9895 -0.0942
vn -0.1099 -0.9895 -0.0942
vn -0.1260 -0.9920 -0.0000
vn 0.1099 -0.9895 -0.0942
vn 0.1260 -0.9920 -0.0000
vn 0.1099 -0.9895 0.0942
vn -0.2512 0.4945 -0.8321
vn 0.2512 0.4945 -0.8321
vn -0.4087 0.3144 -0.8568
vn 0.4087 0.3144 -0.8568
vn 0.4088 0.3144 -0.8568
vn -0.0789 0.5047 -0.8597
vn -0.0789 0.5048 -0.8596
vn -0.0789 0.5048 -0.8597
vn 0.0789 0.5047 -0.8597
vn 0.0789 0.5048 -0.8597
vn -0.0000 0.4970 -0.8677
vn -0.4262 0.0947 -0.8997
vn 0.4262 0.0947 -0.8997
vn 0.4261 0.0947 -0.8997
vn -0.1807 0.2200 -0.9586
vn 0.1807 0.2200 -0.9586
vn 0.0552 0.2290 -0.9719
vn 0.0552 0.2291 -0.9718
vn 0.0553 0.2291 -0.9718
vn -0.0553 0.2291 -0.9718
vn -0.0000 0.2352 -0.9720
vn -0.0000 0.2352 -0.9719
vn 0.1895 0.0711 -0.9793
vn 0.1896 0.0711 -0.9793
vn -0.1895 0.0711 -0.9793
vn 0.0549 0.0706 -0.9960
vn -0.0549 0.0706 -0.9960
vn -0.0000 0.0707 -0.9975
vn -0.3711 -0.4184 -0.8290
vn -0.3711 -0.4185 -0.8290
vn 0.3711 -0.4185 -0.8290
vn 0.3711 -0.4184 -0.8290
vn -0.1731 -0.3698 -0.9128
vn -0.1731 -0.3699 -0.9128
vn 0.1731 -0.3699 -0.9128
vn 0.1731 -0.3698 -0.9128
vn 0.0471 -0.3300 -0.9428
vn -0.0471 -0.3300 -0.9428
vn -0.0472 -0.3300 -0.9428
vn -0.0000 -0.3162 -0.9487
vn -0.0000 -0.3163 -0.9487
vn -0.0000 -0.3631 -0.9317
vn -0.0000 -0.3632 -0.9317
vn -0.0315 -0.4088 -0.9121
vn 0.0315 -0.4088 -0.9121
vn -0.1181 -0.5120 -0.8508
vn -0.1182 -0.5120 -0.8508
vn 0.1182 -0.5121 -0.8508
vn 0.1182 -0.5120 -0.8508
vn -0.0000 -0.5510 -0.8345
vn -0.0000 -0.5272 -0.8498
vn -0.2293 -0.6641 -0.7116
vn -0.0394 -0.5597 -0.8278
vn -0.0395 -0.5597 -0.8277
vn -0.0394 -0.5597 -0.8277
vn 0.0394 -0.5597 -0.8278
vn 0.0393 -0.5596 -0.8278
vn 0.0397 -0.5597 -0.8277
vn 0.2293 -0.6641 -0.7116
vn -0.1261 -0.6226 -0.7723
vn 0.1261 -0.6226 -0.7723
vn -0.0315 -0.6060 -0.7949
vn 0.0315 -0.6060 -0.7948
vn 0.0315 -0.6059 -0.7949
vn -0.0000 -0.6328 -0.7743
vn -0.0000 -0.6324 -0.7746
vn -0.0000 -0.6325 -0.7746
vn -0.0315 -0.6537 -0.7561
vn 0.0315 -0.6537 -0.7561
vn -0.1027 -0.7034 -0.7034
vn 0.1027 -0.7034 -0.7034
vn 0.5774 0.5773 -0.5773
vn 0.6734 0.6733 -0.3053
vn 0.8770 0.3398 -0.3398
vn 0.6734 0.3053 -0.6733
vn 0.9282 0.0865 -0.3619
vn 0.7050 0.0783 -0.7049
vn 0.9282 -0.0865 -0.3619
vn 0.7050 -0.0783 -0.7049
vn 0.6734 -0.3053 -0.6733
vn 0.8770 -0.3398 -0.3398
vn 0.5774 -0.5773 -0.5773
vn 0.9925 -0.0867 -0.0867
vn 0.6734 -0.6733 -0.3053
vn 0.9282 -0.3619 -0.0865
vn 0.7050 -0.7049 -0.0783
vn 0.7050 -0.7049 0.0783
vn 0.9282 -0.3618 0.0865
vn 0.6734 -0.6733 0.3053
vn 0.9925 -0.0867 0.0867
vn 0.8770 -0.3398 0.3398
vn 0.9925 0.0866 -0.0866
vn 0.9925 0.0866 0.0866
vn 0.9282 0.3619 -0.0865
vn 0.7050 0.7049 -0.0783
vn 0.9282 0.3619 0.0865
vn 0.7050 0.7049 0.0783
vn 0.6734 0.6733 0.3053
vn 0.8770 0.3398 0.3398
vn 0.5774 0.5773 0.5773
vn 0.6734 0.3053 0.6733
vn 0.9282 0.0865 0.3618
vn 0.7050 0.0783 0.7049
vn 0.7050 -0.0783 0.7049
vn 0.9282 -0.0865 0.3619
vn 0.6734 -0.3053 0.6733
vn 0.5774 -0.5773 0.5773
vn -0.5773 0.5774 0.5773
vn -0.3398 0.8770 0.3398
vn -0.6733 0.6734 0.3053
vn -0.3053 0.6734 0.6733
vn -0.3619 0.9282 0.0865
vn -0.7049 0.7050 0.0783
vn -0.0865 0.9282 0.3618
vn -0.0783 0.7050 0.7049
vn -0.0866 0.9925 0.0866
vn -0.0867 0.9925 -0.0867
vn 0.0867 0.9925 0.0867
vn -0.3619 0.9282 -0.0865
vn -0.7049 0.7050 -0.0783
vn 0.0865 0.9282 0.3619
vn 0.0783 0.7049 0.7049
vn -0.6733 0.6734 -0.3053
vn -0.3398 0.8770 -0.3398
vn -0.5773 0.5774 -0.5773
vn -0.3053 0.6734 -0.6733
vn -0.0865 0.9282 -0.3619
vn -0.0783 0.7050 -0.7049
vn 0.0783 0.7050 -0.7049
vn 0.0865 0.9282 -0.3618
vn 0.0866 0.9925 -0.0866
vn 0.3053 0.6734 -0.6733
vn 0.3398 0.8770 -0.3398
vn 0.5773 0.5774 -0.5773
vn 0.3619 0.9282 -0.0865
vn 0.6733 0.6734 -0.3053
vn 0.7049 0.7050 -0.0783
vn 0.3619 0.9282 0.0865
vn 0.7049 0.7050 0.0783
vn 0.6733 0.6734 0.3053
vn 0.3398 0.8770 0.3398
vn 0.5773 0.5774 0.5773
vn 0.3053 0.6734 0.6733
vn -0.3398 -0.3398 0.8770
vn -0.6733 -0.3053 0.6734
vn -0.5773 -0.5773 0.5774
vn -0.3053 -0.6733 0.6734
vn -0.3619 -0.0865 0.9282
vn -0.0865 -0.3619 0.9282
vn -0.0783 -0.7049 0.7050
vn -0.0866 -0.0866 0.9925
vn -0.7049 -0.0783 0.7050
vn -0.0866 0.0866 0.9925
vn -0.3619 0.0865 0.9282
vn -0.7049 0.0783 0.7050
vn 0.0866 -0.0866 0.9925
vn -0.6733 0.3053 0.6734
vn -0.3398 0.3398 0.8770
vn -0.5773 0.5773 0.5774
vn -0.0865 0.3619 0.9282
vn -0.3053 0.6733 0.6733
vn -0.0783 0.7049 0.7050
vn 0.0783 0.7049 0.7050
vn 0.3053 0.6733 0.6734
vn 0.0865 0.3618 0.9282
vn 0.3398 0.3398 0.8770
vn 0.5773 0.5773 0.5774
vn 0.0866 0.0866 0.9925
vn 0.3619 0.0865 0.9282
vn 0.6733 0.3053 0.6734
vn 0.7049 0.0783 0.7050
vn 0.3619 -0.0865 0.9282
vn 0.7049 -0.0783 0.7050
vn 0.6733 -0.3054 0.6734
vn 0.3398 -0.3398 0.8770
vn 0.5773 -0.5773 0.5774
vn 0.0865 -0.3618 0.9282
vn 0.3053 -0.6733 0.6734
vn 0.0783 -0.7049 0.7050
vn -0.8770 -0.3398 0.3398
vn -0.5774 -0.5773 0.5773
vn -0.6734 -0.3054 0.6733
vn -0.6734 -0.6733 0.3053
vn -0.9282 -0.0865 0.3619
vn -0.7050 -0.0783 0.7049
vn -0.7050 0.0783 0.7049
vn -0.9282 0.0865 0.3619
vn -0.6734 0.3053 0.6733
vn -0.9925 -0.0867 0.0867
vn -0.8769 0.3398 0.3398
vn -0.5774 0.5773 0.5773
vn -0.9925 0.0866 0.0866
vn -0.6734 0.6733 0.3053
vn -0.9282 0.3619 0.0865
vn -0.7050 0.7049 0.0783
vn -0.7050 0.7049 -0.0783
vn -0.9282 0.3619 -0.0865
vn -0.6734 0.6733 -0.3053
vn -0.9925 0.0867 -0.0867
vn -0.8770 0.3398 -0.3398
vn -0.5774 0.5773 -0.5773
vn -0.9925 -0.0866 -0.0866
vn -0.9282 0.0865 -0.3619
vn -0.6734 0.3053 -0.6733
vn -0.9282 -0.0865 -0.3618
vn -0.7050 0.0783 -0.7049
vn -0.7050 -0.0783 -0.7049
vn -0.8769 -0.3399 -0.3399
vn -0.6734 -0.3053 -0.6733
vn -0.9282 -0.3619 0.0865
vn -0.7049 -0.7049 0.0783
vn -0.7050 -0.7049 -0.0783
vn -0.9282 -0.3618 -0.0865
vn -0.6734 -0.6733 -0.3053
vn -0.5774 -0.5773 -0.5773
vn -0.5773 -0.5774 0.5773
vn -0.3398 -0.8770 0.3398
vn -0.3053 -0.6734 0.6733
vn -0.6733 -0.6734 0.3053
vn -0.0865 -0.9282 0.3619
vn -0.0783 -0.7050 0.7049
vn 0.5773 -0.5774 -0.5773
vn 0.3398 -0.8770 -0.3398
vn 0.3053 -0.6734 -0.6733
vn 0.6733 -0.6734 -0.3053
vn 0.0865 -0.9282 -0.3619
vn 0.0783 -0.7050 -0.7049
vn -0.0783 -0.7050 -0.7049
vn 0.3618 -0.9282 -0.0865
vn 0.7049 -0.7050 -0.0783
vn 0.0867 -0.9925 -0.0867
vn -0.0865 -0.9282 -0.3618
vn 0.7049 -0.7050 0.0783
vn 0.3619 -0.9282 0.0865
vn 0.6733 -0.6734 0.3053
vn 0.0783 -0.7050 0.7049
vn 0.3398 -0.8770 0.3398
vn 0.5773 -0.5774 0.5773
vn 0.3053 -0.6734 0.6733
vn 0.0865 -0.9282 0.3619
vn -0.0867 -0.9925 0.0867
vn 0.0867 -0.9925 0.0867
vn -0.0867 -0.9925 -0.0867
vn -0.3619 -0.9282 0.0865
vn -0.3618 -0.9282 -0.0865
vn -0.7049 -0.7050 0.0783
vn -0.3398 -0.8770 -0.3398
vn -0.7049 -0.7050 -0.0783
vn -0.6733 -0.6734 -0.3053
vn -0.5773 -0.5774 -0.5773
vn -0.3053 -0.6734 -0.6733
vn -0.3618 -0.0865 -0.9282
vn -0.6733 -0.3053 -0.6734
vn -0.7049 -0.0783 -0.7050
vn -0.7049 0.0783 -0.7050
vn -0.6733 0.3053 -0.6734
vn -0.3619 0.0865 -0.9282
vn -0.3398 0.3398 -0.8770
vn -0.5773 0.5773 -0.5774
vn -0.0867 -0.0867 -0.9925
vn -0.3053 0.6733 -0.6734
vn -0.0866 0.0866 -0.9925
vn -0.0865 0.3618 -0.9282
vn -0.0783 0.7049 -0.7049
vn 0.0867 0.0867 -0.9925
vn 0.0865 0.3618 -0.9282
vn 0.0783 0.7049 -0.7050
vn 0.3053 0.6733 -0.6734
vn 0.3398 0.3398 -0.8770
vn 0.5773 0.5773 -0.5774
vn 0.6733 0.3053 -0.6734
vn 0.3619 0.0865 -0.9282
vn 0.7049 0.0783 -0.7050
vn 0.7049 -0.0783 -0.7050
vn 0.3618 -0.0865 -0.9282
vn 0.6733 -0.3053 -0.6734
vn 0.0866 -0.0866 -0.9925
vn 0.3398 -0.3398 -0.8770
vn 0.0865 -0.3618 -0.9282
vn -0.0865 -0.3619 -0.9282
vn 0.5773 -0.5773 -0.5774
vn 0.3053 -0.6733 -0.6734
vn 0.0783 -0.7049 -0.7050
vn -0.0783 -0.7049 -0.7050
vn -0.3053 -0.6733 -0.6733
vn -0.5773 -0.5773 -0.5774
vn -0.3398 -0.3398 -0.8770
vt 26.169701 -43.000000
vt 25.830299 -43.033100
vt 26.169701 -43.033100
vt 25.830299 -43.000000
vt 26.169701 -42.966900
vt 25.830299 -42.966900
vt 26.169701 -42.935001
vt 25.830299 -42.935001
vt 25.830299 -43.064999
vt 26.169701 -43.064999
vt 26.169701 -42.905701
vt 25.830299 -42.905701
vt 25.830299 -43.094299
vt 26.169701 -43.094299
vt 26.169701 -42.880001
vt 25.830299 -42.880001
vt 25.830299 -43.119999
vt 26.169701 -43.119999
vt 25.436899 -43.169701
vt 25.411200 -42.830299
vt 25.411200 -43.169701
vt 25.436899 -42.830299
vt 26.588800 -43.169701
vt 26.563101 -42.830299
vt 26.563101 -43.169701
vt 26.588800 -42.830299
vt 25.466200 -43.169701
vt 25.466200 -42.830299
vt 26.533800 -42.830299
vt 26.533800 -43.169701
vt 25.498100 -43.169701
vt 25.498100 -42.830299
vt 26.501900 -42.830299
vt 26.501900 -43.169701
vt 25.531200 -43.169701
vt 25.531200 -42.830299
vt 26.468800 -42.830299
vt 26.468800 -43.169701
vt 25.564301 -43.169701
vt 25.564301 -42.830299
vt 26.435699 -42.830299
vt 26.435699 -43.169701
vt 25.596100 -43.169701
vt 25.596100 -42.830299
vt 26.403900 -42.830299
vt 26.403900 -43.169701
vt 25.625500 -43.169701
vt 25.625500 -42.830299
vt 26.374500 -42.830299
vt 26.374500 -43.169701
vt 25.651199 -43.169701
vt 25.651199 -42.830299
vt 26.348801 -42.830299
vt 26.348801 -43.169701
vt 26.625601 -42.935001
vt 26.609900 -43.094299
vt 26.635300 -43.033100
vt 26.625601 -43.064999
vt 26.638500 -43.000000
vt 26.635300 -42.966900
vt 26.563101 -43.141102
vt 26.588800 -43.119999
vt 26.533800 -43.156799
vt 26.501900 -43.166500
vt 26.403900 -43.156799
vt 26.435699 -43.166500
vt 26.348801 -43.119999
vt 26.374500 -43.141102
vt 26.327700 -43.094299
vt 26.302299 -43.033100
vt 26.312000 -43.064999
vt 26.302299 -42.966900
vt 26.299101 -43.000000
vt 26.312000 -42.935001
vt 26.435699 -42.833500
vt 26.403900 -42.843201
vt 26.374500 -42.858898
vt 26.327700 -42.905701
vt 26.348801 -42.880001
vt 26.588800 -42.880001
vt 26.609900 -42.905701
vt 26.501900 -42.833500
vt 26.533800 -42.843201
vt 26.563101 -42.858898
vt 25.390100 -43.094299
vt 25.390100 -42.905701
vt 25.361500 -43.000000
vt 25.364700 -42.966900
vt 25.374399 -42.935001
vt 25.364700 -43.033100
vt 25.374399 -43.064999
vt 25.411200 -42.880001
vt 25.411200 -43.119999
vt 25.651199 -42.880001
vt 25.625500 -43.141102
vt 25.596100 -43.156799
vt 25.564301 -43.166500
vt 25.498100 -43.166500
vt 25.436899 -43.141102
vt 25.466200 -43.156799
vt 25.651199 -43.119999
vt 25.672300 -42.905701
vt 25.700899 -43.000000
vt 25.672300 -43.094299
vt 25.697701 -42.966900
vt 25.688000 -42.935001
vt 25.697701 -43.033100
vt 25.688000 -43.064999
vt 25.596100 -42.843201
vt 25.625500 -42.858898
vt 25.564301 -42.833500
vt 25.498100 -42.833500
vt 25.436899 -42.858898
vt 25.466200 -42.843201
vt 44.339500 -39.188599
vt 43.660500 -39.240002
vt 44.339500 -39.240002
vt 43.660500 -39.188599
vt 44.339500 -39.129902
vt 43.660500 -39.129902
vt 44.339500 -39.066200
vt 43.660500 -39.066200
vt 44.339500 -39.000000
vt 43.660500 -39.000000
vt 44.339500 -38.933800
vt 43.660500 -38.933800
vt 44.339500 -38.870098
vt 43.660500 -38.870098
vt 44.339500 -38.811401
vt 43.660500 -38.811401
vt 44.339500 -38.759998
vt 43.660500 -38.759998
vt 44.240002 -39.339500
vt 44.188599 -38.660500
vt 44.188599 -39.339500
vt 44.240002 -38.660500
vt 44.129902 -38.660500
vt 44.129902 -39.339500
vt 44.066200 -38.660500
vt 44.066200 -39.339500
vt 44.000000 -38.660500
vt 44.000000 -39.339500
vt 43.811401 -39.339500
vt 43.759998 -38.660500
vt 43.759998 -39.339500
vt 43.811401 -38.660500
vt 43.870098 -39.339500
vt 43.870098 -38.660500
vt 43.933800 -39.339500
vt 43.933800 -38.660500
vt 44.129902 -39.313599
vt 43.933800 -38.667000
vt 43.667000 -39.066200
vt 43.667000 -38.933800
vt 43.686401 -38.870098
vt 43.717701 -39.188599
vt 43.686401 -39.129902
vt 43.759998 -39.240002
vt 43.759998 -38.759998
vt 43.717701 -38.811401
vt 43.870098 -38.686401
vt 43.811401 -38.717701
vt 43.870098 -39.313599
vt 43.811401 -39.282299
vt 43.933800 -39.333000
vt 44.066200 -39.333000
vt 44.333000 -39.066200
vt 44.188599 -39.282299
vt 44.240002 -39.240002
vt 44.282299 -39.188599
vt 44.313599 -39.129902
vt 44.333000 -38.933800
vt 44.313599 -38.870098
vt 44.282299 -38.811401
vt 44.066200 -38.667000
vt 44.188599 -38.717701
vt 44.129902 -38.686401
vt 44.240002 -38.759998
vt 48.339500 -11.188600
vt 47.660500 -11.240000
vt 48.339500 -11.240000
vt 47.660500 -11.188600
vt 48.339500 -11.129900
vt 47.660500 -11.129900
vt 48.339500 -11.066200
vt 47.660500 -11.066200
vt 48.339500 -11.000000
vt 47.660500 -11.000000
vt 48.339500 -10.933800
vt 47.660500 -10.933800
vt 48.339500 -10.870100
vt 47.660500 -10.870100
vt 48.339500 -10.811400
vt 47.660500 -10.811400
vt 48.339500 -10.760000
vt 47.660500 -10.760000
vt 48.240002 -11.339500
vt 48.188599 -10.660500
vt 48.188599 -11.339500
vt 48.240002 -10.660500
vt 48.129902 -10.660500
vt 48.129902 -11.339500
vt 48.066200 -10.660500
vt 48.066200 -11.339500
vt 48.000000 -10.660500
vt 48.000000 -11.339500
vt 47.811401 -11.339500
vt 47.759998 -10.660500
vt 47.759998 -11.339500
vt 47.811401 -10.660500
vt 47.870098 -11.339500
vt 47.870098 -10.660500
vt 47.933800 -11.339500
vt 47.933800 -10.660500
vt 48.129902 -11.313600
vt 47.933800 -10.667000
vt 47.667000 -11.066200
vt 47.667000 -10.933800
vt 47.686401 -10.870100
vt 47.717701 -11.188600
vt 47.686401 -11.129900
vt 47.759998 -11.240000
vt 47.759998 -10.760000
vt 47.717701 -10.811400
vt 47.870098 -10.686400
vt 47.811401 -10.717700
vt 47.870098 -11.313600
vt 47.811401 -11.282300
vt 47.933800 -11.333000
vt 48.066200 -11.333000
vt 48.333000 -11.066200
vt 48.188599 -11.282300
vt 48.240002 -11.240000
vt 48.282299 -11.188600
vt 48.313599 -11.129900
vt 48.333000 -10.933800
vt 48.313599 -10.870100
vt 48.282299 -10.811400
vt 48.066200 -10.667000
vt 48.188599 -10.717700
vt 48.129902 -10.686400
vt 48.240002 -10.760000
vt 56.278400 -41.177898
vt 56.549301 -40.908401
vt 56.278400 -40.844398
vt 56.549301 -40.708000
vt 55.900002 -40.981800
vt 55.674702 -41.248901
vt 55.900002 -41.292000
vt 55.674702 -41.024899
vt 55.450699 -41.024899
vt 55.450699 -41.248901
vt 55.844898 -40.900002
vt 55.833302 -41.278400
vt 56.155102 -40.900002
vt 56.166698 -41.278400
vt 55.888000 -40.674702
vt 56.112000 -40.674702
vt 56.100201 -41.549301
vt 55.899799 -41.549301
vt 55.888000 -40.450699
vt 56.112000 -40.450699
vt 55.888000 -41.024899
vt 56.112000 -41.248901
vt 56.112000 -41.024899
vt 55.888000 -41.248901
vt 55.721600 -40.844398
vt 55.450699 -40.908401
vt 55.721600 -41.177898
vt 55.450699 -40.708000
vt 56.099998 -40.981800
vt 56.325298 -41.248901
vt 56.325298 -41.024899
vt 56.099998 -41.292000
vt 56.549301 -41.248901
vt 56.549301 -41.024899
vt 55.899799 -40.708000
vt 56.100201 -40.908401
vt 56.100201 -40.708000
vt 55.899799 -40.908401
vt 37.905201 -32.884800
vt 38.094799 -32.884800
vt 38.000301 -32.865398
vt 37.770500 -32.735401
vt 37.999001 -32.715599
vt 37.773899 -32.726101
vt 37.999699 -32.732601
vt 37.767101 -32.746700
vt 37.999699 -32.889702
vt 38.232899 -32.746700
vt 37.758598 -32.903900
vt 38.241402 -32.903900
vt 37.999699 -33.046902
vt 37.749699 -33.061001
vt 38.250301 -33.061001
vt 37.999699 -33.052601
vt 37.784100 -33.072102
vt 37.998001 -33.071098
vt 38.215900 -33.072102
vt 37.773899 -33.090500
vt 38.222698 -33.090500
vt 37.999001 -33.075802
vt 38.228100 -33.098099
vt 37.905201 -33.252899
vt 38.055698 -33.288898
vt 38.094799 -33.252899
vt 38.111500 -33.255402
vt 37.944199 -33.288898
vt 37.888401 -33.255402
vt 38.160999 -33.223400
vt 38.000301 -33.212200
vt 37.832600 -33.223801
vt 38.000301 -33.126701
vt 38.187698 -33.140800
vt 37.812302 -33.140800
vt 38.000301 -33.037998
vt 38.196400 -33.052200
vt 37.803600 -33.052200
vt 38.000301 -32.955299
vt 38.201199 -32.969398
vt 37.798801 -32.969398
vt 38.206100 -32.879501
vt 37.793900 -32.879501
vt 38.000301 -32.790600
vt 38.210999 -32.804798
vt 37.789001 -32.804798
vt 38.000301 -32.711102
vt 38.215900 -32.725300
vt 37.784100 -32.725300
vt 38.000301 -33.238800
vt 5.823710 -37.210201
vt 5.886070 -37.233601
vt 5.837630 -37.127602
vt 5.903950 -37.151100
vt 5.855470 -37.043400
vt 5.921810 -37.062500
vt 5.879600 -36.956699
vt 5.943160 -36.979698
vt 5.911690 -36.862900
vt 5.972490 -36.889801
vt 5.954160 -36.784199
vt 6.012190 -36.815102
vt 6.017650 -36.694401
vt 6.072900 -36.735600
vt 6.087650 -36.675598
vt 6.091370 -36.736401
vt 6.099480 -36.733299
vt 6.140030 -36.682400
vt 6.157650 -36.748600
vt 6.093960 -36.757000
vt 6.114700 -36.914200
vt 6.178390 -36.905800
vt 6.135450 -37.071301
vt 6.199140 -37.062901
vt 6.000390 -37.064800
vt 6.000390 -36.994801
vt 5.784190 -37.014198
vt 6.215930 -37.014198
vt 5.746040 -37.017601
vt 5.775680 -37.084202
vt 5.736020 -37.087601
vt 6.224440 -37.084202
vt 6.253960 -37.017601
vt 6.263980 -37.087601
vt 6.003290 -37.113800
vt 6.231720 -37.130299
vt 6.272030 -37.133202
vt 5.774210 -37.136101
vt 5.733780 -37.139999
vt 6.268420 -36.733299
vt 6.227990 -36.731800
vt 6.273990 -36.757000
vt 6.232840 -36.754501
vt 5.998900 -36.723400
vt 5.999610 -36.740398
vt 6.241370 -36.911701
vt 6.284030 -36.914200
vt 6.250230 -37.068802
vt 6.294460 -37.071301
vt 5.999610 -36.846298
vt 5.798710 -36.954300
vt 5.999610 -36.940102
vt 6.201170 -36.954300
vt 5.793830 -36.860401
vt 5.763260 -36.956699
vt 5.757520 -36.862900
vt 6.206050 -36.860401
vt 6.236740 -36.956699
vt 6.242480 -36.862900
vt 5.999610 -36.767601
vt 6.210930 -36.781700
vt 6.248220 -36.784199
vt 5.788950 -36.781700
vt 5.999610 -36.677700
vt 6.215810 -36.691898
vt 6.253960 -36.694401
vt 5.751780 -36.784199
vt 5.784070 -36.691898
vt 5.746040 -36.694401
vt 5.773870 -36.733898
vt 5.734330 -36.736401
vt 5.770480 -36.743198
vt 5.730170 -36.746700
vt 5.736020 -36.675598
vt 5.767050 -36.754501
vt 5.726010 -36.757000
vt 5.758520 -36.911701
vt 5.715970 -36.914200
vt 5.749650 -37.068802
vt 5.705540 -37.071301
vt 6.055780 -37.314701
vt 6.000000 -37.341000
vt 5.944220 -37.314701
vt 6.094760 -37.278801
vt 6.111560 -37.281300
vt 5.905120 -37.278801
vt 6.167320 -37.208199
vt 5.888440 -37.281300
vt 6.196910 -37.210201
vt 5.838900 -37.207802
vt 5.810540 -37.209801
vt 5.999610 -37.264599
vt 5.999610 -37.196602
vt 5.999610 -37.111000
vt 5.812230 -37.125099
vt 6.187650 -37.125099
vt 6.220840 -37.127602
vt 5.999610 -37.026798
vt 6.196290 -37.040901
vt 6.231000 -37.043400
vt 5.779160 -37.127602
vt 5.803590 -37.040901
vt 5.769000 -37.043400
vt 6.056840 -36.979698
vt 6.120400 -36.956699
vt 6.088310 -36.862900
vt 6.027510 -36.889801
vt 6.045840 -36.784199
vt 5.987810 -36.815102
vt 5.982350 -36.694401
vt 5.927100 -36.735600
vt 5.912350 -36.675598
vt 5.908630 -36.736401
vt 5.866790 -36.695801
vt 5.907330 -36.746700
vt 5.906040 -36.757000
vt 5.842350 -36.748600
vt 5.885300 -36.914200
vt 5.821610 -36.905800
vt 5.864550 -37.071301
vt 5.800860 -37.062901
vt 6.113930 -37.233200
vt 6.176290 -37.209801
vt 6.162370 -37.127602
vt 6.096050 -37.151100
vt 6.144530 -37.043400
vt 6.078190 -37.062500
vt 5.905120 -36.820599
vt 6.094760 -36.820599
vt 5.999610 -36.801201
vt 6.055780 -36.887699
vt 6.000000 -36.831001
vt 6.000000 -36.892601
vt 6.055780 -36.826099
vt 6.111560 -36.885700
vt 6.111560 -36.824001
vt 6.196910 -36.823700
vt 5.944220 -36.826099
vt 6.196910 -36.886101
vt 6.222630 -37.087898
vt 6.253960 -37.072899
vt 6.215810 -37.069500
vt 6.262280 -37.091400
vt 6.227990 -37.095501
vt 6.268420 -37.099499
vt 5.773870 -37.087898
vt 5.784070 -37.069500
vt 5.746040 -37.072899
vt 5.734330 -37.091400
vt 5.749650 -37.195702
vt 5.705540 -37.135399
vt 5.705540 -37.199100
vt 5.749650 -37.132000
vt 5.999610 -37.176300
vt 5.999610 -37.112598
vt 6.250230 -37.132000
vt 6.250230 -37.195702
vt 6.294460 -37.135399
vt 6.294460 -37.199100
vt 5.944220 -36.887699
vt 5.888440 -36.885700
vt 5.888440 -36.824001
vt 5.810540 -36.823700
vt 5.810540 -36.886101
vt 5.832680 -37.231602
vt 5.888440 -37.263199
vt 5.905240 -37.260700
vt 5.812350 -37.148602
vt 5.803090 -37.233601
vt 5.779160 -37.151100
vt 5.803710 -37.060001
vt 5.769000 -37.062500
vt 5.798830 -36.977200
vt 5.763260 -36.979698
vt 5.793950 -36.887299
vt 5.757520 -36.889801
vt 5.789070 -36.812599
vt 5.751780 -36.815102
vt 5.784190 -36.733101
vt 5.746040 -36.735600
vt 6.206170 -36.887299
vt 6.201290 -36.977200
vt 6.236740 -36.979698
vt 6.242480 -36.889801
vt 6.211050 -36.812599
vt 6.248220 -36.815102
vt 6.215930 -36.733101
vt 6.253960 -36.735600
vt 6.000390 -36.731998
vt 6.003290 -36.672401
vt 5.774210 -36.680901
vt 6.231720 -36.692299
vt 5.767160 -36.746101
vt 5.733780 -36.682400
vt 5.726010 -36.748600
vt 6.232950 -36.746101
vt 6.272030 -36.695801
vt 6.000390 -36.889099
vt 5.758630 -36.903301
vt 5.715970 -36.905800
vt 5.749770 -37.060398
vt 5.705540 -37.062901
vt 6.000390 -37.046299
vt 6.241480 -36.903301
vt 6.250350 -37.060398
vt 6.273990 -36.748600
vt 6.284030 -36.905800
vt 6.294460 -37.062901
vt 6.161100 -37.231201
vt 6.094880 -37.260700
vt 6.111560 -37.263199
vt 6.187770 -37.148602
vt 6.189460 -37.233200
vt 6.220840 -37.151100
vt 6.196410 -37.060001
vt 6.231000 -37.062500
vt 6.000000 -37.323002
vt 5.944220 -37.296700
vt 6.055780 -37.296700
vt 43.905201 -56.884800
vt 44.094799 -56.884800
vt 44.000301 -56.865398
vt 43.770500 -56.735401
vt 43.999001 -56.715599
vt 43.773899 -56.726101
vt 43.999699 -56.732601
vt 43.767101 -56.746700
vt 43.999699 -56.889702
vt 44.232899 -56.746700
vt 43.758598 -56.903900
vt 44.241402 -56.903900
vt 43.999699 -57.046902
vt 43.749699 -57.061001
vt 44.250301 -57.061001
vt 43.999699 -57.052601
vt 43.784100 -57.072102
vt 43.998001 -57.071098
vt 44.215900 -57.072102
vt 43.773899 -57.090500
vt 44.222698 -57.090500
vt 43.999001 -57.075802
vt 44.228100 -57.098099
vt 43.905201 -57.252899
vt 44.055698 -57.288898
vt 44.094799 -57.252899
vt 44.111500 -57.255402
vt 43.944199 -57.288898
vt 43.888401 -57.255402
vt 44.160999 -57.223400
vt 44.000301 -57.212200
vt 43.832600 -57.223801
vt 44.000301 -57.126701
vt 44.187698 -57.140800
vt 43.812302 -57.140800
vt 44.000301 -57.037998
vt 44.196400 -57.052200
vt 43.803600 -57.052200
vt 44.000301 -56.955299
vt 44.201199 -56.969398
vt 43.798801 -56.969398
vt 44.206100 -56.879501
vt 43.793900 -56.879501
vt 44.000301 -56.790600
vt 44.210999 -56.804798
vt 43.789001 -56.804798
vt 44.000301 -56.711102
vt 44.215900 -56.725300
vt 43.784100 -56.725300
vt 44.000301 -57.238800
vt 7.823710 -37.210201
vt 7.886070 -37.233601
vt 7.837630 -37.127602
vt 7.903950 -37.151100
vt 7.855470 -37.043400
vt 7.921810 -37.062500
vt 7.879600 -36.956699
vt 7.943160 -36.979698
vt 7.911690 -36.862900
vt 7.972490 -36.889801
vt 7.954160 -36.784199
vt 8.012190 -36.815102
vt 8.017650 -36.694401
vt 8.072900 -36.735600
vt 8.087650 -36.675598
vt 8.091370 -36.736401
vt 8.099480 -36.733299
vt 8.140030 -36.682400
vt 8.157650 -36.748600
vt 8.093960 -36.757000
vt 8.114700 -36.914200
vt 8.178390 -36.905800
vt 8.135450 -37.071301
vt 8.199140 -37.062901
vt 8.000390 -37.064800
vt 8.000390 -36.994801
vt 7.784190 -37.014198
vt 8.215930 -37.014198
vt 7.746040 -37.017601
vt 7.775680 -37.084202
vt 7.736020 -37.087601
vt 8.224440 -37.084202
vt 8.253960 -37.017601
vt 8.263980 -37.087601
vt 8.003290 -37.113800
vt 8.231720 -37.130299
vt 8.272030 -37.133202
vt 7.774210 -37.136101
vt 7.733780 -37.139999
vt 8.268420 -36.733299
vt 8.227990 -36.731800
vt 8.273990 -36.757000
vt 8.232840 -36.754501
vt 7.998900 -36.723400
vt 7.999610 -36.740398
vt 8.241370 -36.911701
vt 8.284030 -36.914200
vt 8.250230 -37.068802
vt 8.294460 -37.071301
vt 7.999610 -36.846298
vt 7.798710 -36.954300
vt 7.999610 -36.940102
vt 8.201170 -36.954300
vt 7.793830 -36.860401
vt 7.763260 -36.956699
vt 7.757520 -36.862900
vt 8.206050 -36.860401
vt 8.236740 -36.956699
vt 8.242480 -36.862900
vt 7.999610 -36.767601
vt 8.210930 -36.781700
vt 8.248220 -36.784199
vt 7.788950 -36.781700
vt 7.999610 -36.677700
vt 8.215810 -36.691898
vt 8.253960 -36.694401
vt 7.751780 -36.784199
vt 7.784070 -36.691898
vt 7.746040 -36.694401
vt 7.773870 -36.733898
vt 7.734330 -36.736401
vt 7.770480 -36.743198
vt 7.730170 -36.746700
vt 7.736020 -36.675598
vt 7.767050 -36.754501
vt 7.726010 -36.757000
vt 7.758520 -36.911701
vt 7.715970 -36.914200
vt 7.749650 -37.068802
vt 7.705540 -37.071301
vt 8.055780 -37.314701
vt 8.000000 -37.341000
vt 7.944220 -37.314701
vt 8.094760 -37.278801
vt 8.111560 -37.281300
vt 7.905120 -37.278801
vt 8.167320 -37.208199
vt 7.888440 -37.281300
vt 8.196910 -37.210201
vt 7.838900 -37.207802
vt 7.810540 -37.209801
vt 7.999610 -37.264599
vt 7.999610 -37.196602
vt 7.999610 -37.111000
vt 7.812230 -37.125099
vt 8.187650 -37.125099
vt 8.220840 -37.127602
vt 7.999610 -37.026798
vt 8.196290 -37.040901
vt 8.231000 -37.043400
vt 7.779160 -37.127602
vt 7.803590 -37.040901
vt 7.769000 -37.043400
vt 8.056840 -36.979698
vt 8.120400 -36.956699
vt 8.088310 -36.862900
vt 8.027510 -36.889801
vt 8.045840 -36.784199
vt 7.987810 -36.815102
vt 7.982350 -36.694401
vt 7.927100 -36.735600
vt 7.912350 -36.675598
vt 7.908630 -36.736401
vt 7.866790 -36.695801
vt 7.907330 -36.746700
vt 7.906040 -36.757000
vt 7.842350 -36.748600
vt 7.885300 -36.914200
vt 7.821610 -36.905800
vt 7.864550 -37.071301
vt 7.800860 -37.062901
vt 8.113930 -37.233200
vt 8.176290 -37.209801
vt 8.162370 -37.127602
vt 8.096050 -37.151100
vt 8.144530 -37.043400
vt 8.078190 -37.062500
vt 7.905120 -36.820599
vt 8.094760 -36.820599
vt 7.999610 -36.801201
vt 8.055780 -36.887699
vt 8.000000 -36.831001
vt 8.000000 -36.892601
vt 8.055780 -36.826099
vt 8.111560 -36.885700
vt 8.111560 -36.824001
vt 8.196910 -36.823700
vt 7.944220 -36.826099
vt 8.196910 -36.886101
vt 8.222630 -37.087898
vt 8.253960 -37.072899
vt 8.215810 -37.069500
vt 8.262280 -37.091400
vt 8.227990 -37.095501
vt 8.268420 -37.099499
vt 7.773870 -37.087898
vt 7.784070 -37.069500
vt 7.746040 -37.072899
vt 7.734330 -37.091400
vt 7.749650 -37.195702
vt 7.705540 -37.135399
vt 7.705540 -37.199100
vt 7.749650 -37.132000
vt 7.999610 -37.176300
vt 7.999610 -37.112598
vt 8.250230 -37.132000
vt 8.250230 -37.195702
vt 8.294460 -37.135399
vt 8.294460 -37.199100
vt 7.944220 -36.887699
vt 7.888440 -36.885700
vt 7.888440 -36.824001
vt 7.810540 -36.823700
vt 7.810540 -36.886101
vt 7.832680 -37.231602
vt 7.888440 -37.263199
vt 7.905240 -37.260700
vt 7.812350 -37.148602
vt 7.803090 -37.233601
vt 7.779160 -37.151100
vt 7.803710 -37.060001
vt 7.769000 -37.062500
vt 7.798830 -36.977200
vt 7.763260 -36.979698
vt 7.793950 -36.887299
vt 7.757520 -36.889801
vt 7.789070 -36.812599
vt 7.751780 -36.815102
vt 7.784190 -36.733101
vt 7.746040 -36.735600
vt 8.206170 -36.887299
vt 8.201290 -36.977200
vt 8.236740 -36.979698
vt 8.242480 -36.889801
vt 8.211050 -36.812599
vt 8.248220 -36.815102
vt 8.215930 -36.733101
vt 8.253960 -36.735600
vt 8.000390 -36.731998
vt 8.003290 -36.672401
vt 7.774210 -36.680901
vt 8.231720 -36.692299
vt 7.767160 -36.746101
vt 7.733780 -36.682400
vt 7.726010 -36.748600
vt 8.232950 -36.746101
vt 8.272030 -36.695801
vt 8.000390 -36.889099
vt 7.758630 -36.903301
vt 7.715970 -36.905800
vt 7.749770 -37.060398
vt 7.705540 -37.062901
vt 8.000390 -37.046299
vt 8.241480 -36.903301
vt 8.250350 -37.060398
vt 8.273990 -36.748600
vt 8.284030 -36.905800
vt 8.294460 -37.062901
vt 8.161100 -37.231201
vt 8.094880 -37.260700
vt 8.111560 -37.263199
vt 8.187770 -37.148602
vt 8.189460 -37.233200
vt 8.220840 -37.151100
vt 8.196410 -37.060001
vt 8.231000 -37.062500
vt 8.000000 -37.323002
vt 7.944220 -37.296700
vt 8.055780 -37.296700
vt -0.042104 -61.079498
vt 0.033193 -61.053299
vt -0.041390 -61.053299
vt 0.040531 -61.079498
vt -0.034380 -61.029800
vt 0.026183 -61.029800
vt -0.034380 -60.851898
vt 0.026183 -61.008499
vt 0.026183 -60.851898
vt -0.034380 -61.008499
vt -0.041856 -61.104801
vt 0.042576 -61.104801
vt 0.092621 -60.965599
vt 0.092621 -61.026199
vt 0.115409 -60.965599
vt 0.115409 -61.026199
vt 0.047557 -61.026199
vt 0.071108 -60.965599
vt 0.047557 -60.965599
vt 0.071108 -61.026199
vt 0.003765 -60.965599
vt 0.026043 -61.026199
vt 0.026043 -60.965599
vt 0.002491 -61.026199
vt -0.020041 -60.965599
vt -0.020041 -61.026199
vt -0.042574 -60.965599
vt -0.042574 -61.026199
vt 0.137941 -61.026199
vt 0.137941 -60.965599
vt 0.120458 -61.031898
vt 0.137941 -61.053299
vt 0.134307 -61.029800
vt 0.129159 -61.008499
vt -0.084049 -61.122601
vt -0.080667 -61.102001
vt -0.092515 -61.101299
vt -0.096166 -61.092800
vt -0.060192 -61.110100
vt -0.030505 -61.148102
vt -0.031362 -61.111198
vt -0.065632 -61.141602
vt -0.115409 -60.941399
vt -0.137941 -60.942299
vt -0.092621 -60.936501
vt 0.065106 -60.876301
vt 0.087638 -60.851898
vt 0.042574 -60.900799
vt 0.107033 -61.057201
vt 0.108420 -61.104801
vt 0.083165 -61.076401
vt 0.133624 -61.079498
vt -0.071108 -60.935902
vt 0.020041 -60.913898
vt 0.064612 -61.129501
vt 0.049994 -61.095299
vt -0.026043 -60.927502
vt 0.004930 -61.106800
vt 0.027684 -61.101799
vt -0.047557 -60.929699
vt -0.003765 -60.923199
vt 0.042523 -61.137901
vt 0.019547 -61.143501
vt 0.041390 -61.122601
vt -0.033193 -61.122601
vt 0.038027 -61.141602
vt -0.040531 -61.141602
vt 0.034380 -61.092800
vt -0.026183 -61.101299
vt 0.034380 -61.101299
vt -0.026183 -61.092800
vt -0.026183 -60.942299
vt 0.034380 -60.942299
vt 0.034380 -60.851898
vt -0.026183 -60.851898
vt 0.034380 -60.876301
vt -0.026183 -60.876301
vt 0.034380 -60.900799
vt -0.026183 -60.900799
vt -0.030505 -61.042599
vt -0.065632 -60.962002
vt -0.065632 -61.040501
vt -0.030505 -60.959900
vt 0.108420 -61.042599
vt 0.108420 -60.958099
vt 0.064612 -61.026199
vt 0.064612 -60.965599
vt 0.019547 -61.026199
vt 0.019547 -60.965599
vt 0.042523 -61.026199
vt 0.042523 -60.965599
vt -0.134307 -61.029800
vt -0.137941 -61.053299
vt -0.120458 -61.031898
vt -0.129159 -61.008499
vt 0.084049 -61.122601
vt 0.092515 -61.101299
vt 0.080667 -61.102001
vt 0.096166 -61.092800
vt 0.115409 -60.941399
vt 0.137941 -60.942299
vt 0.092621 -60.936501
vt 0.060192 -61.110100
vt -0.065106 -60.876301
vt -0.087638 -60.851898
vt -0.042574 -60.900799
vt -0.107033 -61.057201
vt 0.071108 -60.935902
vt 0.031362 -61.111198
vt -0.020041 -60.913898
vt -0.083165 -61.076401
vt -0.133624 -61.079498
vt 0.002491 -60.926998
vt -0.027684 -61.101799
vt 0.026043 -60.927502
vt -0.049994 -61.095299
vt -0.004930 -61.106800
vt 0.047557 -60.929699
vt -0.019547 -61.143501
vt -0.042523 -61.137901
vt -0.064612 -61.129501
vt 0.065632 -61.141602
vt -0.108420 -61.104801
vt 0.030505 -61.148102
vt 58.000000 -60.956299
vt 57.995098 -60.987000
vt 58.000000 -60.987900
vt 57.995098 -60.955399
vt 58.004902 -60.987000
vt 58.004902 -60.955399
vt 58.004902 -61.054699
vt 58.004902 -61.042599
vt 58.000000 -61.042999
vt 58.000000 -61.055801
vt 57.995098 -61.054699
vt 57.995098 -61.042599
vt 58.008499 -61.051701
vt 57.991501 -61.051701
vt 57.995098 -61.040600
vt 58.000000 -61.039501
vt 57.995098 -61.038101
vt 58.000000 -61.037899
vt 58.004902 -61.038101
vt 58.004902 -61.040600
vt 57.991501 -60.950901
vt 57.991501 -61.038700
vt 58.008499 -60.950901
vt 58.008499 -61.038700
vt 58.004902 -60.950901
vt 58.000000 -60.950901
vt 57.995098 -60.950901
vt 57.991501 -61.043598
vt 58.008499 -61.043598
vt 57.995098 -60.945000
vt 58.000000 -60.973999
vt 58.000000 -60.944199
vt 57.995098 -60.974899
vt 58.004902 -60.945000
vt 58.004902 -60.974899
vt 58.063000 -60.991501
vt 58.005699 -60.991501
vt 58.007702 -60.995098
vt 58.063000 -61.008499
vt 58.007702 -61.004902
vt 58.005699 -61.008499
vt 57.937000 -60.991501
vt 57.992298 -60.995098
vt 57.994301 -60.991501
vt 57.992298 -61.004902
vt 57.937000 -61.008499
vt 57.994301 -61.008499
vt 58.062698 -60.995098
vt 58.008400 -61.000000
vt 58.062500 -61.000000
vt 58.062698 -61.004902
vt 57.937302 -60.995098
vt 57.991600 -61.000000
vt 57.937500 -61.000000
vt 57.937302 -61.004902
vt 58.115700 -61.000000
vt 58.116001 -60.995098
vt 58.116001 -61.004902
vt 57.883999 -60.995098
vt 57.884300 -61.000000
vt 57.883999 -61.004902
vt 58.168701 -61.000000
vt 58.169102 -60.995098
vt 58.169102 -61.004902
vt 57.830898 -60.995098
vt 57.831299 -61.000000
vt 57.830898 -61.004902
vt 58.209000 -61.000000
vt 58.209599 -60.995098
vt 58.209599 -61.004902
vt 57.790401 -60.995098
vt 57.791000 -61.000000
vt 57.790401 -61.004902
vt 58.239101 -61.000000
vt 58.240002 -60.995098
vt 58.240002 -61.004902
vt 57.759998 -60.995098
vt 57.760899 -61.000000
vt 57.759998 -61.004902
vt 57.723400 -60.955399
vt 57.748100 -60.987000
vt 57.750702 -60.984402
vt 57.726200 -60.953201
vt 58.249298 -60.984402
vt 58.276600 -60.955399
vt 58.273800 -60.953201
vt 58.251900 -60.987000
vt 57.781799 -61.012600
vt 57.783600 -61.009602
vt 58.216400 -61.009602
vt 58.218201 -61.012600
vt 57.825500 -61.031700
vt 57.826599 -61.028301
vt 58.173401 -61.028301
vt 58.174500 -61.031700
vt 57.754101 -60.980999
vt 57.730000 -60.950199
vt 58.245899 -60.980999
vt 58.270000 -60.950199
vt 57.880699 -61.044998
vt 57.881401 -61.041500
vt 58.118599 -61.041500
vt 58.119301 -61.044998
vt 57.786098 -61.005299
vt 58.213902 -61.005299
vt 57.935699 -61.054001
vt 57.936001 -61.050400
vt 58.063999 -61.050400
vt 58.064301 -61.054001
vt 57.828201 -61.023701
vt 58.171799 -61.023701
vt 57.882401 -61.036701
vt 58.117599 -61.036701
vt 57.936501 -61.045601
vt 58.063499 -61.045601
vt 57.997002 -61.047699
vt 57.999699 -61.051701
vt 58.002998 -61.047699
vt 58.000301 -61.051701
vt 58.007900 -61.042599
vt 58.004601 -61.041302
vt 57.991699 -61.041100
vt 57.995201 -61.040501
vt 58.000000 -61.039600
vt 58.008301 -61.038101
vt 58.008400 -60.950901
vt 58.004799 -61.038700
vt 57.994301 -61.043598
vt 57.995399 -61.037899
vt 58.005699 -61.043598
vt 57.937000 -61.040699
vt 58.063000 -61.040699
vt 57.883301 -61.031898
vt 58.116699 -61.031898
vt 57.829800 -61.019100
vt 58.170200 -61.019100
vt 57.788601 -61.001099
vt 58.211399 -61.001099
vt 57.992298 -61.040600
vt 57.937302 -61.037102
vt 58.007702 -61.040600
vt 58.062698 -61.037102
vt 57.883999 -61.028400
vt 58.116001 -61.028400
vt 57.757500 -60.977501
vt 58.242500 -60.977501
vt 57.830898 -61.015701
vt 58.169102 -61.015701
vt 57.733898 -60.947201
vt 58.266102 -60.947201
vt 57.790401 -60.998001
vt 58.209599 -60.998001
vt 57.759998 -60.974899
vt 58.240002 -60.974899
vt 57.736698 -60.945000
vt 58.263302 -60.945000
vt 58.004902 -61.041100
vt 58.000000 -61.041302
vt 57.995098 -61.041100
vt 58.004902 -61.036598
vt 58.000000 -61.036201
vt 57.995098 -61.036598
vt 58.008499 -61.040501
vt 57.991501 -61.040501
vt 58.008499 -61.037899
vt 57.991501 -61.037899
vt 57.748100 -61.004902
vt 57.781799 -61.004902
vt 57.781101 -61.000000
vt 57.747200 -61.000000
vt 57.748100 -60.995098
vt 57.781799 -60.995098
vt 58.218899 -61.000000
vt 58.252800 -61.000000
vt 58.251900 -60.995098
vt 58.218201 -60.995098
vt 58.251900 -61.004902
vt 58.218201 -61.004902
vt 57.825500 -61.004902
vt 57.825100 -61.000000
vt 57.825500 -60.995098
vt 58.174900 -61.000000
vt 58.174500 -60.995098
vt 58.174500 -61.004902
vt 57.880699 -61.004902
vt 57.880402 -61.000000
vt 57.880699 -60.995098
vt 58.119598 -61.000000
vt 58.119301 -60.995098
vt 58.119301 -61.004902
vt 57.935699 -61.004902
vt 57.935600 -61.000000
vt 57.935699 -60.995098
vt 58.064400 -61.000000
vt 58.064301 -60.995098
vt 58.064301 -61.004902
vt 58.001701 -61.004902
vt 58.002399 -61.000000
vt 58.001701 -60.995098
vt 57.998299 -60.995098
vt 57.997601 -61.000000
vt 57.998299 -61.004902
vt 57.999699 -61.008499
vt 57.936001 -61.008499
vt 57.999699 -60.991501
vt 57.936001 -60.991501
vt 58.000301 -60.991501
vt 58.063999 -60.991501
vt 58.000301 -61.008499
vt 58.063999 -61.008499
vt 57.992100 -61.042599
vt 57.995399 -61.041302
vt 58.008301 -61.041100
vt 58.004799 -61.040501
vt 57.995201 -61.038700
vt 58.004601 -61.037899
vt 38.000198 -47.085800
vt 37.981602 -47.085800
vt 37.981602 -47.087601
vt 38.000198 -47.087601
vt 37.981602 -47.089401
vt 38.000198 -47.089401
vt 38.000198 -47.084000
vt 37.981602 -47.084000
vt 37.981602 -47.091000
vt 38.000198 -47.091000
vt 38.000198 -47.082199
vt 37.981602 -47.082199
vt 37.981602 -47.092400
vt 38.000198 -47.092400
vt 38.000198 -47.080601
vt 37.981602 -47.080601
vt 38.000198 -47.206902
vt 37.981602 -47.206902
vt 37.981602 -47.208698
vt 38.000198 -47.208698
vt 37.981602 -47.210300
vt 38.000198 -47.210300
vt 38.000198 -47.205101
vt 37.981602 -47.205101
vt 38.000198 -46.949402
vt 37.981602 -46.949402
vt 37.981602 -46.951199
vt 38.000198 -46.951199
vt 37.981602 -47.211700
vt 38.000198 -47.211700
vt 37.981602 -46.952999
vt 38.000198 -46.952999
vt 38.000198 -46.947601
vt 37.981602 -46.947601
vt 38.000198 -47.203300
vt 37.981602 -47.203300
vt 37.981602 -46.954800
vt 38.000198 -46.954800
vt 38.000198 -47.079201
vt 37.981602 -47.079201
vt 38.000198 -46.945999
vt 37.981602 -46.945999
vt 37.981602 -46.956402
vt 38.000198 -46.956402
vt 38.000198 -47.201599
vt 37.981602 -47.201599
vt 38.000198 -46.944599
vt 37.981602 -46.944599
vt 37.981602 -46.957802
vt 38.000198 -46.957802
vt 38.000198 -47.199902
vt 37.981602 -47.199902
vt 38.000198 -47.198502
vt 37.981602 -47.198502
vt 38.027000 -46.792301
vt 37.973000 -46.792301
vt 37.973000 -46.800301
vt 38.027000 -46.800301
vt 38.029400 -46.792900
vt 38.029800 -46.800701
vt 37.970600 -46.792900
vt 37.970200 -46.800701
vt 37.973000 -46.808399
vt 38.027000 -46.808399
vt 38.029999 -46.808399
vt 37.970001 -46.808399
vt 37.971001 -46.829601
vt 37.973499 -46.829601
vt 38.021301 -46.829601
vt 38.023800 -46.829601
vt 37.992901 -46.882801
vt 37.192200 -46.981602
vt 37.193600 -47.000198
vt 37.193600 -46.981602
vt 37.192200 -47.000198
vt 38.807800 -47.000198
vt 38.806400 -46.981602
vt 38.806400 -47.000198
vt 38.807800 -46.981602
vt 37.385101 -47.000198
vt 37.385101 -46.981602
vt 37.383701 -46.981602
vt 37.383701 -47.000198
vt 38.614899 -46.981602
vt 38.614899 -47.000198
vt 38.616299 -47.000198
vt 38.616299 -46.981602
vt 37.386700 -47.000198
vt 37.386700 -46.981602
vt 38.613300 -46.981602
vt 38.613300 -47.000198
vt 37.195202 -47.000198
vt 37.195202 -46.981602
vt 38.804798 -46.981602
vt 38.804798 -47.000198
vt 38.124699 -46.973000
vt 38.124699 -47.027000
vt 38.134701 -46.973000
vt 38.134701 -47.027000
vt 37.869202 -46.973000
vt 37.869202 -47.027000
vt 37.879101 -46.973000
vt 37.879101 -47.027000
vt 38.133900 -47.029400
vt 38.124298 -47.029800
vt 37.869999 -47.029400
vt 37.879601 -47.029800
vt 37.392101 -47.000198
vt 37.392101 -46.981602
vt 37.390598 -46.981602
vt 37.390598 -47.000198
vt 38.124298 -46.970200
vt 38.133900 -46.970600
vt 38.607899 -46.981602
vt 38.607899 -47.000198
vt 38.609402 -47.000198
vt 38.609402 -46.981602
vt 37.869999 -46.970600
vt 37.879601 -46.970200
vt 37.388500 -47.000198
vt 37.388500 -46.981602
vt 38.611500 -46.981602
vt 38.611500 -47.000198
vt 38.114799 -46.973000
vt 38.114799 -47.027000
vt 37.889099 -46.973000
vt 37.889099 -47.027000
vt 38.114799 -47.029999
vt 37.889099 -47.029999
vt 38.114799 -46.970001
vt 37.889099 -46.970001
vt 38.803001 -46.981602
vt 38.803001 -47.000198
vt 37.196999 -47.000198
vt 37.196999 -46.981602
vt 38.609699 -46.981602
vt 38.609699 -47.000198
vt 37.390301 -47.000198
vt 37.390301 -46.981602
vt 37.393700 -47.000198
vt 37.393700 -46.981602
vt 38.606300 -46.981602
vt 38.606300 -47.000198
vt 38.801201 -46.981602
vt 38.801201 -47.000198
vt 37.198799 -47.000198
vt 37.198799 -46.981602
vt 38.604599 -46.981602
vt 38.604599 -47.000198
vt 37.395401 -47.000198
vt 37.395401 -46.981602
vt 38.606098 -46.981602
vt 38.606098 -47.000198
vt 37.393902 -47.000198
vt 37.393902 -46.981602
vt 38.602798 -46.981602
vt 38.602798 -47.000198
vt 37.397202 -47.000198
vt 37.397202 -46.981602
vt 38.799400 -46.981602
vt 38.799400 -47.000198
vt 37.200600 -47.000198
vt 37.200600 -46.981602
vt 38.604500 -46.981602
vt 38.604500 -47.000198
vt 37.395500 -47.000198
vt 37.395500 -46.981602
vt 38.600899 -46.981602
vt 38.600899 -47.000198
vt 37.399101 -47.000198
vt 37.399101 -46.981602
vt 38.797600 -46.981602
vt 38.797600 -47.000198
vt 37.202400 -47.000198
vt 37.202400 -46.981602
vt 38.603100 -46.981602
vt 38.603100 -47.000198
vt 37.396900 -47.000198
vt 37.396900 -46.981602
vt 38.599201 -46.981602
vt 38.599201 -47.000198
vt 37.400799 -47.000198
vt 37.400799 -46.981602
vt 38.796001 -46.981602
vt 38.796001 -47.000198
vt 37.203999 -47.000198
vt 37.203999 -46.981602
vt 38.597599 -46.981602
vt 38.597599 -47.000198
vt 37.402401 -47.000198
vt 37.402401 -46.981602
vt 38.596199 -46.981602
vt 38.596199 -47.000198
vt 37.403801 -47.000198
vt 37.403801 -46.981602
vt 38.794601 -46.981602
vt 38.794601 -47.000198
vt 37.205399 -47.000198
vt 37.205399 -46.981602
vt 37.877102 -46.792900
vt 37.875702 -46.788300
vt 37.868999 -46.795200
vt 37.866100 -46.792900
vt 38.127201 -46.795200
vt 38.120399 -46.788300
vt 38.118999 -46.792900
vt 38.130001 -46.792900
vt 37.860500 -46.800701
vt 37.866100 -46.801800
vt 38.135601 -46.800701
vt 38.130001 -46.801800
vt 37.885201 -46.792301
vt 37.885201 -46.786999
vt 38.110901 -46.786999
vt 38.110901 -46.792301
vt 37.858898 -46.808399
vt 37.865299 -46.808399
vt 38.137299 -46.808399
vt 38.130798 -46.808399
vt 37.875702 -46.800701
vt 38.120399 -46.800701
vt 37.885201 -46.800301
vt 38.110901 -46.800301
vt 37.875301 -46.808399
vt 38.120899 -46.808399
vt 37.885201 -46.808399
vt 38.110901 -46.808399
vt 37.874802 -46.829601
vt 37.868801 -46.829601
vt 38.121399 -46.829601
vt 38.127300 -46.829601
vt 37.883999 -46.829601
vt 38.112099 -46.829601
vt 37.893299 -46.829601
vt 38.102798 -46.829601
vt 37.403801 -47.198502
vt 37.392101 -47.197399
vt 37.390598 -47.198502
vt 37.389500 -47.199902
vt 37.402401 -47.197399
vt 37.404999 -47.199902
vt 37.400799 -47.196499
vt 37.405800 -47.201599
vt 37.393700 -47.196499
vt 37.388599 -47.201599
vt 37.395401 -47.195999
vt 37.399101 -47.195999
vt 37.397202 -47.195801
vt 37.406399 -47.203300
vt 37.388100 -47.203300
vt 37.387901 -47.205101
vt 37.406601 -47.205101
vt 37.406399 -47.206902
vt 37.388100 -47.206902
vt 37.405800 -47.208698
vt 37.388599 -47.208698
vt 37.389500 -47.210300
vt 37.404999 -47.210300
vt 37.403801 -47.211700
vt 37.390598 -47.211700
vt 37.392101 -47.212898
vt 37.402401 -47.212898
vt 37.400799 -47.213699
vt 37.393700 -47.213699
vt 37.399101 -47.214298
vt 37.395401 -47.214298
vt 37.397202 -47.214500
vt 37.396900 -46.944599
vt 37.385101 -46.943401
vt 37.383701 -46.944599
vt 37.382500 -46.945999
vt 37.395500 -46.943401
vt 37.397999 -46.945999
vt 37.393902 -46.942600
vt 37.398899 -46.947601
vt 37.386700 -46.942600
vt 37.381699 -46.947601
vt 37.388500 -46.942001
vt 37.392101 -46.942001
vt 37.390301 -46.941898
vt 37.399399 -46.949402
vt 37.381100 -46.949402
vt 37.381001 -46.951199
vt 37.399601 -46.951199
vt 37.399399 -46.952999
vt 37.381100 -46.952999
vt 37.398899 -46.954800
vt 37.381699 -46.954800
vt 37.382500 -46.956402
vt 37.397999 -46.956402
vt 37.396900 -46.957802
vt 37.383701 -46.957802
vt 37.385101 -46.958900
vt 37.395500 -46.958900
vt 37.393902 -46.959801
vt 37.386700 -46.959801
vt 37.392101 -46.960300
vt 37.388500 -46.960300
vt 37.390301 -46.960499
vt 37.205399 -47.079201
vt 37.193600 -47.077999
vt 37.192200 -47.079201
vt 37.191101 -47.080601
vt 37.203999 -47.077999
vt 37.206600 -47.080601
vt 37.202400 -47.077202
vt 37.207401 -47.082199
vt 37.195202 -47.077202
vt 37.190201 -47.082199
vt 37.196999 -47.076599
vt 37.200600 -47.076599
vt 37.198799 -47.076500
vt 37.208000 -47.084000
vt 37.189701 -47.084000
vt 37.189499 -47.085800
vt 37.208099 -47.085800
vt 37.208000 -47.087601
vt 37.189701 -47.087601
vt 37.207401 -47.089401
vt 37.190201 -47.089401
vt 37.191101 -47.091000
vt 37.206600 -47.091000
vt 37.205399 -47.092400
vt 37.192200 -47.092400
vt 37.193600 -47.093498
vt 37.203999 -47.093498
vt 37.202400 -47.094398
vt 37.195202 -47.094398
vt 37.200600 -47.094898
vt 37.196999 -47.094898
vt 37.198799 -47.095100
vt 38.614899 -46.943401
vt 38.604500 -46.943401
vt 38.603100 -46.944599
vt 38.606098 -46.942600
vt 38.616299 -46.944599
vt 38.613300 -46.942600
vt 38.617500 -46.945999
vt 38.611500 -46.942001
vt 38.607899 -46.942001
vt 38.609699 -46.941898
vt 38.602001 -46.945999
vt 38.601101 -46.947601
vt 38.618301 -46.947601
vt 38.618900 -46.949402
vt 38.600601 -46.949402
vt 38.618999 -46.951199
vt 38.600399 -46.951199
vt 38.600601 -46.952999
vt 38.618900 -46.952999
vt 38.618301 -46.954800
vt 38.601101 -46.954800
vt 38.617500 -46.956402
vt 38.602001 -46.956402
vt 38.603100 -46.957802
vt 38.616299 -46.957802
vt 38.614899 -46.958900
vt 38.604500 -46.958900
vt 38.606098 -46.959801
vt 38.613300 -46.959801
vt 38.611500 -46.960300
vt 38.607899 -46.960300
vt 38.609699 -46.960499
vt 38.607899 -47.197399
vt 38.597599 -47.197399
vt 38.596199 -47.198502
vt 38.599201 -47.196499
vt 38.609402 -47.198502
vt 38.606300 -47.196499
vt 38.610500 -47.199902
vt 38.604599 -47.195999
vt 38.600899 -47.195999
vt 38.602798 -47.195801
vt 38.595001 -47.199902
vt 38.594200 -47.201599
vt 38.611401 -47.201599
vt 38.611900 -47.203300
vt 38.593601 -47.203300
vt 38.612099 -47.205101
vt 38.593399 -47.205101
vt 38.593601 -47.206902
vt 38.611900 -47.206902
vt 38.611401 -47.208698
vt 38.594200 -47.208698
vt 38.610500 -47.210300
vt 38.595001 -47.210300
vt 38.596199 -47.211700
vt 38.609402 -47.211700
vt 38.607899 -47.212898
vt 38.597599 -47.212898
vt 38.599201 -47.213699
vt 38.606300 -47.213699
vt 38.604599 -47.214298
vt 38.600899 -47.214298
vt 38.602798 -47.214500
vt 38.806400 -47.077999
vt 38.796001 -47.077999
vt 38.794601 -47.079201
vt 38.797600 -47.077202
vt 38.807800 -47.079201
vt 38.804798 -47.077202
vt 38.808899 -47.080601
vt 38.803001 -47.076599
vt 38.799400 -47.076599
vt 38.801201 -47.076500
vt 38.793400 -47.080601
vt 38.792599 -47.082199
vt 38.809799 -47.082199
vt 38.810299 -47.084000
vt 38.792000 -47.084000
vt 38.810501 -47.085800
vt 38.791901 -47.085800
vt 38.792000 -47.087601
vt 38.810299 -47.087601
vt 38.809799 -47.089401
vt 38.792599 -47.089401
vt 38.808899 -47.091000
vt 38.793400 -47.091000
vt 38.794601 -47.092400
vt 38.807800 -47.092400
vt 38.806400 -47.093498
vt 38.796001 -47.093498
vt 38.797600 -47.094398
vt 38.804798 -47.094398
vt 38.803001 -47.094898
vt 38.799400 -47.094898
vt 38.801201 -47.095100
vt 37.998100 -46.882801
vt 37.905701 -46.840900
vt 38.090500 -46.840900
vt 38.098598 -46.840900
vt 37.897499 -46.840900
vt 37.889301 -46.840900
vt 38.106800 -46.840900
vt 38.079300 -46.849602
vt 37.916801 -46.849602
vt 37.909599 -46.849602
vt 38.086498 -46.849602
vt 37.883999 -46.840900
vt 38.112099 -46.840900
vt 38.093700 -46.849602
vt 37.902401 -46.849602
vt 38.052299 -46.867901
vt 37.943901 -46.867901
vt 38.056999 -46.867901
vt 37.939098 -46.867901
vt 37.897800 -46.849602
vt 38.098400 -46.849602
vt 38.061798 -46.867901
vt 37.934299 -46.867901
vt 37.931198 -46.867901
vt 37.971001 -46.878601
vt 38.025200 -46.878601
vt 38.064899 -46.867901
vt 38.027599 -46.878601
vt 37.968601 -46.878601
vt 38.018398 -47.085800
vt 37.999802 -47.085800
vt 37.999802 -47.087601
vt 38.018398 -47.087601
vt 37.999802 -47.089401
vt 38.018398 -47.089401
vt 38.018398 -47.084000
vt 37.999802 -47.084000
vt 37.999802 -47.091000
vt 38.018398 -47.091000
vt 38.018398 -47.082199
vt 37.999802 -47.082199
vt 37.999802 -47.092400
vt 38.018398 -47.092400
vt 38.018398 -47.080601
vt 37.999802 -47.080601
vt 38.018398 -47.206902
vt 37.999802 -47.206902
vt 37.999802 -47.208698
vt 38.018398 -47.208698
vt 37.999802 -47.210300
vt 38.018398 -47.210300
vt 38.018398 -47.205101
vt 37.999802 -47.205101
vt 38.018398 -46.949402
vt 37.999802 -46.949402
vt 37.999802 -46.951199
vt 38.018398 -46.951199
vt 37.999802 -47.211700
vt 38.018398 -47.211700
vt 37.999802 -46.952999
vt 38.018398 -46.952999
vt 38.018398 -46.947601
vt 37.999802 -46.947601
vt 38.018398 -47.203300
vt 37.999802 -47.203300
vt 37.999802 -46.954800
vt 38.018398 -46.954800
vt 38.018398 -47.079201
vt 37.999802 -47.079201
vt 38.018398 -46.945999
vt 37.999802 -46.945999
vt 37.999802 -46.956402
vt 38.018398 -46.956402
vt 38.018398 -47.201599
vt 37.999802 -47.201599
vt 38.018398 -46.944599
vt 37.999802 -46.944599
vt 37.999802 -46.957802
vt 38.018398 -46.957802
vt 38.018398 -47.199902
vt 37.999802 -47.199902
vt 38.018398 -47.198502
vt 37.999802 -47.198502
vt 37.978699 -46.829601
vt 38.026501 -46.829601
vt 38.028999 -46.829601
vt 37.976200 -46.829601
vt 38.007099 -46.882801
vt 37.867100 -46.973499
vt 37.883999 -46.972698
vt 37.868801 -46.971001
vt 37.882500 -46.974701
vt 38.112099 -46.972698
vt 38.129002 -46.973499
vt 38.127300 -46.971001
vt 38.113602 -46.974701
vt 37.867100 -47.021301
vt 37.882500 -47.015598
vt 38.113602 -47.015598
vt 38.129002 -47.021301
vt 37.998100 -46.992901
vt 37.897800 -46.974400
vt 37.896500 -46.975899
vt 37.883999 -47.017601
vt 37.868801 -47.023800
vt 38.098400 -46.974400
vt 38.099701 -46.975899
vt 37.889301 -47.019600
vt 37.874802 -47.026299
vt 38.112099 -47.017601
vt 38.127300 -47.023800
vt 38.106800 -47.019600
vt 38.121399 -47.026299
vt 37.896500 -47.009899
vt 38.099701 -47.009899
vt 37.931198 -46.980598
vt 37.930302 -46.981602
vt 37.930302 -47.004299
vt 37.931198 -47.005299
vt 37.897800 -47.011398
vt 37.966202 -46.999599
vt 37.939098 -47.006901
vt 37.968601 -46.999901
vt 37.934299 -47.006302
vt 38.027599 -46.999901
vt 38.056999 -47.006901
vt 38.029900 -46.999599
vt 38.061798 -47.006302
vt 38.029900 -46.986198
vt 38.056999 -46.978901
vt 38.027599 -46.985901
vt 38.061798 -46.979599
vt 37.939098 -46.978901
vt 37.966202 -46.986198
vt 37.968601 -46.985901
vt 37.934299 -46.979599
vt 38.064899 -47.005299
vt 38.065800 -47.004299
vt 38.098400 -47.011398
vt 38.064899 -46.980598
vt 38.065800 -46.981602
vt 37.897499 -47.020901
vt 37.902401 -47.012901
vt 38.093700 -47.012901
vt 38.098598 -47.020901
vt 37.964600 -46.986698
vt 37.964600 -46.999100
vt 38.031502 -46.999100
vt 38.031502 -46.986698
vt 37.971001 -47.000000
vt 38.025200 -47.000000
vt 38.025200 -46.985802
vt 37.971001 -46.985802
vt 37.964199 -46.987202
vt 37.964199 -46.998600
vt 38.031898 -46.998600
vt 38.031898 -46.987202
vt 38.124298 -46.788300
vt 38.131001 -46.795200
vt 38.133900 -46.792900
vt 38.122898 -46.792900
vt 37.869999 -46.792900
vt 37.872799 -46.795200
vt 37.879601 -46.788300
vt 37.881001 -46.792900
vt 38.139500 -46.800701
vt 38.133900 -46.801800
vt 37.864399 -46.800701
vt 37.869999 -46.801800
vt 38.114799 -46.786999
vt 38.114799 -46.792301
vt 37.889099 -46.786999
vt 37.889099 -46.792301
vt 38.141102 -46.808399
vt 38.134701 -46.808399
vt 37.862701 -46.808399
vt 37.869202 -46.808399
vt 38.124298 -46.800701
vt 37.879601 -46.800701
vt 37.889099 -46.800301
vt 38.114799 -46.800301
vt 37.879101 -46.808399
vt 38.124699 -46.808399
vt 37.889099 -46.808399
vt 38.114799 -46.808399
vt 38.131199 -46.829601
vt 38.125198 -46.829601
vt 37.878601 -46.829601
vt 37.872700 -46.829601
vt 38.001900 -46.882801
vt 38.116001 -46.829601
vt 37.887901 -46.829601
vt 37.897202 -46.829601
vt 38.106701 -46.829601
vt 38.083199 -46.849602
vt 37.920700 -46.849602
vt 37.947701 -46.867901
vt 38.056099 -46.867901
vt 38.060902 -46.867901
vt 38.090401 -46.849602
vt 37.943001 -46.867901
vt 37.913502 -46.849602
vt 38.065701 -46.867901
vt 38.097599 -46.849602
vt 37.938202 -46.867901
vt 37.906300 -46.849602
vt 37.974800 -46.878601
vt 38.028999 -46.878601
vt 37.909500 -46.840900
vt 38.094299 -46.840900
vt 38.068802 -46.867901
vt 38.102200 -46.849602
vt 38.102501 -46.840900
vt 37.901402 -46.840900
vt 37.935101 -46.867901
vt 37.901600 -46.849602
vt 38.110699 -46.840900
vt 37.893200 -46.840900
vt 38.031399 -46.878601
vt 37.972401 -46.878601
vt 16.894100 -10.105900
vt 16.837700 -10.086400
vt 16.847500 -10.152500
vt 16.913601 -10.162300
vt 16.850401 -10.218600
vt 16.919500 -10.218600
vt 16.850401 -11.781400
vt 16.919500 -11.781400
vt 16.913601 -11.837700
vt 16.847500 -11.847500
vt 16.894100 -11.894100
vt 16.781401 -11.781400
vt 16.837700 -11.913600
vt 16.781401 -11.850400
vt 16.781401 -11.919500
vt 15.218600 -11.919500
vt 15.218600 -11.850400
vt 15.162300 -11.913600
vt 15.218600 -11.781400
vt 15.152500 -11.847500
vt 16.781401 -10.218600
vt 15.218600 -10.218600
vt 16.781401 -10.149600
vt 16.781401 -10.080500
vt 15.218600 -10.149600
vt 15.218600 -10.080500
vt 15.162300 -10.086400
vt 15.152500 -10.152500
vt 15.105900 -10.105900
vt 15.086400 -10.162300
vt 15.149600 -10.218600
vt 15.080500 -10.218600
vt 15.080500 -11.781400
vt 15.149600 -11.781400
vt 15.086400 -11.837700
vt 15.105900 -11.894100
s 1
usemtl Cylinder0031Mtl
f 1/1/1 2/2/1 3/3/1
f 2/2/1 1/1/1 4/4/1
f 5/5/2 6/4/2 7/1/2
f 6/4/2 5/5/2 8/6/2
f 9/7/3 10/6/4 11/5/5
f 10/6/4 9/7/3 12/8/4
f 13/3/6 14/9/7 15/10/7
f 14/9/7 13/3/6 16/2/6
f 17/11/8 18/8/8 19/7/8
f 18/8/8 17/11/8 20/12/8
f 21/10/9 22/13/9 23/14/9
f 22/13/9 21/10/9 24/9/9
f 25/15/10 26/12/10 27/11/10
f 26/12/10 25/15/10 28/16/10
f 29/14/11 30/17/11 31/18/11
f 30/17/11 29/14/11 32/13/11
f 33/15/10 34/12/10 35/11/10
f 34/12/10 33/15/10 36/16/10
f 37/14/11 38/17/11 39/18/11
f 38/17/11 37/14/11 40/13/11
f 41/11/8 42/8/8 43/7/8
f 42/8/8 41/11/8 44/12/8
f 45/10/9 46/13/9 47/14/9
f 46/13/9 45/10/9 48/9/9
f 49/3/6 50/9/6 51/10/6
f 50/9/6 49/3/6 52/2/6
f 53/7/4 54/6/4 55/5/5
f 54/6/4 53/7/4 56/8/5
f 57/1/1 58/2/1 59/3/1
f 58/2/1 57/1/1 60/4/1
f 61/5/2 62/4/2 63/1/2
f 62/4/2 61/5/2 64/6/2
f 65/19/12 66/20/12 67/21/13
f 66/20/12 65/19/12 68/22/12
f 69/23/14 70/24/14 71/25/14
f 70/24/14 69/23/14 72/26/14
f 73/27/15 74/22/15 75/19/15
f 74/22/15 73/27/15 76/28/15
f 77/25/16 78/29/16 79/30/17
f 78/29/16 77/25/16 80/24/16
f 81/31/18 82/28/18 83/27/19
f 82/28/18 81/31/18 84/32/18
f 85/30/20 86/33/21 87/34/21
f 86/33/21 85/30/20 88/29/21
f 89/35/22 90/32/22 91/31/22
f 90/32/22 89/35/22 92/36/22
f 93/34/23 94/37/23 95/38/23
f 94/37/23 93/34/23 96/33/23
f 97/39/23 98/36/23 99/35/23
f 98/36/23 97/39/23 100/40/23
f 101/38/22 102/41/22 103/42/22
f 102/41/22 101/38/22 104/37/22
f 105/43/20 106/40/21 107/39/21
f 106/40/21 105/43/20 108/44/24
f 109/42/25 110/45/19 111/46/25
f 110/45/19 109/42/25 112/41/18
f 113/47/16 114/44/16 115/43/16
f 114/44/16 113/47/16 116/48/16
f 117/46/15 118/49/15 119/50/26
f 118/49/15 117/46/15 120/45/15
f 121/51/14 122/48/14 123/47/27
f 122/48/14 121/51/14 124/52/14
f 125/50/12 126/53/12 127/54/13
f 126/53/12 125/50/12 128/49/12
f 129/55/28 130/38/28 131/56/28
f 132/57/29 131/56/28 133/58/30
f 132/57/29 129/55/28 131/56/28
f 134/59/28 129/55/28 132/57/29
f 129/55/28 134/59/28 135/60/31
f 131/56/28 136/61/28 137/62/28
f 131/56/28 130/38/28 136/61/28
f 136/61/28 130/38/28 138/63/28
f 138/63/28 130/38/28 139/64/28
f 130/38/28 140/65/28 141/66/28
f 140/65/28 142/67/28 143/68/29
f 140/65/28 130/38/28 142/67/28
f 142/67/28 130/38/28 144/69/28
f 144/69/28 130/38/28 145/70/28
f 144/69/28 145/70/28 146/71/31
f 145/70/28 147/72/32 148/73/28
f 145/70/28 149/74/28 147/72/32
f 130/38/28 149/74/28 145/70/28
f 149/74/28 130/38/28 150/75/28
f 130/38/28 129/55/28 150/75/28
f 151/76/28 149/74/28 150/75/28
f 152/77/28 149/74/28 151/76/28
f 149/74/28 152/77/28 153/78/28
f 153/78/28 152/77/28 154/79/28
f 129/55/28 155/80/28 150/75/28
f 155/80/28 129/55/28 156/81/28
f 155/80/28 157/82/28 150/75/28
f 150/75/28 157/82/28 158/37/28
f 157/82/28 155/80/28 159/83/28
f 159/83/28 155/80/28 160/84/30
f 161/85/29 162/86/28 163/87/28
f 163/87/28 162/86/28 164/88/28
f 164/88/28 162/86/28 165/89/28
f 166/90/28 161/85/29 163/87/28
f 161/85/29 166/90/28 167/91/32
f 162/86/28 161/85/29 168/92/28
f 169/93/28 168/92/28 161/85/29
f 169/93/28 170/94/28 168/92/28
f 171/95/28 170/94/28 169/93/28
f 171/95/28 169/93/28 172/35/28
f 171/95/28 172/35/28 173/96/28
f 173/96/28 172/35/28 174/97/28
f 172/35/28 169/93/28 175/98/28
f 175/98/28 169/93/28 176/99/28
f 175/98/28 176/99/28 177/100/29
f 178/101/28 170/94/28 171/95/28
f 170/94/28 178/101/28 179/102/28
f 179/102/28 178/101/28 180/103/28
f 181/104/28 180/103/28 178/101/28
f 182/105/28 179/102/28 180/103/28
f 179/102/28 182/105/28 183/106/28
f 180/103/28 181/104/28 184/107/28
f 184/107/28 181/104/28 185/108/30
f 186/109/28 170/94/28 187/110/30
f 188/36/28 186/109/28 189/111/28
f 190/112/28 186/109/28 188/36/28
f 190/112/28 170/94/28 186/109/28
f 168/92/28 170/94/28 190/112/28
f 168/92/28 190/112/28 191/113/29
f 191/113/29 190/112/28 192/114/32
f 193/4/33 194/5/33 195/6/33
f 194/5/33 193/4/33 196/1/33
f 197/2/34 198/1/34 199/4/34
f 198/1/34 197/2/34 200/3/34
f 201/6/35 202/7/36 203/8/36
f 202/7/36 201/6/35 204/5/35
f 205/9/37 206/3/38 207/2/37
f 206/3/38 205/9/37 208/10/38
f 209/8/39 210/11/40 211/12/41
f 210/11/40 209/8/39 212/7/42
f 213/13/43 214/10/43 215/9/43
f 214/10/43 213/13/43 216/14/44
f 217/12/45 218/15/45 219/16/45
f 218/15/45 217/12/45 220/11/45
f 221/17/46 222/14/46 223/13/47
f 222/14/46 221/17/46 224/18/46
f 225/12/45 226/15/45 227/16/45
f 226/15/45 225/12/45 228/11/45
f 229/17/46 230/14/46 231/13/47
f 230/14/46 229/17/46 232/18/47
f 233/8/42 234/11/41 235/12/41
f 234/11/41 233/8/42 236/7/41
f 237/13/43 238/10/43 239/9/44
f 238/10/43 237/13/43 240/14/44
f 241/6/35 242/7/36 243/8/36
f 242/7/36 241/6/35 244/5/35
f 245/9/37 246/3/38 247/2/37
f 246/3/38 245/9/37 248/10/38
f 249/4/33 250/5/33 251/6/33
f 250/5/33 249/4/33 252/1/33
f 253/2/34 254/1/34 255/4/34
f 254/1/34 253/2/34 256/3/34
f 257/19/48 258/20/49 259/21/48
f 258/20/49 257/19/48 260/22/49
f 261/23/50 262/24/51 263/25/50
f 262/24/51 261/23/50 264/26/51
f 265/25/52 266/29/53 267/30/54
f 266/29/53 265/25/52 268/24/53
f 269/27/55 270/22/56 271/19/55
f 270/22/56 269/27/55 272/28/57
f 273/30/58 274/33/58 275/34/59
f 274/33/58 273/30/58 276/29/59
f 277/31/60 278/28/60 279/27/60
f 278/28/60 277/31/60 280/32/60
f 281/34/61 282/37/61 283/38/61
f 282/37/61 281/34/61 284/33/61
f 285/35/62 286/32/62 287/31/62
f 286/32/62 285/35/62 288/36/62
f 289/38/62 290/41/62 291/42/62
f 290/41/62 289/38/62 292/37/62
f 293/39/61 294/36/61 295/35/61
f 294/36/61 293/39/61 296/40/61
f 297/42/60 298/45/60 299/46/63
f 298/45/60 297/42/60 300/41/60
f 301/43/64 302/40/58 303/39/59
f 302/40/58 301/43/64 304/44/59
f 305/46/56 306/49/55 307/50/57
f 306/49/55 305/46/56 308/45/55
f 309/47/53 310/44/52 311/43/53
f 310/44/52 309/47/53 312/48/54
f 313/50/48 314/53/49 315/54/48
f 314/53/49 313/50/48 316/49/49
f 317/51/51 318/48/51 319/47/51
f 318/48/51 317/51/51 320/52/51
f 321/106/65 322/35/65 323/107/65
f 324/105/65 323/107/65 325/103/66
f 321/106/65 323/107/65 324/105/65
f 323/107/65 326/104/65 327/108/67
f 323/107/65 322/35/65 326/104/65
f 326/104/65 322/35/65 328/101/65
f 328/101/65 329/96/65 330/95/68
f 329/96/65 328/101/65 322/35/65
f 329/96/65 322/35/65 331/97/69
f 322/35/65 332/100/65 333/98/68
f 322/35/65 334/99/65 332/100/65
f 334/99/65 322/35/65 335/85/65
f 334/99/65 335/85/65 336/93/65
f 322/35/65 337/89/65 335/85/65
f 335/85/65 338/90/65 339/91/66
f 335/85/65 337/89/65 338/90/65
f 337/89/65 340/87/68 338/90/65
f 340/87/68 337/89/65 341/88/65
f 337/89/65 322/35/65 342/111/65
f 322/35/65 321/106/65 342/111/65
f 321/106/65 343/109/65 342/111/65
f 343/109/65 321/106/65 344/110/65
f 344/110/65 321/106/65 345/102/65
f 344/110/65 345/102/65 346/94/66
f 347/92/65 337/89/65 342/111/65
f 337/89/65 347/92/65 348/86/68
f 342/111/65 349/112/65 347/92/65
f 349/112/65 342/111/65 350/36/65
f 347/92/65 349/112/65 351/114/65
f 347/92/65 351/114/65 352/113/65
f 353/82/65 354/80/65 355/84/65
f 353/82/65 355/84/65 356/83/65
f 357/79/65 354/80/65 353/82/65
f 353/82/65 358/76/65 357/79/65
f 359/37/65 358/76/65 353/82/65
f 358/76/65 359/37/65 360/75/65
f 357/79/65 358/76/65 361/77/65
f 362/62/65 354/80/65 357/79/65
f 354/80/65 362/62/65 363/81/65
f 363/81/65 364/60/65 365/55/65
f 364/60/65 363/81/65 366/59/65
f 363/81/65 367/56/65 366/59/65
f 367/56/65 363/81/65 362/62/65
f 367/56/65 368/57/69 366/59/65
f 368/57/69 367/56/65 369/58/69
f 370/68/65 362/62/65 357/79/65
f 370/68/65 357/79/65 371/67/68
f 372/78/65 371/67/68 357/79/65
f 362/62/65 370/68/65 373/38/65
f 373/38/65 370/68/65 374/65/65
f 373/38/65 374/65/65 375/66/68
f 376/64/65 362/62/65 373/38/65
f 362/62/65 376/64/65 377/61/65
f 377/61/65 376/64/65 378/63/68
f 371/67/68 372/78/65 379/73/65
f 371/67/68 379/73/65 380/69/69
f 379/73/65 372/78/65 381/72/65
f 381/72/65 372/78/65 382/74/65
f 383/70/66 380/69/69 379/73/65
f 380/69/69 383/70/66 384/71/66
f 1665/943/494 1666/944/495 1667/945/495
f 1666/944/495 1665/943/494 1668/946/495
f 1669/943/496 1670/947/496 1671/948/497
f 1670/947/496 1669/943/496 1672/945/496
f 1673/949/498 1674/950/498 1675/951/498
f 1675/951/498 1676/952/499 1673/949/498
f 1677/951/500 1678/953/501 1679/952/501
f 1678/953/501 1677/951/500 1680/954/500
f 1681/950/502 1682/949/503 1683/955/502
f 1684/954/504 1685/956/504 1686/953/504
f 1687/957/505 1688/958/506 1689/959/505
f 1690/960/506 1689/959/505 1688/958/506
f 1691/958/507 1692/961/507 1693/960/508
f 1692/961/507 1691/958/507 1694/962/507
f 1696/963/509 1697/964/509 1695/959/509
f 1698/965/510 1699/961/511 1700/966/512
f 1699/961/511 1698/965/510 1701/967/510
f 1702/960/513 1703/968/513 1704/969/513
f 1704/969/513 1705/959/513 1702/960/513
f 1706/967/514 1707/960/514 1708/961/514
f 1707/960/514 1706/967/514 1709/968/514
f 1710/970/515 1711/957/516 1712/964/515
f 1713/959/516 1712/964/515 1711/957/516
f 1714/966/517 1715/962/518 1716/971/517
f 1715/962/518 1714/966/517 1717/961/518
f 1718/972/519 1719/973/519 1720/974/519
f 1719/973/519 1718/972/519 1721/975/519
f 1722/976/520 1723/973/521 1724/977/521
f 1723/973/521 1722/976/520 1725/974/522
f 1726/978/523 1727/979/523 1728/980/523
f 1730/981/524 1729/982/524 1731/983/524
f 1732/984/525 1733/985/525 1734/986/525
f 1735/987/526 1736/988/527 1737/989/526
f 1738/990/528 1739/980/528 1740/991/528
f 1738/990/528 1740/991/528 1741/992/528
f 1742/991/529 1743/993/529 1744/992/529
f 1743/993/529 1742/991/529 1745/982/529
f 1746/994/530 1747/995/530 1748/985/530
f 1747/995/530 1746/994/530 1749/996/530
f 1750/995/531 1751/996/531 1752/997/531
f 1750/995/531 1752/997/531 1753/987/531
f 1754/990/532 1755/998/533 1756/999/532
f 1755/998/533 1754/990/532 1757/992/534
f 1758/998/535 1759/992/535 1760/993/536
f 1758/998/535 1760/993/536 1761/1000/535
f 1762/994/537 1763/1001/538 1764/1002/538
f 1762/994/537 1764/1002/538 1765/996/537
f 1766/1002/539 1767/997/540 1768/996/539
f 1767/997/540 1766/1002/539 1769/1003/539
f 1770/999/541 1771/1004/541 1772/1005/541
f 1771/1004/541 1770/999/541 1773/998/541
f 1774/1004/542 1775/998/542 1776/1000/542
f 1774/1004/542 1776/1000/542 1777/1006/542
f 1778/1001/543 1779/1007/543 1780/1008/543
f 1778/1001/543 1780/1008/543 1781/1002/544
f 1782/1008/545 1783/1003/545 1784/1002/545
f 1783/1003/545 1782/1008/545 1785/1009/545
f 1786/1005/546 1787/1010/546 1788/1011/546
f 1787/1010/546 1786/1005/546 1789/1004/546
f 1790/1010/547 1791/1004/547 1792/1006/547
f 1790/1010/547 1792/1006/547 1793/1012/547
f 1794/1007/548 1795/1013/548 1796/1014/548
f 1794/1007/548 1796/1014/548 1797/1008/548
f 1798/1014/549 1799/1009/549 1800/1008/549
f 1799/1009/549 1798/1014/549 1801/1015/549
f 1802/1011/550 1803/1016/550 1804/1017/550
f 1803/1016/550 1802/1011/550 1805/1010/550
f 1806/1016/551 1807/1010/551 1808/1012/551
f 1806/1016/551 1808/1012/551 1809/1018/551
f 1810/1013/552 1811/1019/553 1812/1020/553
f 1810/1013/552 1812/1020/553 1813/1014/552
f 1814/1020/554 1815/1015/554 1816/1014/554
f 1815/1015/554 1814/1020/554 1817/1021/554
f 1818/1022/555 1819/1023/555 1820/1024/555
f 1818/1022/555 1820/1024/555 1821/1025/555
f 1822/1026/556 1823/1027/556 1824/1028/557
f 1823/1027/556 1822/1026/556 1825/1029/556
f 1826/1030/558 1827/1024/558 1828/1023/559
f 1827/1024/558 1826/1030/558 1829/1031/560
f 1830/1026/561 1831/1032/561 1832/1033/562
f 1832/1033/562 1833/1029/562 1830/1026/561
f 1834/1034/563 1835/1031/564 1836/1030/563
f 1835/1031/564 1834/1034/563 1837/1035/565
f 1838/1032/566 1839/1036/567 1840/1037/567
f 1840/1037/567 1841/1033/566 1838/1032/566
f 1842/1025/568 1843/1024/568 1844/1038/568
f 1842/1025/568 1844/1038/568 1845/1039/568
f 1846/1040/569 1847/1028/569 1848/1041/569
f 1847/1028/569 1846/1040/569 1849/1026/569
f 1850/1042/570 1851/1035/571 1852/1034/571
f 1851/1035/571 1850/1042/570 1853/1043/570
f 1854/1036/572 1855/1044/573 1856/1045/573
f 1856/1045/573 1857/1037/572 1854/1036/572
f 1858/1031/574 1859/1038/575 1860/1024/574
f 1859/1038/575 1858/1031/574 1861/1046/575
f 1862/1040/576 1863/1047/577 1864/1032/576
f 1864/1032/576 1865/1026/577 1862/1040/576
f 1866/1042/578 1867/1048/578 1868/1049/579
f 1868/1049/579 1869/1043/578 1866/1042/578
f 1870/1050/580 1871/1045/581 1872/1044/581
f 1871/1045/581 1870/1050/580 1873/1051/581
f 1874/1035/582 1875/1046/583 1876/1031/584
f 1875/1046/583 1874/1035/582 1877/1052/582
f 1878/1047/585 1879/1053/585 1880/1036/585
f 1880/1036/585 1881/1032/586 1878/1047/585
f 1882/1043/587 1883/1052/587 1884/1035/587
f 1883/1052/587 1882/1043/587 1885/1054/587
f 1886/1053/588 1887/1055/588 1888/1044/588
f 1888/1044/588 1889/1036/588 1886/1053/588
f 1890/1043/589 1891/1049/589 1892/1056/589
f 1892/1056/589 1893/1054/589 1890/1043/589
f 1894/1057/590 1895/1044/590 1896/1055/590
f 1895/1044/590 1894/1057/590 1897/1050/590
f 1898/1058/591 1899/1056/591 1900/1049/591
f 1898/1058/591 1900/1049/591 1901/1059/591
f 1902/1060/592 1903/1050/592 1904/1057/592
f 1903/1050/592 1902/1060/592 1905/1061/592
f 1907/1059/504 1906/1062/504 1908/1063/504
f 1909/1064/593 1910/1061/593 1911/1065/593
f 1912/1063/182 1913/1058/182 1914/1059/182
f 1913/1058/182 1912/1063/182 1915/1066/182
f 1916/1065/229 1917/1061/229 1918/1060/229
f 1916/1065/229 1918/1060/229 1919/1066/229
f 1920/1067/594 1921/1068/594 1922/967/594
f 1923/1069/595 1924/967/595 1925/968/595
f 1925/968/595 1926/1066/596 1923/1069/595
f 1927/1066/597 1928/968/598 1929/969/599
f 1929/969/599 1930/1065/597 1927/1066/597
f 1931/1065/600 1932/969/600 1933/963/600
f 1934/1066/601 1935/1070/601 1936/1058/601
f 1935/1070/601 1934/1066/601 1937/1071/601
f 1938/1066/602 1939/1060/603 1940/1072/604
f 1938/1066/602 1940/1072/604 1941/1069/603
f 1942/1070/605 1943/1073/605 1944/1056/605
f 1942/1070/605 1944/1056/605 1945/1058/605
f 1946/1072/606 1947/1057/606 1948/1074/606
f 1947/1057/606 1946/1072/606 1949/1060/606
f 1950/1054/607 1951/1056/607 1952/1073/607
f 1952/1073/607 1953/1075/607 1950/1054/607
f 1954/1074/608 1955/1055/608 1956/1076/608
f 1955/1055/608 1954/1074/608 1957/1057/608
f 1958/1054/609 1959/1077/609 1960/1052/609
f 1959/1077/609 1958/1054/609 1961/1075/609
f 1962/1078/610 1963/1076/610 1964/1055/610
f 1964/1055/610 1965/1053/610 1962/1078/610
f 1966/1052/611 1967/1079/611 1968/1046/612
f 1967/1079/611 1966/1052/611 1969/1077/612
f 1970/1080/613 1971/1078/614 1972/1053/615
f 1972/1053/615 1973/1047/613 1970/1080/613
f 1974/1073/616 1975/1081/616 1976/1082/616
f 1978/1083/617 1977/1074/617 1979/1084/617
f 1980/1075/618 1981/1073/618 1982/1082/618
f 1982/1082/618 1983/1085/618 1980/1075/618
f 1984/1084/619 1985/1076/619 1986/1086/619
f 1985/1076/619 1984/1084/619 1987/1074/619
f 1988/1046/620 1989/1087/620 1990/1038/621
f 1989/1087/620 1988/1046/620 1991/1079/621
f 1992/1088/622 1993/1080/622 1994/1047/622
f 1994/1047/622 1995/1040/622 1992/1088/622
f 1996/1075/623 1997/1089/624 1998/1077/623
f 1997/1089/624 1996/1075/623 1999/1085/624
f 2000/1090/625 2001/1086/626 2002/1076/627
f 2002/1076/627 2003/1078/626 2000/1090/625
f 2004/1039/628 2005/1038/628 2006/1087/629
f 2004/1039/628 2006/1087/629 2007/1091/630
f 2008/1088/631 2009/1041/631 2010/1092/631
f 2009/1041/631 2008/1088/631 2011/1040/631
f 2012/1077/632 2013/1093/632 2014/1079/633
f 2013/1093/632 2012/1077/632 2015/1089/634
f 2016/1094/635 2017/1090/635 2018/1078/635
f 2018/1078/635 2019/1080/636 2016/1094/635
f 2020/1079/637 2021/1095/637 2022/1087/637
f 2021/1095/637 2020/1079/637 2023/1093/637
f 2024/1096/638 2025/1094/638 2026/1080/639
f 2026/1080/639 2027/1088/638 2024/1096/638
f 2028/1091/640 2029/1087/640 2030/1095/641
f 2028/1091/640 2030/1095/641 2031/1097/640
f 2032/1096/642 2033/1092/642 2034/1098/642
f 2033/1092/642 2032/1096/642 2035/1088/643
f 2036/943/644 2037/944/644 2038/945/644
f 2037/944/644 2036/943/644 2039/946/644
f 2040/943/645 2041/947/646 2042/948/646
f 2041/947/646 2040/943/645 2043/945/646
f 2044/949/647 2045/1099/647 2046/1100/647
f 2046/1100/647 2047/952/647 2044/949/647
f 2048/1100/648 2049/953/648 2050/952/649
f 2049/953/648 2048/1100/648 2051/1101/648
f 2052/1099/593 2053/949/650 2054/955/593
f 2055/1101/651 2056/956/651 2057/953/651
f 2058/1102/652 2059/958/653 2060/962/653
f 2059/958/653 2058/1102/652 2061/1103/653
f 2062/957/654 2063/958/655 2064/1104/655
f 2065/1103/655 2064/1104/655 2063/958/655
f 2067/967/656 2068/1099/656 2066/1105/656
f 2069/969/657 2070/1106/658 2071/1101/657
f 2070/1106/658 2069/969/657 2072/963/657
f 2073/1099/659 2074/967/659 2075/968/659
f 2075/968/659 2076/1100/659 2073/1099/659
f 2077/968/660 2078/1101/660 2079/1100/660
f 2078/1101/660 2077/968/660 2080/969/660
f 2081/1107/661 2082/962/661 2083/971/661
f 2082/962/661 2081/1107/661 2084/1102/661
f 2085/1104/662 2086/1108/662 2087/957/662
f 2086/1108/662 2088/970/662 2087/957/662
f 2089/976/663 2090/973/663 2091/977/663
f 2090/973/663 2089/976/663 2092/974/663
f 2093/972/664 2094/973/664 2095/974/664
f 2094/973/664 2093/972/664 2096/975/664
f 2097/1109/665 2098/1110/666 2099/1111/665
f 2097/1109/665 2099/1111/665 2100/1112/665
f 2101/1111/667 2102/1113/667 2103/1112/667
f 2102/1113/667 2101/1111/667 2104/1114/667
f 2105/1115/668 2106/1116/668 2107/1117/668
f 2105/1115/668 2107/1117/668 2108/1118/668
f 2109/1119/669 2110/1115/669 2111/1120/669
f 2110/1115/669 2109/1119/669 2112/1116/669
f 2113/1110/670 2114/1121/670 2115/1122/670
f 2113/1110/670 2115/1122/670 2116/1111/670
f 2117/1122/671 2118/1114/671 2119/1111/671
f 2118/1114/671 2117/1122/671 2120/1123/671
f 2121/1124/672 2122/1115/672 2123/1118/672
f 2121/1124/672 2123/1118/672 2124/1125/672
f 2125/1120/673 2126/1124/673 2127/1126/673
f 2126/1124/673 2125/1120/673 2128/1115/673
f 2129/1121/674 2130/1127/675 2131/1128/675
f 2129/1121/674 2131/1128/675 2132/1122/675
f 2133/1128/676 2134/1123/676 2135/1122/677
f 2134/1123/676 2133/1128/676 2136/1129/677
f 2137/1130/678 2138/1124/678 2139/1125/678
f 2137/1130/678 2139/1125/678 2140/1131/678
f 2141/1126/679 2142/1130/679 2143/1132/679
f 2142/1130/679 2141/1126/679 2144/1124/679
f 2145/1127/680 2146/1133/680 2147/1134/681
f 2145/1127/680 2147/1134/681 2148/1128/681
f 2149/1134/682 2150/1129/682 2151/1128/682
f 2150/1129/682 2149/1134/682 2152/1135/682
f 2153/1136/683 2154/1130/684 2155/1131/684
f 2153/1136/683 2155/1131/684 2156/1137/684
f 2157/1132/685 2158/1136/685 2159/1138/685
f 2158/1136/685 2157/1132/685 2160/1130/686
f 2161/1139/687 2162/1134/688 2163/1133/688
f 2162/1134/688 2161/1139/687 2164/1140/687
f 2165/1134/689 2166/1140/689 2167/1141/690
f 2165/1134/689 2167/1141/690 2168/1135/689
f 2169/1136/691 2170/1142/691 2171/1143/691
f 2170/1142/691 2169/1136/691 2172/1137/691
f 2173/1144/692 2174/1138/693 2175/1136/693
f 2173/1144/692 2175/1136/693 2176/1143/692
f 2177/1145/694 2178/1133/694 2179/1146/694
f 2178/1133/694 2177/1145/694 2180/1139/694
f 2181/1135/695 2182/1141/695 2183/1147/695
f 2181/1135/695 2183/1147/695 2184/1148/695
f 2185/1137/696 2186/1149/696 2187/1142/696
f 2186/1149/696 2185/1137/696 2188/1150/696
f 2189/1151/697 2190/1152/697 2191/1138/697
f 2189/1151/697 2191/1138/697 2192/1144/697
f 2193/1026/698 2194/1027/698 2195/1028/698
f 2194/1027/698 2193/1026/698 2196/1029/698
f 2197/1022/699 2198/1023/700 2199/1024/700
f 2197/1022/699 2199/1024/700 2200/1025/700
f 2201/1026/701 2202/1032/702 2203/1033/702
f 2203/1033/702 2204/1029/702 2201/1026/701
f 2205/1030/703 2206/1024/704 2207/1023/703
f 2206/1024/704 2205/1030/703 2208/1031/703
f 2209/1032/705 2210/1036/705 2211/1037/706
f 2211/1037/706 2212/1033/705 2209/1032/705
f 2213/1034/707 2214/1031/707 2215/1030/707
f 2214/1031/707 2213/1034/707 2216/1035/707
f 2217/1040/708 2218/1028/708 2219/1041/708
f 2218/1028/708 2217/1040/708 2220/1026/708
f 2221/1025/709 2222/1024/709 2223/1038/710
f 2221/1025/709 2223/1038/710 2224/1039/711
f 2225/1036/712 2226/1044/713 2227/1045/712
f 2227/1045/712 2228/1037/713 2225/1036/712
f 2229/1042/714 2230/1035/715 2231/1034/716
f 2230/1035/715 2229/1042/714 2232/1043/714
f 2233/1040/717 2234/1047/718 2235/1032/718
f 2235/1032/718 2236/1026/717 2233/1040/717
f 2237/1031/719 2238/1038/719 2239/1024/719
f 2238/1038/719 2237/1031/719 2240/1046/719
f 2241/1050/720 2242/1045/721 2243/1044/721
f 2242/1045/721 2241/1050/720 2244/1051/721
f 2245/1042/722 2246/1048/722 2247/1049/722
f 2247/1049/722 2248/1043/723 2245/1042/722
f 2249/1047/724 2250/1053/725 2251/1036/725
f 2251/1036/725 2252/1032/725 2249/1047/724
f 2253/1035/726 2254/1046/727 2255/1031/726
f 2254/1046/727 2253/1035/726 2256/1052/726
f 2257/1053/728 2258/1055/728 2259/1044/728
f 2259/1044/728 2260/1036/728 2257/1053/728
f 2261/1043/729 2262/1052/729 2263/1035/729
f 2262/1052/729 2261/1043/729 2264/1054/729
f 2265/1057/730 2266/1044/730 2267/1055/730
f 2266/1044/730 2265/1057/730 2268/1050/730
f 2269/1043/731 2270/1049/731 2271/1056/731
f 2271/1056/731 2272/1054/731 2269/1043/731
f 2273/1060/732 2274/1050/732 2275/1057/732
f 2274/1050/732 2273/1060/732 2276/1061/732
f 2277/1058/733 2278/1056/733 2279/1049/733
f 2277/1058/733 2279/1049/733 2280/1059/733
f 2281/1153/502 2282/1061/502 2283/1154/502
f 2285/1059/651 2284/1155/651 2286/1156/651
f 2287/1154/734 2288/1061/734 2289/1060/734
f 2287/1154/734 2289/1060/734 2290/1066/734
f 2291/1156/735 2292/1058/735 2293/1059/735
f 2292/1058/735 2291/1156/735 2294/1066/735
f 2295/967/736 2296/1066/737 2297/1156/737
f 2296/1066/737 2295/967/736 2298/968/738
f 2299/968/739 2300/1157/739 2301/1066/740
f 2300/1157/739 2299/968/739 2302/969/740
f 2303/1066/741 2304/1060/741 2305/1072/741
f 2303/1066/741 2305/1072/741 2306/1158/741
f 2307/1066/742 2308/1070/742 2309/1058/742
f 2308/1070/742 2307/1066/742 2310/1157/742
f 2311/1072/743 2312/1057/743 2313/1074/743
f 2312/1057/743 2311/1072/743 2314/1060/743
f 2315/1070/744 2316/1073/744 2317/1056/744
f 2315/1070/744 2317/1056/744 2318/1058/744
f 2319/1074/745 2320/1055/745 2321/1076/745
f 2320/1055/745 2319/1074/745 2322/1057/745
f 2323/1054/746 2324/1056/746 2325/1073/746
f 2325/1073/746 2326/1075/746 2323/1054/746
f 2327/1078/747 2328/1076/747 2329/1055/747
f 2329/1055/747 2330/1053/747 2327/1078/747
f 2331/1054/748 2332/1077/748 2333/1052/748
f 2332/1077/748 2331/1054/748 2334/1075/748
f 2335/1080/749 2336/1078/750 2337/1053/750
f 2337/1053/750 2338/1047/751 2335/1080/749
f 2339/1052/752 2340/1079/753 2341/1046/752
f 2340/1079/753 2339/1052/752 2342/1077/752
f 2343/1083/754 2344/1074/754 2345/1084/754
f 2346/1081/526 2347/1082/526 2348/1073/526
f 2349/1084/755 2350/1076/755 2351/1086/756
f 2350/1076/755 2349/1084/755 2352/1074/755
f 2353/1075/757 2354/1073/758 2355/1082/757
f 2355/1082/757 2356/1085/757 2353/1075/757
f 2357/1088/759 2358/1080/760 2359/1047/759
f 2359/1047/759 2360/1040/759 2357/1088/759
f 2361/1046/761 2362/1087/761 2363/1038/761
f 2362/1087/761 2361/1046/761 2364/1079/761
f 2365/1090/762 2366/1086/763 2367/1076/763
f 2367/1076/763 2368/1078/762 2365/1090/762
f 2369/1075/764 2370/1089/764 2371/1077/765
f 2370/1089/764 2369/1075/764 2372/1085/766
f 2373/1088/767 2374/1041/768 2375/1092/767
f 2374/1041/768 2373/1088/767 2376/1040/767
f 2377/1039/769 2378/1038/769 2379/1087/769
f 2377/1039/769 2379/1087/769 2380/1091/770
f 2381/1094/771 2382/1090/771 2383/1078/771
f 2383/1078/771 2384/1080/771 2381/1094/771
f 2385/1077/772 2386/1093/772 2387/1079/772
f 2386/1093/772 2385/1077/772 2388/1089/772
f 2389/1096/773 2390/1094/774 2391/1080/775
f 2391/1080/775 2392/1088/773 2389/1096/773
f 2393/1079/776 2394/1095/776 2395/1087/776
f 2394/1095/776 2393/1079/776 2396/1093/776
f 2397/1096/777 2398/1092/777 2399/1098/778
f 2398/1092/777 2397/1096/777 2400/1088/778
f 2401/1091/779 2402/1087/780 2403/1095/779
f 2401/1091/779 2403/1095/779 2404/1097/779
f 2405/1159/1 2406/1160/1 2407/1161/1
f 2405/1159/1 2407/1161/1 2408/1162/1
f 2409/1162/6 2410/1161/6 2411/1163/6
f 2409/1162/6 2411/1163/6 2412/1164/6
f 2413/1165/2 2414/1166/2 2415/1160/2
f 2413/1165/2 2415/1160/2 2416/1159/2
f 2417/1164/9 2418/1163/9 2419/1167/9
f 2417/1164/9 2419/1167/9 2420/1168/9
f 2421/1169/5 2422/1170/5 2423/1166/5
f 2421/1169/5 2423/1166/5 2424/1165/5
f 2425/1168/11 2426/1167/11 2427/1171/11
f 2425/1168/11 2427/1171/11 2428/1172/11
f 2429/1173/8 2430/1174/8 2431/1170/8
f 2429/1173/8 2431/1170/8 2432/1169/8
f 2433/1175/6 2434/1176/6 2435/1177/6
f 2433/1175/6 2435/1177/6 2436/1178/6
f 2437/1179/9 2438/1178/9 2439/1177/9
f 2438/1178/9 2437/1179/9 2440/1180/9
f 2441/1181/1 2442/1182/1 2443/1176/1
f 2441/1181/1 2443/1176/1 2444/1175/1
f 2445/1183/2 2446/1184/2 2447/1185/2
f 2445/1183/2 2447/1185/2 2448/1186/2
f 2449/1180/11 2450/1179/11 2451/1187/11
f 2449/1180/11 2451/1187/11 2452/1188/11
f 2453/1186/1 2454/1185/1 2455/1189/1
f 2453/1186/1 2455/1189/1 2456/1190/1
f 2457/1191/5 2458/1192/4 2459/1184/5
f 2457/1191/5 2459/1184/5 2460/1183/5
f 2461/1193/2 2462/1194/2 2463/1182/2
f 2461/1193/2 2463/1182/2 2464/1181/2
f 2465/1190/6 2466/1189/6 2467/1195/6
f 2465/1190/6 2467/1195/6 2468/1196/7
f 2469/1197/10 2470/1198/10 2471/1174/10
f 2469/1197/10 2471/1174/10 2472/1173/10
f 2473/1199/8 2474/1200/8 2475/1192/8
f 2473/1199/8 2475/1192/8 2476/1191/8
f 2477/1196/9 2478/1195/9 2479/1201/9
f 2477/1196/9 2479/1201/9 2480/1202/9
f 2481/1203/5 2482/1204/5 2483/1194/5
f 2481/1203/5 2483/1194/5 2484/1193/5
f 2485/1205/10 2486/1206/10 2487/1200/10
f 2485/1205/10 2487/1200/10 2488/1199/10
f 2489/1202/11 2490/1201/11 2491/1207/11
f 2489/1202/11 2491/1207/11 2492/1208/11
f 2493/1209/8 2494/1210/8 2495/1204/8
f 2493/1209/8 2495/1204/8 2496/1203/8
f 2497/1211/10 2498/1212/10 2499/1210/10
f 2497/1211/10 2499/1210/10 2500/1209/10
f 2501/1213/781 2502/1214/781 2503/1215/781
f 2501/1213/781 2503/1215/781 2504/1216/781
f 2505/1217/782 2506/1213/782 2507/1216/782
f 2507/1216/782 2508/1218/782 2505/1217/782
f 2509/1219/783 2510/1215/783 2511/1214/783
f 2510/1215/783 2509/1219/783 2512/1220/783
f 2513/1216/784 2514/1215/784 2515/1221/784
f 2513/1216/784 2515/1221/784 2516/1222/784
f 2517/1218/785 2518/1216/785 2519/1222/786
f 2517/1218/785 2519/1222/786 2520/1223/786
f 2521/1220/787 2522/1221/788 2523/1215/788
f 2522/1221/788 2521/1220/787 2524/1224/787
f 2525/1224/789 2526/1225/789 2527/1221/789
f 2527/1221/789 2526/1225/789 2528/1226/789
f 2529/1221/790 2530/1227/791 2531/1222/791
f 2530/1227/791 2529/1221/790 2532/1226/790
f 2533/1222/792 2534/1228/792 2535/1223/792
f 2534/1228/792 2533/1222/792 2536/1227/792
s 0
f 2537/1229/28 2538/1229/28 2539/1229/28
f 2537/1229/28 2539/1229/28 2540/1229/28
f 2541/1229/65 2542/1229/65 2543/1229/65
f 2542/1229/65 2541/1229/65 2544/1229/65
f 2545/1229/65 2546/1229/65 2547/1229/65
f 2545/1229/65 2547/1229/65 2548/1229/65
s 1
f 2549/1180/11 2550/1179/11 2551/1187/11
f 2549/1180/11 2551/1187/11 2552/1188/11
f 2553/1178/9 2554/1177/9 2555/1179/9
f 2553/1178/9 2555/1179/9 2556/1180/9
f 2557/1205/10 2558/1206/10 2559/1200/10
f 2557/1205/10 2559/1200/10 2560/1199/10
f 2561/1202/11 2562/1201/11 2563/1207/11
f 2561/1202/11 2563/1207/11 2564/1208/11
f 2565/1175/6 2566/1176/6 2567/1177/6
f 2565/1175/6 2567/1177/6 2568/1178/7
f 2569/1199/8 2570/1200/8 2571/1192/8
f 2569/1199/8 2571/1192/8 2572/1191/8
f 2573/1196/9 2574/1195/9 2575/1201/9
f 2573/1196/9 2575/1201/9 2576/1202/9
f 2577/1168/11 2578/1167/11 2579/1171/11
f 2577/1168/11 2579/1171/11 2580/1172/11
f 2581/1191/5 2582/1192/5 2583/1184/5
f 2581/1191/5 2583/1184/5 2584/1183/5
f 2585/1181/1 2586/1182/1 2587/1176/1
f 2585/1181/1 2587/1176/1 2588/1175/1
f 2589/1190/6 2590/1189/6 2591/1195/6
f 2589/1190/6 2591/1195/6 2592/1196/6
f 2593/1183/2 2594/1184/2 2595/1185/2
f 2593/1183/2 2595/1185/2 2596/1186/2
f 2597/1211/10 2598/1212/10 2599/1210/10
f 2597/1211/10 2599/1210/10 2600/1209/10
f 2601/1186/1 2602/1185/1 2603/1189/1
f 2601/1186/1 2603/1189/1 2604/1190/1
f 2605/1193/2 2606/1194/2 2607/1182/2
f 2605/1193/2 2607/1182/2 2608/1181/2
f 2609/1209/8 2610/1210/8 2611/1204/8
f 2609/1209/8 2611/1204/8 2612/1203/8
f 2613/1203/5 2614/1204/4 2615/1194/5
f 2613/1203/5 2615/1194/5 2616/1193/5
f 2617/1164/9 2618/1163/9 2619/1167/9
f 2617/1164/9 2619/1167/9 2620/1168/9
f 2621/1197/10 2622/1198/10 2623/1174/10
f 2621/1197/10 2623/1174/10 2624/1173/10
f 2625/1162/6 2626/1161/6 2627/1163/6
f 2625/1162/6 2627/1163/6 2628/1164/6
f 2629/1173/8 2630/1174/8 2631/1170/8
f 2629/1173/8 2631/1170/8 2632/1169/8
f 2633/1159/1 2634/1160/1 2635/1161/1
f 2633/1159/1 2635/1161/1 2636/1162/1
f 2637/1169/5 2638/1170/5 2639/1166/5
f 2637/1169/5 2639/1166/5 2640/1165/5
f 2641/1165/2 2642/1166/2 2643/1160/2
f 2641/1165/2 2643/1160/2 2644/1159/2
f 2645/1230/12 2646/1231/12 2647/1232/12
f 2646/1231/12 2645/1230/12 2648/1233/12
f 2649/1234/14 2650/1235/14 2651/1236/14
f 2650/1235/14 2649/1234/14 2652/1237/14
f 2653/1238/12 2654/1239/12 2655/1240/12
f 2653/1238/12 2655/1240/12 2656/1241/12
f 2657/1242/14 2658/1243/14 2659/1244/14
f 2657/1242/14 2659/1244/14 2660/1245/14
f 2661/1239/15 2662/1246/15 2663/1247/15
f 2662/1246/15 2661/1239/15 2664/1238/15
f 2665/1243/16 2666/1242/16 2667/1248/16
f 2667/1248/16 2668/1249/16 2665/1243/16
f 2669/1232/15 2670/1250/15 2671/1251/15
f 2670/1250/15 2669/1232/15 2672/1231/15
f 2673/1236/16 2674/1235/16 2675/1252/16
f 2675/1252/16 2676/1253/16 2673/1236/16
f 2677/1254/793 2678/1255/793 2679/1256/793
f 2679/1256/793 2678/1255/793 2680/1257/793
f 2681/1258/794 2682/1259/795 2683/1260/794
f 2683/1260/794 2682/1259/795 2684/1261/794
f 2685/1255/796 2686/1262/797 2687/1257/796
f 2686/1262/797 2685/1255/796 2688/1263/797
f 2689/1259/798 2690/1264/798 2691/1261/799
f 2691/1261/799 2690/1264/798 2692/1265/799
f 2693/1266/12 2694/1267/12 2695/1268/12
f 2693/1266/12 2695/1268/12 2696/1269/12
f 2697/1270/800 2698/1254/801 2699/1271/802
f 2699/1271/802 2698/1254/801 2700/1256/802
f 2701/1272/14 2702/1273/14 2703/1274/14
f 2701/1272/14 2703/1274/14 2704/1275/14
f 2705/1276/803 2706/1260/804 2707/1277/805
f 2706/1260/804 2705/1276/803 2708/1258/805
f 2709/1247/19 2710/1278/19 2711/1279/19
f 2710/1278/19 2709/1247/19 2712/1246/18
f 2713/1249/21 2714/1248/21 2715/1280/21
f 2715/1280/21 2716/1281/806 2713/1249/21
f 2717/1282/807 2718/1283/807 2719/1254/807
f 2719/1254/807 2718/1283/807 2720/1255/807
f 2721/1260/808 2722/1261/808 2723/1284/808
f 2723/1284/808 2722/1261/808 2724/1285/808
f 2725/1283/809 2726/1263/810 2727/1255/809
f 2726/1263/810 2725/1283/809 2728/1286/810
f 2729/1261/811 2730/1265/812 2731/1285/812
f 2731/1285/812 2730/1265/812 2732/1287/811
f 2733/1288/813 2734/1282/813 2735/1270/813
f 2735/1270/813 2734/1282/813 2736/1254/813
f 2737/1277/814 2738/1284/815 2739/1289/815
f 2738/1284/815 2737/1277/814 2740/1260/814
f 2741/1285/105 2742/1282/105 2743/1284/105
f 2742/1282/105 2741/1285/105 2744/1283/105
f 2745/1283/816 2746/1285/817 2747/1287/817
f 2745/1283/816 2747/1287/817 2748/1286/816
f 2749/1288/818 2750/1289/819 2751/1284/818
f 2749/1288/818 2751/1284/818 2752/1282/819
f 2753/1253/21 2754/1252/21 2755/1290/21
f 2755/1290/21 2756/1291/806 2753/1253/21
f 2757/1251/19 2758/1292/19 2759/1293/19
f 2758/1292/19 2757/1251/19 2760/1250/19
f 2761/1281/75 2762/1280/75 2763/1294/75
f 2763/1294/75 2764/1295/75 2761/1281/75
f 2765/1279/820 2766/1296/821 2767/1297/820
f 2766/1296/821 2765/1279/820 2768/1278/821
f 2769/1267/15 2770/1298/15 2771/1299/15
f 2770/1298/15 2769/1267/15 2772/1266/15
f 2773/1273/16 2774/1272/16 2775/1300/16
f 2775/1300/16 2776/1301/16 2773/1273/16
f 2777/1291/23 2778/1290/23 2779/1302/23
f 2779/1302/23 2780/1303/23 2777/1291/23
f 2781/1293/820 2782/1304/821 2783/1305/820
f 2782/1304/821 2781/1293/820 2784/1292/821
f 2785/1295/821 2786/1294/820 2787/1272/820
f 2787/1272/820 2788/1273/821 2785/1295/821
f 2789/1297/23 2790/1266/23 2791/1267/23
f 2790/1266/23 2789/1297/23 2792/1296/23
f 2793/1301/21 2794/1300/21 2795/1306/21
f 2795/1306/21 2796/1307/806 2793/1301/21
f 2797/1299/19 2798/1308/19 2799/1309/19
f 2798/1308/19 2797/1299/19 2800/1298/18
f 2801/1273/19 2802/1272/18 2803/1310/19
f 2803/1310/19 2804/1311/19 2801/1273/19
f 2805/1267/21 2806/1312/21 2807/1313/21
f 2806/1312/21 2805/1267/21 2808/1266/806
f 2809/1307/75 2810/1306/822 2811/1314/822
f 2811/1314/822 2812/1315/75 2809/1307/75
f 2813/1309/22 2814/1316/22 2815/1317/22
f 2814/1316/22 2813/1309/22 2816/1308/22
f 2817/1303/820 2818/1302/821 2819/1318/821
f 2819/1318/821 2820/1319/823 2817/1303/820
f 2821/1305/23 2822/1320/23 2823/1321/23
f 2822/1320/23 2821/1305/23 2824/1304/23
f 2825/1311/15 2826/1310/15 2827/1322/15
f 2827/1322/15 2828/1323/15 2825/1311/15
f 2829/1313/16 2830/1324/16 2831/1325/16
f 2830/1324/16 2829/1313/16 2832/1312/16
f 2833/1315/22 2834/1314/22 2835/1326/22
f 2835/1326/22 2836/1327/22 2833/1315/22
f 2837/1317/75 2838/1328/822 2839/1329/75
f 2838/1328/822 2837/1317/75 2840/1316/824
f 2841/1319/19 2842/1318/19 2843/1330/19
f 2843/1330/19 2844/1331/18 2841/1319/19
f 2845/1321/21 2846/1332/21 2847/1333/21
f 2846/1332/21 2845/1321/21 2848/1320/21
f 2849/1323/12 2850/1322/12 2851/1334/12
f 2849/1323/12 2851/1334/12 2852/1335/12
f 2853/1325/14 2854/1324/14 2855/1336/14
f 2853/1325/14 2855/1336/14 2856/1337/14
f 2857/1327/19 2858/1326/19 2859/1338/19
f 2859/1338/19 2860/1339/18 2857/1327/19
f 2861/1329/21 2862/1340/21 2863/1341/21
f 2862/1340/21 2861/1329/21 2864/1328/806
f 2865/1331/15 2866/1330/15 2867/1342/15
f 2867/1342/15 2868/1343/15 2865/1331/15
f 2869/1333/16 2870/1344/16 2871/1345/16
f 2870/1344/16 2869/1333/16 2872/1332/16
f 2873/1339/15 2874/1338/15 2875/1346/15
f 2875/1346/15 2876/1347/15 2873/1339/15
f 2877/1341/16 2878/1348/16 2879/1349/16
f 2878/1348/16 2877/1341/16 2880/1340/16
f 2881/1347/12 2882/1346/12 2883/1350/12
f 2881/1347/12 2883/1350/12 2884/1351/12
f 2885/1349/14 2886/1348/14 2887/1352/14
f 2885/1349/14 2887/1352/14 2888/1353/14
f 2889/1343/12 2890/1342/12 2891/1354/12
f 2889/1343/12 2891/1354/12 2892/1355/12
f 2893/1345/14 2894/1344/14 2895/1356/14
f 2893/1345/14 2895/1356/14 2896/1357/14
f 2897/1358/825 2898/1359/825 2899/1360/825
f 2899/1360/825 2898/1359/825 2900/1361/825
f 2901/1362/826 2902/1363/826 2903/1364/826
f 2902/1363/826 2901/1362/826 2904/1365/827
f 2905/1360/828 2906/1361/828 2907/1366/828
f 2907/1366/828 2908/1367/828 2905/1360/828
f 2909/1362/829 2910/1368/829 2911/1365/829
f 2910/1368/829 2909/1362/829 2912/1369/829
f 2913/1370/830 2914/1371/831 2915/1358/830
f 2915/1358/830 2914/1371/831 2916/1359/832
f 2917/1364/833 2918/1372/833 2919/1373/833
f 2918/1372/833 2917/1364/833 2920/1363/834
f 2921/1370/835 2922/1373/836 2923/1372/836
f 2921/1370/835 2923/1372/836 2924/1371/835
f 2925/1367/837 2926/1366/837 2927/1374/837
f 2925/1367/837 2927/1374/837 2928/1375/837
f 2929/1369/838 2930/1376/839 2931/1368/838
f 2930/1376/839 2929/1369/838 2932/1377/839
f 2933/1360/840 2934/1378/840 2935/1358/840
f 2934/1378/840 2933/1360/840 2936/1367/840
f 2937/1362/841 2938/1364/841 2939/1379/841
f 2939/1379/841 2940/1369/841 2937/1362/841
f 2941/1358/842 2942/1380/842 2943/1370/842
f 2942/1380/842 2941/1358/842 2944/1378/842
f 2945/1364/843 2946/1373/843 2947/1381/843
f 2947/1381/843 2948/1379/843 2945/1364/843
f 2949/1373/844 2950/1370/844 2951/1380/845
f 2949/1373/844 2951/1380/845 2952/1381/845
f 2953/1367/846 2954/1382/846 2955/1378/847
f 2954/1382/846 2953/1367/846 2956/1375/846
f 2957/1369/848 2958/1379/848 2959/1383/849
f 2957/1369/848 2959/1383/849 2960/1377/850
f 2961/1378/851 2962/1384/851 2963/1380/851
f 2962/1384/851 2961/1378/851 2964/1382/851
f 2965/1379/852 2966/1381/853 2967/1385/853
f 2965/1379/852 2967/1385/853 2968/1383/852
f 2969/1381/854 2970/1380/854 2971/1384/854
f 2969/1381/854 2971/1384/854 2972/1385/854
f 2973/1374/855 2974/1386/855 2975/1375/855
f 2974/1386/855 2973/1374/855 2976/1387/855
f 2977/1377/856 2978/1388/856 2979/1376/856
f 2978/1388/856 2980/1389/856 2979/1376/856
f 2981/1375/857 2982/1386/857 2983/1382/857
f 2982/1386/857 2984/1390/857 2983/1382/857
f 2985/1383/858 2986/1388/858 2987/1377/859
f 2986/1388/858 2985/1383/858 2988/1391/858
f 2989/1382/860 2990/1390/860 2991/1384/860
f 2990/1390/860 2992/1392/860 2991/1384/860
f 2993/1385/861 2994/1391/861 2995/1383/861
f 2994/1391/861 2993/1385/861 2996/1393/861
f 2997/1385/862 2998/1384/862 2999/1392/862
f 2997/1385/862 2999/1392/862 3000/1393/862
f 3001/1394/28 3002/1395/28 3003/1396/28
f 3004/1397/28 3001/1394/28 3003/1396/28
f 3005/1398/28 3002/1395/28 3001/1394/28
f 3001/1394/28 3004/1397/28 3006/1399/28
f 3002/1395/28 3005/1398/28 3007/1400/28
f 3006/1399/28 3004/1397/28 3008/1401/28
f 3002/1395/28 3007/1400/28 3009/1402/28
f 3010/1403/28 3008/1401/28 3004/1397/28
f 3009/1402/28 3007/1400/28 3011/1404/28
f 3012/1405/28 3011/1404/28 3007/1400/28
f 3011/1404/28 3012/1405/28 3013/1406/28
f 3008/1401/28 3010/1403/28 3014/1407/28
f 3015/1408/28 3014/1407/28 3010/1403/28
f 3016/1409/28 3014/1407/28 3015/1408/28
f 3016/1409/28 3017/1410/28 3014/1407/28
f 3017/1410/28 3016/1409/28 3018/1411/28
f 3019/1412/28 3018/1411/28 3016/1409/28
f 3018/1411/28 3019/1412/28 3020/1413/28
f 3021/1414/28 3020/1413/28 3019/1412/28
f 3022/1415/28 3020/1413/28 3021/1414/28
f 3020/1413/28 3022/1415/28 3023/1416/28
f 3023/1416/28 3022/1415/28 3024/1417/28
f 3025/1418/28 3024/1417/28 3022/1415/28
f 3026/1419/28 3024/1417/28 3025/1418/28
f 3026/1419/28 3027/1420/28 3024/1417/28
f 3027/1420/28 3026/1419/28 3028/1421/28
f 3028/1421/28 3026/1419/28 3029/1422/28
f 3028/1421/28 3029/1422/28 3030/1423/28
f 3031/1424/28 3030/1423/28 3029/1422/28
f 3030/1423/28 3031/1424/28 3032/1425/28
f 3033/1426/28 3034/1427/28 3035/1428/28
f 3036/1429/28 3033/1426/28 3035/1428/28
f 3037/1430/28 3034/1427/28 3033/1426/28
f 3033/1426/28 3036/1429/28 3038/1431/28
f 3034/1427/28 3037/1430/28 3039/1432/28
f 3038/1431/28 3036/1429/28 3040/1433/28
f 3034/1427/28 3039/1432/28 3041/1434/28
f 3042/1435/28 3040/1433/28 3036/1429/28
f 3041/1434/28 3039/1432/28 3043/1436/28
f 3044/1437/28 3043/1436/28 3039/1432/28
f 3043/1436/28 3044/1437/28 3045/1438/28
f 3040/1433/28 3042/1435/28 3046/1439/28
f 3047/1440/28 3046/1439/28 3042/1435/28
f 3048/1441/28 3046/1439/28 3047/1440/28
f 3048/1441/28 3049/1442/28 3046/1439/28
f 3049/1442/28 3048/1441/28 3050/1443/28
f 3051/1444/28 3050/1443/28 3048/1441/28
f 3050/1443/28 3051/1444/28 3052/1445/28
f 3053/1446/28 3052/1445/28 3051/1444/28
f 3054/1447/28 3052/1445/28 3053/1446/28
f 3052/1445/28 3054/1447/28 3055/1448/28
f 3055/1448/28 3054/1447/28 3056/1449/28
f 3057/1450/28 3056/1449/28 3054/1447/28
f 3058/1451/28 3056/1449/28 3057/1450/28
f 3058/1451/28 3059/1452/28 3056/1449/28
f 3059/1452/28 3058/1451/28 3060/1453/28
f 3060/1453/28 3058/1451/28 3061/1454/28
f 3060/1453/28 3061/1454/28 3062/1455/28
f 3063/1456/28 3062/1455/28 3061/1454/28
f 3062/1455/28 3063/1456/28 3064/1457/28
f 3065/1458/28 3066/1459/28 3067/1460/28
f 3068/1461/28 3065/1458/28 3067/1460/28
f 3069/1462/28 3066/1459/28 3065/1458/28
f 3065/1458/28 3068/1461/28 3070/1463/28
f 3066/1459/28 3069/1462/28 3071/1464/28
f 3070/1463/28 3068/1461/28 3072/1465/28
f 3066/1459/28 3071/1464/28 3073/1466/28
f 3074/1467/28 3072/1465/28 3068/1461/28
f 3073/1466/28 3071/1464/28 3075/1468/28
f 3076/1469/28 3075/1468/28 3071/1464/28
f 3075/1468/28 3076/1469/28 3077/1470/28
f 3072/1465/28 3074/1467/28 3078/1471/28
f 3079/1472/28 3078/1471/28 3074/1467/28
f 3080/1473/28 3078/1471/28 3079/1472/28
f 3080/1473/28 3081/1474/28 3078/1471/28
f 3081/1474/28 3080/1473/28 3082/1475/28
f 3083/1476/28 3082/1475/28 3080/1473/28
f 3082/1475/28 3083/1476/28 3084/1477/28
f 3085/1478/28 3084/1477/28 3083/1476/28
f 3086/1479/28 3084/1477/28 3085/1478/28
f 3084/1477/28 3086/1479/28 3087/1480/28
f 3087/1480/28 3086/1479/28 3088/1481/28
f 3089/1482/28 3088/1481/28 3086/1479/28
f 3090/1483/28 3088/1481/28 3089/1482/28
f 3090/1483/28 3091/1484/28 3088/1481/28
f 3091/1484/28 3090/1483/28 3092/1485/28
f 3092/1485/28 3090/1483/28 3093/1486/28
f 3092/1485/28 3093/1486/28 3094/1487/28
f 3095/1488/28 3094/1487/28 3093/1486/28
f 3094/1487/28 3095/1488/28 3096/1489/28
f 3097/1490/28 3098/1491/28 3099/1492/28
f 3098/1491/28 3097/1490/28 3100/1493/28
f 3099/1492/28 3101/1494/28 3097/1490/28
f 3102/1495/28 3100/1493/28 3097/1490/28
f 3101/1494/28 3099/1492/28 3103/1496/28
f 3100/1493/28 3102/1495/28 3104/1497/28
f 3100/1493/28 3104/1497/28 3105/1498/28
f 3105/1498/28 3104/1497/28 3106/1499/28
f 3107/1500/28 3103/1496/28 3099/1492/28
f 3108/1501/28 3103/1496/28 3107/1500/28
f 3103/1496/28 3108/1501/28 3109/1502/28
f 3109/1502/28 3108/1501/28 3110/1503/28
f 3111/1504/28 3110/1503/28 3108/1501/28
f 3110/1503/28 3111/1504/28 3112/1505/28
f 3113/1506/28 3112/1505/28 3111/1504/28
f 3112/1505/28 3113/1506/28 3114/1507/28
f 3114/1507/28 3115/1508/28 3112/1505/28
f 3115/1508/28 3114/1507/28 3116/1509/28
f 3117/1510/28 3116/1509/28 3114/1507/28
f 3116/1509/28 3117/1510/28 3118/1511/28
f 3119/1512/28 3118/1511/28 3117/1510/28
f 3120/1513/28 3118/1511/28 3119/1512/28
f 3118/1511/28 3120/1513/28 3121/1514/28
f 3121/1514/28 3120/1513/28 3122/1515/28
f 3123/1516/28 3122/1515/28 3120/1513/28
f 3122/1515/28 3123/1516/28 3124/1517/28
f 3124/1517/28 3125/1518/28 3122/1515/28
f 3125/1518/28 3124/1517/28 3126/1519/28
f 3127/1520/28 3126/1519/28 3124/1517/28
f 3126/1519/28 3127/1520/28 3128/1521/28
f 3129/1522/28 3130/1523/28 3131/1524/28
f 3130/1523/28 3129/1522/28 3132/1525/28
f 3131/1524/28 3133/1526/28 3129/1522/28
f 3134/1527/28 3132/1525/28 3129/1522/28
f 3133/1526/28 3131/1524/28 3135/1528/28
f 3132/1525/28 3134/1527/28 3136/1529/28
f 3132/1525/28 3136/1529/28 3137/1530/28
f 3137/1530/28 3136/1529/28 3138/1531/28
f 3139/1532/28 3135/1528/28 3131/1524/28
f 3140/1533/28 3135/1528/28 3139/1532/28
f 3135/1528/28 3140/1533/28 3141/1534/28
f 3141/1534/28 3140/1533/28 3142/1535/28
f 3143/1536/28 3142/1535/28 3140/1533/28
f 3142/1535/28 3143/1536/28 3144/1537/28
f 3145/1538/28 3144/1537/28 3143/1536/28
f 3144/1537/28 3145/1538/28 3146/1539/28
f 3146/1539/28 3147/1540/28 3144/1537/28
f 3147/1540/28 3146/1539/28 3148/1541/28
f 3149/1542/28 3148/1541/28 3146/1539/28
f 3148/1541/28 3149/1542/28 3150/1543/28
f 3151/1544/28 3150/1543/28 3149/1542/28
f 3152/1545/28 3150/1543/28 3151/1544/28
f 3150/1543/28 3152/1545/28 3153/1546/28
f 3153/1546/28 3152/1545/28 3154/1547/28
f 3155/1548/28 3154/1547/28 3152/1545/28
f 3154/1547/28 3155/1548/28 3156/1549/28
f 3156/1549/28 3157/1550/28 3154/1547/28
f 3157/1550/28 3156/1549/28 3158/1551/28
f 3158/1551/28 3156/1549/28 3159/1552/28
f 3158/1551/28 3159/1552/28 3160/1553/28
f 3161/1554/28 3162/1555/28 3163/1556/28
f 3162/1555/28 3161/1554/28 3164/1557/28
f 3163/1556/28 3165/1558/28 3161/1554/28
f 3166/1559/28 3164/1557/28 3161/1554/28
f 3165/1558/28 3163/1556/28 3167/1560/28
f 3164/1557/28 3166/1559/28 3168/1561/28
f 3164/1557/28 3168/1561/28 3169/1562/28
f 3169/1562/28 3168/1561/28 3170/1563/28
f 3171/1564/28 3167/1560/28 3163/1556/28
f 3172/1565/28 3167/1560/28 3171/1564/28
f 3167/1560/28 3172/1565/28 3173/1566/28
f 3173/1566/28 3172/1565/28 3174/1567/28
f 3175/1568/28 3174/1567/28 3172/1565/28
f 3174/1567/28 3175/1568/28 3176/1569/28
f 3177/1570/28 3176/1569/28 3175/1568/28
f 3176/1569/28 3177/1570/28 3178/1571/28
f 3178/1571/28 3179/1572/28 3176/1569/28
f 3179/1572/28 3178/1571/28 3180/1573/28
f 3181/1574/28 3180/1573/28 3178/1571/28
f 3180/1573/28 3181/1574/28 3182/1575/28
f 3183/1576/28 3182/1575/28 3181/1574/28
f 3184/1577/28 3182/1575/28 3183/1576/28
f 3182/1575/28 3184/1577/28 3185/1578/28
f 3185/1578/28 3184/1577/28 3186/1579/28
f 3187/1580/28 3186/1579/28 3184/1577/28
f 3186/1579/28 3187/1580/28 3188/1581/28
f 3188/1581/28 3189/1582/28 3186/1579/28
f 3189/1582/28 3188/1581/28 3190/1583/28
f 3191/1584/28 3190/1583/28 3188/1581/28
f 3190/1583/28 3191/1584/28 3192/1585/28
s 0
f 3193/1586/28 3194/1586/28 3195/1586/28
f 3193/1586/28 3195/1586/28 3196/1586/28
f 3197/1586/28 3198/1586/28 3199/1586/28
f 3197/1586/28 3199/1586/28 3200/1586/28
f 3201/1586/28 3202/1586/28 3203/1586/28
f 3202/1586/28 3201/1586/28 3204/1586/28
f 3205/1586/28 3206/1586/28 3207/1586/28
f 3205/1586/28 3207/1586/28 3208/1586/28
f 3209/1586/28 3210/1586/28 3211/1586/28
f 3209/1586/28 3211/1586/28 3212/1586/28
f 3213/1586/28 3214/1586/28 3215/1586/28
f 3214/1586/28 3213/1586/28 3216/1586/28
f 3217/1586/28 3218/1586/28 3219/1586/28
f 3218/1586/28 3217/1586/28 3220/1586/28
f 3221/1586/28 3222/1586/28 3223/1586/28
f 3222/1586/28 3221/1586/28 3224/1586/28
f 3225/1586/28 3226/1586/28 3227/1586/28
f 3226/1586/28 3225/1586/28 3228/1586/28
f 3229/1586/28 3230/1586/28 3231/1586/28
f 3229/1586/28 3231/1586/28 3232/1586/28
f 3233/1586/28 3234/1586/28 3235/1586/28
f 3235/1586/28 3234/1586/28 3236/1586/28
f 3237/1586/28 3238/1586/28 3239/1586/28
f 3239/1586/28 3238/1586/28 3240/1586/28
f 3241/1586/28 3242/1586/28 3243/1586/28
f 3241/1586/28 3243/1586/28 3244/1586/28
f 3245/1586/28 3246/1586/28 3247/1586/28
f 3246/1586/28 3245/1586/28 3248/1586/28
s 1
f 3249/1393/863 3250/1392/863 3251/1587/863
f 3249/1393/863 3251/1587/863 3252/1588/864
f 3253/1393/865 3254/1589/865 3255/1391/865
f 3254/1589/865 3253/1393/865 3256/1588/865
f 3257/1587/866 3258/1392/867 3259/1590/867
f 3260/1390/867 3259/1590/867 3258/1392/867
f 3261/1390/868 3262/1591/869 3263/1590/869
f 3261/1390/868 3264/1386/869 3262/1591/869
f 3265/1391/870 3266/1592/871 3267/1388/870
f 3266/1592/871 3265/1391/870 3268/1589/872
f 3269/1587/873 3270/1593/873 3271/1588/873
f 3270/1593/873 3269/1587/873 3272/1594/874
f 3273/1594/875 3274/1587/875 3275/1595/875
f 3276/1590/875 3275/1595/875 3274/1587/875
f 3277/1588/876 3278/1596/876 3279/1589/876
f 3278/1596/876 3277/1588/876 3280/1593/876
f 3281/1387/877 3282/1597/877 3283/1386/878
f 3283/1386/878 3282/1597/877 3284/1591/879
f 3285/1388/880 3286/1598/881 3287/1389/881
f 3286/1598/881 3285/1388/880 3288/1592/882
f 3289/1589/883 3290/1599/883 3291/1592/884
f 3290/1599/883 3289/1589/883 3292/1596/884
f 3293/1590/885 3294/1600/886 3295/1595/886
f 3293/1590/885 3296/1591/886 3294/1600/886
f 3297/1601/887 3298/1594/888 3299/1602/888
f 3298/1594/888 3297/1601/887 3300/1593/889
f 3301/1603/890 3302/1593/891 3303/1601/890
f 3302/1593/891 3301/1603/890 3304/1596/891
f 3305/1595/892 3306/1604/892 3307/1594/893
f 3308/1602/894 3307/1594/893 3306/1604/892
f 3309/1597/895 3310/1605/895 3311/1591/895
f 3311/1591/895 3310/1605/895 3312/1600/895
f 3313/1592/896 3314/1606/896 3315/1598/896
f 3314/1606/896 3313/1592/896 3316/1599/896
f 3317/1596/897 3318/1607/898 3319/1599/897
f 3318/1607/898 3317/1596/897 3320/1603/898
f 3321/1595/899 3322/1608/900 3323/1604/899
f 3324/1600/901 3322/1608/900 3321/1595/899
f 3325/1605/902 3326/1609/902 3327/1600/902
f 3327/1600/902 3326/1609/902 3328/1608/902
f 3329/1610/903 3330/1611/903 3331/1601/903
f 3329/1610/903 3331/1601/903 3332/1602/903
s 0
f 3333/1586/28 3334/1586/28 3335/1586/28
s 1
f 3336/1599/904 3337/1612/904 3338/1606/904
f 3337/1612/904 3336/1599/904 3339/1607/904
s 0
f 3340/1586/28 3341/1586/28 3342/1586/28
s 1
f 3343/1613/905 3344/1601/905 3345/1611/906
f 3344/1601/905 3343/1613/905 3346/1603/905
f 3347/1604/907 3348/1614/907 3349/1602/907
f 3350/1610/907 3349/1602/907 3348/1614/907
s 0
f 3351/1586/28 3352/1586/28 3353/1586/28
f 3351/1586/28 3353/1586/28 3354/1586/28
f 3355/1586/28 3356/1586/28 3357/1586/28
f 3359/1586/28 3358/1586/28 3360/1586/28
s 1
f 3361/1615/34 3362/1616/34 3363/1617/34
f 3361/1615/34 3363/1617/34 3364/1618/34
f 3365/1618/38 3366/1617/38 3367/1619/38
f 3365/1618/38 3367/1619/38 3368/1620/38
f 3369/1621/33 3370/1622/33 3371/1616/33
f 3369/1621/33 3371/1616/33 3372/1615/33
f 3373/1620/78 3374/1619/78 3375/1623/78
f 3373/1620/78 3375/1623/78 3376/1624/78
f 3377/1625/36 3378/1626/36 3379/1622/36
f 3377/1625/36 3379/1622/36 3380/1621/36
f 3381/1624/46 3382/1623/46 3383/1627/46
f 3381/1624/46 3383/1627/46 3384/1628/46
f 3385/1629/42 3386/1630/42 3387/1626/42
f 3385/1629/42 3387/1626/42 3388/1625/42
f 3389/1631/38 3390/1632/38 3391/1633/38
f 3389/1631/38 3391/1633/38 3392/1634/38
f 3393/1635/78 3394/1634/78 3395/1633/78
f 3394/1634/78 3393/1635/78 3396/1636/78
f 3397/1637/34 3398/1638/34 3399/1632/34
f 3397/1637/34 3399/1632/34 3400/1631/34
f 3401/1639/33 3402/1640/33 3403/1641/33
f 3401/1639/33 3403/1641/33 3404/1642/33
f 3405/1636/46 3406/1635/46 3407/1643/46
f 3405/1636/46 3407/1643/46 3408/1644/46
f 3409/1642/34 3410/1641/34 3411/1645/34
f 3409/1642/34 3411/1645/34 3412/1646/34
f 3413/1647/36 3414/1648/36 3415/1640/36
f 3413/1647/36 3415/1640/36 3416/1639/36
f 3417/1649/33 3418/1650/33 3419/1638/33
f 3417/1649/33 3419/1638/33 3420/1637/33
f 3421/1646/38 3422/1645/38 3423/1651/38
f 3421/1646/38 3423/1651/38 3424/1652/38
f 3425/1653/45 3426/1654/45 3427/1630/45
f 3425/1653/45 3427/1630/45 3428/1629/45
f 3429/1655/42 3430/1656/42 3431/1648/42
f 3429/1655/42 3431/1648/42 3432/1647/42
f 3433/1652/78 3434/1651/78 3435/1657/78
f 3433/1652/78 3435/1657/78 3436/1658/78
f 3437/1659/36 3438/1660/36 3439/1650/36
f 3437/1659/36 3439/1650/36 3440/1649/36
f 3441/1661/45 3442/1662/45 3443/1656/45
f 3441/1661/45 3443/1656/45 3444/1655/45
f 3445/1658/46 3446/1657/46 3447/1663/46
f 3445/1658/46 3447/1663/46 3448/1664/46
f 3449/1665/42 3450/1666/42 3451/1660/42
f 3449/1665/42 3451/1660/42 3452/1659/42
f 3453/1667/45 3454/1668/45 3455/1666/45
f 3453/1667/45 3455/1666/45 3456/1665/45
f 3457/1213/908 3458/1214/908 3459/1215/909
f 3457/1213/908 3459/1215/909 3460/1216/909
f 3461/1219/910 3462/1215/910 3463/1214/910
f 3462/1215/910 3461/1219/910 3464/1220/910
f 3465/1217/911 3466/1213/912 3467/1216/912
f 3467/1216/912 3468/1218/912 3465/1217/911
f 3469/1216/913 3470/1215/913 3471/1221/913
f 3469/1216/913 3471/1221/913 3472/1222/913
f 3473/1220/914 3474/1221/914 3475/1215/914
f 3474/1221/914 3473/1220/914 3476/1224/914
f 3477/1218/915 3478/1216/915 3479/1222/915
f 3477/1218/915 3479/1222/915 3480/1223/915
f 3481/1222/916 3482/1221/916 3483/1669/916
f 3481/1222/916 3483/1669/916 3484/1670/916
f 3485/1222/917 3486/1671/917 3487/1223/917
f 3486/1671/917 3485/1222/917 3488/1670/917
f 3489/1669/918 3490/1221/919 3491/1672/919
f 3492/1224/919 3491/1672/919 3490/1221/919
s 0
f 3493/1673/65 3494/1673/65 3495/1673/65
f 3493/1673/65 3495/1673/65 3496/1673/65
f 3497/1673/28 3498/1673/28 3499/1673/28
f 3498/1673/28 3497/1673/28 3500/1673/28
f 3501/1673/65 3502/1673/65 3503/1673/65
f 3501/1673/65 3503/1673/65 3504/1673/65
s 1
f 3505/1636/46 3506/1635/46 3507/1643/46
f 3505/1636/46 3507/1643/46 3508/1644/46
f 3509/1634/78 3510/1633/78 3511/1635/78
f 3509/1634/78 3511/1635/78 3512/1636/78
f 3513/1661/45 3514/1662/45 3515/1656/45
f 3513/1661/45 3515/1656/45 3516/1655/45
f 3517/1658/46 3518/1657/46 3519/1663/46
f 3517/1658/46 3519/1663/46 3520/1664/46
f 3521/1631/38 3522/1632/38 3523/1633/38
f 3521/1631/38 3523/1633/38 3524/1634/38
f 3525/1655/42 3526/1656/42 3527/1648/42
f 3525/1655/42 3527/1648/42 3528/1647/42
f 3529/1652/78 3530/1651/78 3531/1657/78
f 3529/1652/78 3531/1657/78 3532/1658/78
f 3533/1624/46 3534/1623/46 3535/1627/46
f 3533/1624/46 3535/1627/46 3536/1628/46
f 3537/1647/36 3538/1648/36 3539/1640/36
f 3537/1647/36 3539/1640/36 3540/1639/36
f 3541/1637/34 3542/1638/34 3543/1632/34
f 3541/1637/34 3543/1632/34 3544/1631/34
f 3545/1646/38 3546/1645/38 3547/1651/38
f 3545/1646/38 3547/1651/38 3548/1652/38
f 3549/1639/33 3550/1640/33 3551/1641/33
f 3549/1639/33 3551/1641/33 3552/1642/33
f 3553/1667/45 3554/1668/45 3555/1666/45
f 3553/1667/45 3555/1666/45 3556/1665/45
f 3557/1642/34 3558/1641/34 3559/1645/34
f 3557/1642/34 3559/1645/34 3560/1646/34
f 3561/1649/33 3562/1650/33 3563/1638/33
f 3561/1649/33 3563/1638/33 3564/1637/33
f 3565/1665/42 3566/1666/42 3567/1660/42
f 3565/1665/42 3567/1660/42 3568/1659/42
f 3569/1659/36 3570/1660/36 3571/1650/36
f 3569/1659/36 3571/1650/36 3572/1649/36
f 3573/1620/78 3574/1619/78 3575/1623/78
f 3573/1620/78 3575/1623/78 3576/1624/78
f 3577/1653/45 3578/1654/45 3579/1630/45
f 3577/1653/45 3579/1630/45 3580/1629/45
f 3581/1618/38 3582/1617/38 3583/1619/38
f 3581/1618/38 3583/1619/38 3584/1620/38
f 3585/1629/42 3586/1630/42 3587/1626/42
f 3585/1629/42 3587/1626/42 3588/1625/42
f 3589/1615/34 3590/1616/34 3591/1617/34
f 3589/1615/34 3591/1617/34 3592/1618/34
f 3593/1625/36 3594/1626/36 3595/1622/36
f 3593/1625/36 3595/1622/36 3596/1621/36
f 3597/1621/33 3598/1622/33 3599/1616/33
f 3597/1621/33 3599/1616/33 3600/1615/33
f 3601/1235/51 3602/1234/51 3603/1237/51
f 3602/1234/51 3601/1235/51 3604/1236/51
f 3605/1231/49 3606/1230/49 3607/1233/49
f 3606/1230/49 3605/1231/49 3608/1232/49
f 3609/1274/51 3610/1275/51 3611/1272/51
f 3609/1274/51 3611/1272/51 3612/1273/51
f 3613/1268/49 3614/1269/49 3615/1266/49
f 3613/1268/49 3615/1266/49 3616/1267/49
f 3617/1300/53 3618/1301/53 3619/1273/53
f 3619/1273/53 3620/1272/53 3617/1300/53
f 3621/1298/55 3622/1267/55 3623/1266/55
f 3622/1267/55 3621/1298/55 3624/1299/55
f 3625/1252/53 3626/1253/53 3627/1236/53
f 3627/1236/53 3628/1235/53 3625/1252/53
f 3629/1250/55 3630/1232/55 3631/1231/55
f 3630/1232/55 3629/1250/55 3632/1251/55
f 3633/1306/59 3634/1307/59 3635/1301/59
f 3635/1301/59 3636/1300/58 3633/1306/59
f 3637/1308/920 3638/1299/920 3639/1298/920
f 3638/1299/920 3637/1308/920 3640/1309/81
f 3641/1244/51 3642/1245/51 3643/1242/51
f 3641/1244/51 3643/1242/51 3644/1243/51
f 3645/1240/49 3646/1241/49 3647/1238/49
f 3645/1240/49 3647/1238/49 3648/1239/49
f 3649/1292/920 3650/1251/920 3651/1250/920
f 3650/1251/920 3649/1292/920 3652/1293/81
f 3653/1290/59 3654/1291/59 3655/1253/59
f 3655/1253/59 3656/1252/59 3653/1290/59
f 3657/1316/921 3658/1309/922 3659/1308/923
f 3658/1309/922 3657/1316/921 3660/1317/922
f 3661/1314/61 3662/1315/61 3663/1307/61
f 3663/1307/61 3664/1306/61 3661/1314/61
f 3665/1248/53 3666/1249/53 3667/1243/53
f 3667/1243/53 3668/1242/53 3665/1248/53
f 3669/1246/55 3670/1239/55 3671/1238/55
f 3670/1239/55 3669/1246/55 3672/1247/55
f 3673/1304/62 3674/1293/62 3675/1292/62
f 3674/1293/62 3673/1304/62 3676/1305/62
f 3677/1302/924 3678/1303/925 3679/1291/926
f 3679/1291/926 3680/1290/924 3677/1302/924
f 3681/1328/61 3682/1317/61 3683/1316/61
f 3682/1317/61 3681/1328/61 3684/1329/61
f 3685/1326/921 3686/1327/922 3687/1315/922
f 3687/1315/922 3688/1314/921 3685/1326/921
f 3689/1278/82 3690/1247/927 3691/1246/920
f 3690/1247/927 3689/1278/82 3692/1279/82
f 3693/1280/928 3694/1281/59 3695/1249/929
f 3695/1249/929 3696/1248/929 3693/1280/928
f 3697/1340/59 3698/1329/59 3699/1328/59
f 3698/1329/59 3697/1340/59 3700/1341/58
f 3701/1338/920 3702/1339/920 3703/1327/920
f 3703/1327/920 3704/1326/81 3701/1338/920
f 3705/1296/62 3706/1279/62 3707/1278/62
f 3706/1279/62 3705/1296/62 3708/1297/922
f 3709/1294/926 3710/1295/61 3711/1281/924
f 3711/1281/924 3712/1280/924 3709/1294/926
f 3713/1320/924 3714/1305/926 3715/1304/924
f 3714/1305/926 3713/1320/924 3716/1321/926
f 3717/1318/62 3718/1319/62 3719/1303/62
f 3719/1303/62 3720/1302/62 3717/1318/62
f 3721/1674/930 3722/1675/931 3723/1676/932
f 3722/1675/931 3721/1674/930 3724/1677/930
f 3725/1678/933 3726/1679/934 3727/1680/933
f 3726/1679/934 3725/1678/933 3728/1681/934
f 3729/1674/935 3730/1682/935 3731/1683/935
f 3731/1683/935 3732/1677/935 3729/1674/935
f 3733/1684/936 3734/1679/936 3735/1681/936
f 3734/1679/936 3733/1684/936 3736/1685/936
s 0
f 3738/1686/28 3739/1686/28 3737/1686/28
f 3741/1686/28 3740/1686/28 3742/1686/28
s 1
f 3743/1677/937 3744/1687/937 3745/1675/937
f 3744/1687/937 3743/1677/937 3746/1688/937
f 3747/1683/938 3748/1682/938 3749/1689/938
f 3749/1689/938 3748/1682/938 3750/1690/938
f 3751/1691/939 3752/1681/939 3753/1678/939
f 3752/1681/939 3751/1691/939 3754/1692/939
f 3755/1690/940 3756/1693/940 3757/1689/940
f 3756/1693/940 3755/1690/940 3758/1694/940
f 3759/1695/941 3760/1685/941 3761/1684/941
f 3760/1685/941 3759/1695/941 3762/1696/941
f 3763/1697/942 3764/1696/942 3765/1695/942
f 3764/1696/942 3763/1697/942 3766/1698/942
f 3767/1677/943 3768/1683/944 3769/1699/943
f 3769/1699/943 3770/1688/944 3767/1677/943
f 3771/1700/945 3772/1681/945 3773/1692/945
f 3772/1681/945 3771/1700/945 3774/1684/945
s 0
f 3775/1686/28 3776/1686/28 3777/1686/28
f 3778/1686/28 3779/1686/28 3780/1686/28
s 1
f 3781/1688/946 3782/1701/947 3783/1687/946
f 3782/1701/947 3781/1688/946 3784/1702/946
f 3785/1703/948 3786/1699/948 3787/1704/948
f 3787/1704/948 3786/1699/948 3788/1705/948
f 3789/1706/949 3790/1707/950 3791/1708/949
f 3790/1707/950 3789/1706/949 3792/1709/949
f 3793/1710/951 3794/1711/952 3795/1712/951
f 3796/1713/951 3795/1712/951 3794/1711/952
f 3797/1714/953 3798/1715/954 3799/1716/954
f 3798/1715/954 3797/1714/953 3800/1717/953
f 3801/1718/955 3802/1719/956 3803/1720/955
f 3804/1721/956 3802/1719/956 3801/1718/955
f 3805/1722/957 3806/1700/957 3807/1723/957
f 3806/1700/957 3805/1722/957 3808/1724/957
f 3809/1691/958 3810/1725/958 3811/1692/958
f 3811/1692/958 3810/1725/958 3812/1726/958
f 3813/1699/959 3814/1683/959 3815/1705/959
f 3815/1705/959 3814/1683/959 3816/1689/959
f 3817/1688/55 3818/1699/57 3819/1703/55
f 3817/1688/55 3819/1703/55 3820/1702/55
f 3821/1724/960 3822/1684/961 3823/1700/960
f 3822/1684/961 3821/1724/960 3824/1695/961
f 3826/1727/962 3825/1728/962 3827/1693/962
f 3830/1697/963 3829/1729/963 3828/1730/963
f 3831/1700/53 3832/1726/53 3833/1723/54
f 3831/1700/53 3834/1692/53 3832/1726/53
f 3835/1689/964 3836/1728/964 3837/1705/964
f 3836/1728/964 3835/1689/964 3838/1693/964
f 3839/1729/965 3840/1695/965 3841/1724/965
f 3840/1695/965 3839/1729/965 3842/1697/965
s 0
f 3843/1686/65 3844/1686/65 3845/1686/65
f 3843/1686/65 3845/1686/65 3846/1686/65
f 3847/1686/28 3848/1686/28 3849/1686/28
f 3848/1686/28 3847/1686/28 3850/1686/28
f 3851/1686/28 3852/1686/28 3853/1686/28
f 3851/1686/28 3853/1686/28 3854/1686/28
f 3855/1686/65 3856/1686/65 3857/1686/65
f 3856/1686/65 3855/1686/65 3858/1686/65
f 3859/1686/65 3860/1686/65 3861/1686/65
f 3859/1686/65 3861/1686/65 3862/1686/65
f 3863/1686/65 3864/1686/65 3865/1686/65
f 3863/1686/65 3865/1686/65 3866/1686/65
s 1
f 3867/1701/966 3868/1731/967 3869/1721/967
f 3869/1721/967 3868/1731/967 3870/1719/967
f 3871/1732/968 3872/1709/969 3873/1706/969
f 3872/1709/969 3871/1732/968 3874/1704/968
f 3875/1712/970 3876/1713/970 3877/1733/970
f 3877/1733/970 3876/1713/970 3878/1722/970
f 3879/1717/971 3880/1734/971 3881/1725/971
f 3880/1734/971 3879/1717/971 3882/1714/971
f 3883/1348/53 3884/1341/53 3885/1340/53
f 3884/1341/53 3883/1348/53 3886/1349/53
f 3887/1346/55 3888/1347/55 3889/1339/55
f 3889/1339/55 3890/1338/55 3887/1346/55
f 3891/1266/924 3892/1297/926 3893/1296/61
f 3892/1297/926 3891/1266/924 3894/1267/924
f 3895/1273/62 3896/1294/62 3897/1272/62
f 3896/1294/62 3895/1273/62 3898/1295/62
f 3899/1735/972 3900/1736/972 3901/1686/972
s 0
f 3899/1735/973 3901/1686/65 3902/1686/974
f 3903/1686/975 3904/1737/975 3905/1686/28
s 1
f 3905/1686/975 3904/1737/975 3906/1738/975
f 3907/1702/976 3908/1731/977 3909/1701/976
f 3908/1731/977 3907/1702/976 3910/1739/976
f 3911/1740/978 3912/1703/978 3913/1732/978
f 3913/1732/978 3912/1703/978 3914/1704/978
f 3915/1735/979 3916/1686/979 3917/1708/979
s 0
f 3916/1686/979 3915/1735/980 3918/1686/65
f 3919/1686/981 3920/1736/982 3921/1686/65
s 1
f 3922/1710/981 3921/1686/981 3920/1736/981
f 3923/1733/983 3924/1723/983 3925/1741/983
f 3924/1723/983 3923/1733/983 3926/1722/983
f 3927/1725/984 3928/1734/984 3929/1726/984
f 3929/1726/984 3928/1734/984 3930/1742/984
s 0
f 3931/1686/985 3932/1737/986 3933/1686/28
s 1
f 3932/1737/985 3931/1686/985 3934/1716/985
f 3935/1720/987 3936/1686/987 3937/1738/987
s 0
f 3938/1686/987 3937/1738/988 3936/1686/28
s 1
f 3939/1702/989 3940/1703/990 3941/1740/989
f 3939/1702/989 3941/1740/989 3942/1739/990
f 3943/1741/991 3944/1726/992 3945/1742/992
f 3944/1726/992 3943/1741/991 3946/1723/992
s 0
f 3947/1686/65 3948/1686/65 3949/1686/65
f 3949/1686/65 3948/1686/65 3950/1686/65
f 3951/1686/28 3952/1686/28 3953/1686/28
f 3952/1686/28 3951/1686/28 3954/1686/28
f 3955/1686/65 3956/1686/65 3957/1686/65
f 3956/1686/65 3955/1686/65 3958/1686/65
f 3959/1686/28 3960/1686/28 3961/1686/28
f 3961/1686/28 3960/1686/28 3962/1686/28
f 3963/1686/993 3964/1708/994 3965/1686/65
s 1
f 3964/1708/995 3963/1686/995 3966/1706/995
s 0
f 3967/1686/996 3968/1710/997 3969/1686/65
s 1
f 3970/1712/998 3969/1686/998 3968/1710/998
s 0
f 3971/1686/999 3972/1716/1000 3973/1686/28
s 1
f 3972/1716/1001 3971/1686/1001 3974/1714/1001
s 0
f 3975/1720/1002 3976/1686/28 3977/1686/1003
s 1
f 3978/1719/1004 3976/1686/1004 3975/1720/1004
s 0
f 3979/1686/65 3980/1686/65 3981/1686/65
f 3981/1686/65 3980/1686/65 3982/1686/65
f 3983/1686/65 3984/1686/65 3985/1686/65
f 3985/1686/65 3984/1686/65 3986/1686/65
f 3987/1686/65 3988/1686/65 3989/1686/65
f 3989/1686/65 3988/1686/65 3990/1686/65
f 3991/1686/65 3992/1686/65 3993/1686/65
f 3992/1686/65 3991/1686/65 3994/1686/65
f 3995/1686/28 3996/1686/28 3997/1686/28
f 3996/1686/28 3995/1686/28 3998/1686/28
f 3999/1686/28 4000/1686/28 4001/1686/28
f 4000/1686/28 3999/1686/28 4002/1686/28
f 4003/1686/65 4004/1686/65 4005/1686/65
f 4003/1686/65 4005/1686/65 4006/1686/65
f 4007/1686/28 4008/1686/28 4009/1686/28
f 4007/1686/28 4009/1686/28 4010/1686/28
s 1
f 4011/1731/1005 4012/1686/1005 4013/1719/1005
s 0
f 4013/1719/1005 4012/1686/28 4014/1686/1005
f 4015/1686/1006 4016/1706/1007 4017/1686/65
s 1
f 4016/1706/1007 4015/1686/1007 4018/1732/1007
s 0
f 4019/1686/1008 4020/1712/1009 4021/1686/65
s 1
f 4021/1686/1009 4020/1712/1009 4022/1733/1009
s 0
f 4023/1686/1010 4024/1714/1011 4025/1686/28
s 1
f 4024/1714/1011 4023/1686/1011 4026/1734/1011
f 4027/1739/1012 4028/1686/1012 4029/1731/1012
s 0
f 4028/1686/1013 4027/1739/1012 4030/1686/28
f 4031/1686/1014 4032/1740/1015 4033/1686/65
s 1
f 4033/1686/1015 4032/1740/1015 4034/1732/1015
s 0
f 4035/1686/65 4036/1686/65 4037/1686/65
f 4037/1686/65 4036/1686/65 4038/1686/65
f 4039/1686/65 4040/1686/65 4041/1686/65
f 4040/1686/65 4039/1686/65 4042/1686/65
s 1
f 4043/1740/1016 4044/1686/1016 4045/1739/1016
s 0
f 4045/1739/1016 4044/1686/65 4046/1686/1016
f 4047/1686/1017 4048/1741/1017 4049/1686/65
s 1
f 4048/1741/1017 4047/1686/1017 4050/1733/1017
s 0
f 4051/1686/1018 4052/1742/1018 4053/1686/65
s 1
f 4052/1742/1018 4051/1686/1018 4054/1741/1018
f 4055/1734/1019 4056/1686/1019 4057/1742/1019
s 0
f 4057/1742/1019 4056/1686/28 4058/1686/1019
f 4059/1686/65 4060/1686/65 4061/1686/65
f 4061/1686/65 4060/1686/65 4062/1686/65
s 1
f 4063/1332/59 4064/1321/59 4065/1320/59
f 4064/1321/59 4063/1332/59 4066/1333/58
f 4067/1330/920 4068/1331/920 4069/1319/920
f 4069/1319/920 4070/1318/920 4067/1330/920
f 4071/1312/929 4072/1267/59 4073/1266/929
f 4072/1267/59 4071/1312/929 4074/1313/58
f 4075/1310/927 4076/1311/920 4077/1273/82
f 4077/1273/82 4078/1272/82 4075/1310/927
f 4079/1352/51 4080/1353/51 4081/1349/51
f 4079/1352/51 4081/1349/51 4082/1348/51
f 4083/1350/49 4084/1351/49 4085/1347/49
f 4083/1350/49 4085/1347/49 4086/1346/49
f 4087/1344/53 4088/1333/53 4089/1332/53
f 4088/1333/53 4087/1344/53 4090/1345/53
f 4091/1342/55 4092/1343/55 4093/1331/55
f 4093/1331/55 4094/1330/55 4091/1342/55
f 4095/1324/53 4096/1313/53 4097/1312/53
f 4096/1313/53 4095/1324/53 4098/1325/53
f 4099/1322/55 4100/1323/55 4101/1311/55
f 4101/1311/55 4102/1310/55 4099/1322/55
f 4103/1336/51 4104/1337/51 4105/1325/51
f 4103/1336/51 4105/1325/51 4106/1324/51
f 4107/1334/49 4108/1335/49 4109/1323/49
f 4107/1334/49 4109/1323/49 4110/1322/49
f 4111/1356/51 4112/1357/51 4113/1345/51
f 4111/1356/51 4113/1345/51 4114/1344/51
f 4115/1354/49 4116/1355/49 4117/1343/49
f 4115/1354/49 4117/1343/49 4118/1342/49
f 4119/1743/1020 4120/1744/1020 4121/1745/1020
f 4120/1744/1020 4119/1743/1020 4122/1746/1020
f 4123/1747/1021 4124/1748/1021 4125/1749/1021
f 4125/1749/1021 4124/1748/1021 4126/1750/1021
f 4127/1744/1022 4128/1751/1022 4129/1745/1022
f 4128/1751/1022 4127/1744/1022 4130/1752/1022
f 4131/1748/1023 4132/1747/1024 4133/1753/1023
f 4133/1753/1023 4134/1754/1023 4131/1748/1023
f 4135/1755/1025 4136/1746/1025 4137/1743/1026
f 4136/1746/1025 4135/1755/1025 4138/1756/1027
f 4139/1749/1028 4140/1750/1028 4141/1757/1029
f 4141/1757/1029 4140/1750/1028 4142/1758/1028
f 4143/1755/1030 4144/1757/1030 4145/1758/1030
f 4143/1755/1030 4145/1758/1030 4146/1756/1030
f 4147/1752/1031 4148/1759/1031 4149/1751/1031
f 4148/1759/1031 4147/1752/1031 4150/1760/1031
f 4151/1754/1032 4152/1753/1032 4153/1761/1033
f 4151/1754/1032 4153/1761/1033 4154/1762/1032
f 4155/1744/1034 4156/1746/1034 4157/1763/1034
f 4157/1763/1034 4158/1752/1034 4155/1744/1034
f 4159/1748/1035 4160/1764/1035 4161/1750/1035
f 4160/1764/1035 4159/1748/1035 4162/1754/1035
f 4163/1750/1036 4164/1765/1037 4165/1758/1038
f 4164/1765/1037 4163/1750/1036 4166/1764/1038
f 4167/1746/1039 4168/1756/1039 4169/1766/1039
f 4169/1766/1039 4170/1763/1039 4167/1746/1039
f 4171/1756/1040 4172/1758/1040 4173/1765/1041
f 4171/1756/1040 4173/1765/1041 4174/1766/1041
f 4175/1754/1042 4176/1767/1043 4177/1764/1043
f 4176/1767/1043 4175/1754/1042 4178/1762/1043
f 4179/1752/1044 4180/1763/1044 4181/1768/1044
f 4179/1752/1044 4181/1768/1044 4182/1760/1044
f 4183/1764/1045 4184/1769/1045 4185/1765/1045
f 4184/1769/1045 4183/1764/1045 4186/1767/1045
f 4187/1763/1046 4188/1766/1046 4189/1770/1046
f 4187/1763/1046 4189/1770/1046 4190/1768/1046
f 4191/1766/1047 4192/1765/1047 4193/1769/1047
f 4191/1766/1047 4193/1769/1047 4194/1770/1047
f 4195/1771/1048 4196/1759/1048 4197/1772/1048
f 4198/1760/1049 4197/1772/1048 4196/1759/1048
f 4199/1490/65 4200/1491/65 4201/1492/65
f 4200/1491/65 4199/1490/65 4202/1493/65
f 4201/1492/65 4203/1494/65 4199/1490/65
f 4204/1495/65 4202/1493/65 4199/1490/65
f 4203/1494/65 4201/1492/65 4205/1496/65
f 4202/1493/65 4204/1495/65 4206/1497/65
f 4202/1493/65 4206/1497/65 4207/1498/65
f 4207/1498/65 4206/1497/65 4208/1499/65
f 4209/1500/65 4205/1496/65 4201/1492/65
f 4210/1501/65 4205/1496/65 4209/1500/65
f 4205/1496/65 4210/1501/65 4211/1502/65
f 4211/1502/65 4210/1501/65 4212/1503/65
f 4213/1504/65 4212/1503/65 4210/1501/65
f 4212/1503/65 4213/1504/65 4214/1505/65
f 4215/1506/65 4214/1505/65 4213/1504/65
f 4214/1505/65 4215/1506/65 4216/1507/65
f 4216/1507/65 4217/1508/65 4214/1505/65
f 4217/1508/65 4216/1507/65 4218/1509/65
f 4219/1510/65 4218/1509/65 4216/1507/65
f 4218/1509/65 4219/1510/65 4220/1511/65
f 4221/1512/65 4220/1511/65 4219/1510/65
f 4222/1513/65 4220/1511/65 4221/1512/65
f 4220/1511/65 4222/1513/65 4223/1514/65
f 4223/1514/65 4222/1513/65 4224/1515/65
f 4225/1516/65 4224/1515/65 4222/1513/65
f 4224/1515/65 4225/1516/65 4226/1517/65
f 4226/1517/65 4227/1518/65 4224/1515/65
f 4227/1518/65 4226/1517/65 4228/1519/65
f 4229/1520/65 4228/1519/65 4226/1517/65
f 4228/1519/65 4229/1520/65 4230/1521/65
f 4231/1522/65 4232/1523/65 4233/1524/65
f 4232/1523/65 4231/1522/65 4234/1525/65
f 4233/1524/65 4235/1526/65 4231/1522/65
f 4236/1527/65 4234/1525/65 4231/1522/65
f 4235/1526/65 4233/1524/65 4237/1528/65
f 4234/1525/65 4236/1527/65 4238/1529/65
f 4234/1525/65 4238/1529/65 4239/1530/65
f 4239/1530/65 4238/1529/65 4240/1531/65
f 4241/1532/65 4237/1528/65 4233/1524/65
f 4242/1533/65 4237/1528/65 4241/1532/65
f 4237/1528/65 4242/1533/65 4243/1534/65
f 4243/1534/65 4242/1533/65 4244/1535/65
f 4245/1536/65 4244/1535/65 4242/1533/65
f 4244/1535/65 4245/1536/65 4246/1537/65
f 4247/1538/65 4246/1537/65 4245/1536/65
f 4246/1537/65 4247/1538/65 4248/1539/65
f 4248/1539/65 4249/1540/65 4246/1537/65
f 4249/1540/65 4248/1539/65 4250/1541/65
f 4251/1542/65 4250/1541/65 4248/1539/65
f 4250/1541/65 4251/1542/65 4252/1543/65
f 4253/1544/65 4252/1543/65 4251/1542/65
f 4254/1545/65 4252/1543/65 4253/1544/65
f 4252/1543/65 4254/1545/65 4255/1546/65
f 4255/1546/65 4254/1545/65 4256/1547/65
f 4257/1548/65 4256/1547/65 4254/1545/65
f 4256/1547/65 4257/1548/65 4258/1549/65
f 4258/1549/65 4259/1550/65 4256/1547/65
f 4259/1550/65 4258/1549/65 4260/1551/65
f 4260/1551/65 4258/1549/65 4261/1552/65
f 4260/1551/65 4261/1552/65 4262/1553/65
f 4263/1554/65 4264/1555/65 4265/1556/65
f 4264/1555/65 4263/1554/65 4266/1557/65
f 4265/1556/65 4267/1558/65 4263/1554/65
f 4268/1559/65 4266/1557/65 4263/1554/65
f 4267/1558/65 4265/1556/65 4269/1560/65
f 4266/1557/65 4268/1559/65 4270/1561/65
f 4266/1557/65 4270/1561/65 4271/1562/65
f 4271/1562/65 4270/1561/65 4272/1563/65
f 4273/1564/65 4269/1560/65 4265/1556/65
f 4274/1565/65 4269/1560/65 4273/1564/65
f 4269/1560/65 4274/1565/65 4275/1566/65
f 4275/1566/65 4274/1565/65 4276/1567/65
f 4277/1568/65 4276/1567/65 4274/1565/65
f 4276/1567/65 4277/1568/65 4278/1569/65
f 4279/1570/65 4278/1569/65 4277/1568/65
f 4278/1569/65 4279/1570/65 4280/1571/65
f 4280/1571/65 4281/1572/65 4278/1569/65
f 4281/1572/65 4280/1571/65 4282/1573/65
f 4283/1574/65 4282/1573/65 4280/1571/65
f 4282/1573/65 4283/1574/65 4284/1575/65
f 4285/1576/65 4284/1575/65 4283/1574/65
f 4286/1577/65 4284/1575/65 4285/1576/65
f 4284/1575/65 4286/1577/65 4287/1578/65
f 4287/1578/65 4286/1577/65 4288/1579/65
f 4289/1580/65 4288/1579/65 4286/1577/65
f 4288/1579/65 4289/1580/65 4290/1581/65
f 4290/1581/65 4291/1582/65 4288/1579/65
f 4291/1582/65 4290/1581/65 4292/1583/65
f 4293/1584/65 4292/1583/65 4290/1581/65
f 4292/1583/65 4293/1584/65 4294/1585/65
f 4295/1394/65 4296/1395/65 4297/1396/65
f 4298/1397/65 4295/1394/65 4297/1396/65
f 4299/1398/65 4296/1395/65 4295/1394/65
f 4295/1394/65 4298/1397/65 4300/1399/65
f 4296/1395/65 4299/1398/65 4301/1400/65
f 4300/1399/65 4298/1397/65 4302/1401/65
f 4296/1395/65 4301/1400/65 4303/1402/65
f 4304/1403/65 4302/1401/65 4298/1397/65
f 4303/1402/65 4301/1400/65 4305/1404/65
f 4306/1405/65 4305/1404/65 4301/1400/65
f 4305/1404/65 4306/1405/65 4307/1406/65
f 4302/1401/65 4304/1403/65 4308/1407/65
f 4309/1408/65 4308/1407/65 4304/1403/65
f 4310/1409/65 4308/1407/65 4309/1408/65
f 4310/1409/65 4311/1410/65 4308/1407/65
f 4311/1410/65 4310/1409/65 4312/1411/65
f 4313/1412/65 4312/1411/65 4310/1409/65
f 4312/1411/65 4313/1412/65 4314/1413/65
f 4315/1414/65 4314/1413/65 4313/1412/65
f 4316/1415/65 4314/1413/65 4315/1414/65
f 4314/1413/65 4316/1415/65 4317/1416/65
f 4317/1416/65 4316/1415/65 4318/1417/65
f 4319/1418/65 4318/1417/65 4316/1415/65
f 4320/1419/65 4318/1417/65 4319/1418/65
f 4320/1419/65 4321/1420/65 4318/1417/65
f 4321/1420/65 4320/1419/65 4322/1421/65
f 4322/1421/65 4320/1419/65 4323/1422/65
f 4322/1421/65 4323/1422/65 4324/1423/65
f 4325/1424/65 4324/1423/65 4323/1422/65
f 4324/1423/65 4325/1424/65 4326/1425/65
f 4327/1426/65 4328/1427/65 4329/1428/65
f 4330/1429/65 4327/1426/65 4329/1428/65
f 4331/1430/65 4328/1427/65 4327/1426/65
f 4327/1426/65 4330/1429/65 4332/1431/65
f 4328/1427/65 4331/1430/65 4333/1432/65
f 4332/1431/65 4330/1429/65 4334/1433/65
f 4328/1427/65 4333/1432/65 4335/1434/65
f 4336/1435/65 4334/1433/65 4330/1429/65
f 4335/1434/65 4333/1432/65 4337/1436/65
f 4338/1437/65 4337/1436/65 4333/1432/65
f 4337/1436/65 4338/1437/65 4339/1438/65
f 4334/1433/65 4336/1435/65 4340/1439/65
f 4341/1440/65 4340/1439/65 4336/1435/65
f 4342/1441/65 4340/1439/65 4341/1440/65
f 4342/1441/65 4343/1442/65 4340/1439/65
f 4343/1442/65 4342/1441/65 4344/1443/65
f 4345/1444/65 4344/1443/65 4342/1441/65
f 4344/1443/65 4345/1444/65 4346/1445/65
f 4347/1446/65 4346/1445/65 4345/1444/65
f 4348/1447/65 4346/1445/65 4347/1446/65
f 4346/1445/65 4348/1447/65 4349/1448/65
f 4349/1448/65 4348/1447/65 4350/1449/65
f 4351/1450/65 4350/1449/65 4348/1447/65
f 4352/1451/65 4350/1449/65 4351/1450/65
f 4352/1451/65 4353/1452/65 4350/1449/65
f 4353/1452/65 4352/1451/65 4354/1453/65
f 4354/1453/65 4352/1451/65 4355/1454/65
f 4354/1453/65 4355/1454/65 4356/1455/65
f 4357/1456/65 4356/1455/65 4355/1454/65
f 4356/1455/65 4357/1456/65 4358/1457/65
f 4359/1458/65 4360/1459/65 4361/1460/65
f 4362/1461/65 4359/1458/65 4361/1460/65
f 4363/1462/65 4360/1459/65 4359/1458/65
f 4359/1458/65 4362/1461/65 4364/1463/65
f 4360/1459/65 4363/1462/65 4365/1464/65
f 4364/1463/65 4362/1461/65 4366/1465/65
f 4360/1459/65 4365/1464/65 4367/1466/65
f 4368/1467/65 4366/1465/65 4362/1461/65
f 4367/1466/65 4365/1464/65 4369/1468/65
f 4370/1469/65 4369/1468/65 4365/1464/65
f 4369/1468/65 4370/1469/65 4371/1470/65
f 4366/1465/65 4368/1467/65 4372/1471/65
f 4373/1472/65 4372/1471/65 4368/1467/65
f 4374/1473/65 4372/1471/65 4373/1472/65
f 4374/1473/65 4375/1474/65 4372/1471/65
f 4375/1474/65 4374/1473/65 4376/1475/65
f 4377/1476/65 4376/1475/65 4374/1473/65
f 4376/1475/65 4377/1476/65 4378/1477/65
f 4379/1478/65 4378/1477/65 4377/1476/65
f 4380/1479/65 4378/1477/65 4379/1478/65
f 4378/1477/65 4380/1479/65 4381/1480/65
f 4381/1480/65 4380/1479/65 4382/1481/65
f 4383/1482/65 4382/1481/65 4380/1479/65
f 4384/1483/65 4382/1481/65 4383/1482/65
f 4384/1483/65 4385/1484/65 4382/1481/65
f 4385/1484/65 4384/1483/65 4386/1485/65
f 4386/1485/65 4384/1483/65 4387/1486/65
f 4386/1485/65 4387/1486/65 4388/1487/65
f 4389/1488/65 4388/1487/65 4387/1486/65
f 4388/1487/65 4389/1488/65 4390/1489/65
f 4391/1761/1050 4392/1773/1051 4393/1762/1051
f 4392/1773/1051 4391/1761/1050 4394/1774/1051
s 0
f 4395/1775/65 4396/1775/65 4397/1775/65
f 4396/1775/65 4395/1775/65 4398/1775/65
f 4399/1775/65 4400/1775/65 4401/1775/65
f 4400/1775/65 4399/1775/65 4402/1775/65
f 4403/1775/65 4404/1775/65 4405/1775/65
f 4405/1775/65 4406/1775/65 4403/1775/65
f 4407/1775/65 4408/1775/65 4409/1775/65
f 4408/1775/65 4407/1775/65 4410/1775/65
f 4411/1775/65 4412/1775/65 4413/1775/65
f 4411/1775/65 4413/1775/65 4414/1775/65
f 4415/1775/65 4416/1775/65 4417/1775/65
f 4415/1775/65 4417/1775/65 4418/1775/65
f 4419/1775/65 4420/1775/65 4421/1775/65
f 4419/1775/65 4421/1775/65 4422/1775/65
f 4423/1775/65 4424/1775/65 4425/1775/65
f 4425/1775/65 4424/1775/65 4426/1775/65
f 4427/1775/65 4428/1775/65 4429/1775/65
f 4429/1775/65 4428/1775/65 4430/1775/65
f 4431/1775/65 4432/1775/65 4433/1775/65
f 4431/1775/65 4433/1775/65 4434/1775/65
f 4435/1775/65 4436/1775/65 4437/1775/65
f 4436/1775/65 4435/1775/65 4438/1775/65
f 4439/1775/65 4440/1775/65 4441/1775/65
f 4440/1775/65 4439/1775/65 4442/1775/65
s 1
f 4443/1760/1052 4444/1776/1053 4445/1772/1052
f 4444/1776/1053 4443/1760/1052 4446/1768/1052
f 4447/1762/1054 4448/1777/1055 4449/1767/1055
f 4448/1777/1055 4447/1762/1054 4450/1773/1054
f 4451/1767/1056 4452/1777/1056 4453/1769/1056
f 4452/1777/1056 4454/1778/1056 4453/1769/1056
f 4455/1770/1057 4456/1776/1057 4457/1768/1058
f 4456/1776/1057 4455/1770/1057 4458/1779/1057
f 4459/1770/1059 4460/1769/1060 4461/1778/1060
f 4459/1770/1059 4461/1778/1060 4462/1779/1059
f 4463/1780/1061 4464/1781/1062 4465/1782/1062
f 4463/1780/1061 4465/1782/1062 4466/1783/1062
f 4467/1780/1063 4468/1784/1063 4469/1785/1063
f 4468/1784/1063 4467/1780/1063 4470/1783/1063
f 4471/1782/1064 4472/1781/1064 4473/1786/1064
f 4474/1787/1064 4473/1786/1064 4472/1781/1064
s 0
f 4475/1775/65 4476/1775/65 4477/1775/65
f 4476/1775/65 4475/1775/65 4478/1775/65
f 4479/1775/65 4480/1775/65 4481/1775/65
f 4479/1775/65 4481/1775/65 4482/1775/65
s 1
f 4483/1788/1065 4484/1785/1066 4485/1784/1065
f 4484/1785/1066 4483/1788/1065 4486/1789/1065
f 4487/1786/1067 4488/1787/1068 4489/1790/1068
f 4490/1791/1067 4489/1790/1068 4488/1787/1068
s 0
f 4491/1775/65 4492/1775/65 4493/1775/65
f 4492/1775/65 4491/1775/65 4494/1775/65
f 4495/1775/65 4496/1775/65 4497/1775/65
f 4495/1775/65 4497/1775/65 4498/1775/65
f 4499/1775/65 4500/1775/65 4501/1775/65
f 4500/1775/65 4499/1775/65 4502/1775/65
f 4503/1775/65 4504/1775/65 4505/1775/65
f 4503/1775/65 4505/1775/65 4506/1775/65
s 1
f 4507/1783/1069 4508/1782/1069 4509/1792/1069
f 4507/1783/1069 4509/1792/1069 4510/1793/1069
f 4511/1779/1070 4512/1778/1070 4513/1794/1070
f 4511/1779/1070 4513/1794/1070 4514/1795/1070
f 4515/1796/1071 4516/1789/1071 4517/1788/1071
f 4516/1789/1071 4515/1796/1071 4518/1797/1071
f 4519/1779/1072 4520/1798/1073 4521/1776/1074
f 4520/1798/1073 4519/1779/1072 4522/1795/1074
f 4523/1794/1075 4524/1778/1076 4525/1799/1075
f 4526/1777/1077 4525/1799/1075 4524/1778/1076
f 4527/1790/1078 4528/1791/1078 4529/1800/1078
f 4529/1800/1078 4528/1791/1078 4530/1801/1078
f 4531/1802/1079 4532/1776/1079 4533/1798/1079
f 4532/1776/1079 4531/1802/1079 4534/1772/1079
f 4535/1799/1080 4536/1777/1080 4537/1803/1080
f 4538/1773/1080 4537/1803/1080 4536/1777/1080
f 4539/1783/1081 4540/1804/1081 4541/1784/1081
f 4540/1804/1081 4539/1783/1081 4542/1793/1081
f 4543/1792/1082 4544/1782/1083 4545/1805/1082
f 4546/1786/1082 4545/1805/1082 4544/1782/1083
s 0
f 4547/1775/65 4548/1775/65 4549/1775/65
f 4547/1775/65 4549/1775/65 4550/1775/65
s 1
f 4551/1795/1084 4552/1794/1085 4553/1781/1086
f 4551/1795/1084 4553/1781/1086 4554/1780/1084
f 4555/1795/1087 4556/1785/1087 4557/1798/1087
f 4556/1785/1087 4555/1795/1087 4558/1780/1087
f 4559/1781/1088 4560/1794/1088 4561/1787/1088
f 4562/1799/1088 4561/1787/1088 4560/1794/1088
f 4563/1789/1089 4564/1798/1089 4565/1785/1089
f 4566/1787/1090 4567/1799/1090 4568/1791/1090
usemtl Cylinder0011Mtl
f 385/115/11 386/116/11 387/117/11
f 386/116/11 385/115/11 388/118/11
f 389/119/9 390/118/70 391/115/9
f 390/118/70 389/119/9 392/120/9
f 393/121/6 394/120/6 395/119/6
f 394/120/6 393/121/6 396/122/6
f 397/123/1 398/122/1 399/121/1
f 398/122/1 397/123/1 400/124/1
f 401/125/2 402/124/2 403/123/2
f 402/124/2 401/125/2 404/126/2
f 405/127/5 406/126/5 407/125/5
f 406/126/5 405/127/5 408/128/5
f 409/129/8 410/128/8 411/127/8
f 410/128/8 409/129/8 412/130/71
f 413/131/10 414/130/10 415/129/72
f 414/130/10 413/131/10 416/132/72
f 417/133/14 418/134/14 419/135/14
f 418/134/14 417/133/14 420/136/14
f 421/135/16 422/137/16 423/138/16
f 422/137/16 421/135/16 424/134/73
f 425/138/24 426/139/20 427/140/74
f 426/139/20 425/138/24 428/137/74
f 429/140/23 430/141/23 431/142/75
f 430/141/23 429/140/23 432/139/23
f 433/143/12 434/144/12 435/145/12
f 434/144/12 433/143/12 436/146/12
f 437/147/15 438/146/15 439/143/15
f 438/146/15 437/147/15 440/148/15
f 441/149/76 442/148/77 443/147/25
f 442/148/77 441/149/76 444/150/25
f 445/142/22 446/150/22 447/149/22
f 446/150/22 445/142/22 448/141/22
f 449/151/28 450/152/28 451/153/28
f 451/153/28 452/154/28 453/124/29
f 451/153/28 454/155/28 452/154/28
f 451/153/28 450/152/28 454/155/28
f 455/156/28 451/153/28 456/157/29
f 457/158/28 451/153/28 455/156/28
f 449/151/28 451/153/28 457/158/28
f 454/155/28 458/159/28 459/160/28
f 454/155/28 450/152/28 458/159/28
f 458/159/28 460/161/28 461/162/28
f 458/159/28 450/152/28 460/161/28
f 462/163/28 457/158/28 463/164/28
f 449/151/28 457/158/28 462/163/28
f 449/151/28 462/163/28 464/142/28
f 464/142/28 462/163/28 465/165/28
f 449/151/28 464/142/28 466/166/28
f 467/167/28 450/152/28 449/151/28
f 467/167/28 449/151/28 468/168/28
f 467/167/28 468/168/28 469/169/28
f 467/167/28 469/169/28 470/170/28
f 467/167/28 470/170/28 471/171/32
f 472/172/29 467/167/28 473/123/32
f 474/173/28 467/167/28 472/172/29
f 467/167/28 474/173/28 450/152/28
f 475/174/28 450/152/28 474/173/28
f 475/174/28 476/175/28 450/152/28
f 450/152/28 476/175/28 477/141/28
f 478/176/28 476/175/28 475/174/28
f 476/175/28 478/176/28 479/177/28
f 478/176/28 475/174/28 480/178/28
f 481/116/46 482/115/46 483/118/46
f 482/115/46 481/116/46 484/117/47
f 485/118/78 486/119/78 487/120/78
f 486/119/78 485/118/78 488/115/78
f 489/120/38 490/121/38 491/122/38
f 490/121/38 489/120/38 492/119/38
f 493/122/34 494/123/34 495/124/34
f 494/123/34 493/122/34 496/121/34
f 497/124/33 498/125/33 499/126/33
f 498/125/33 497/124/33 500/123/33
f 501/126/36 502/127/36 503/128/36
f 502/127/36 501/126/36 504/125/36
f 505/128/42 506/129/79 507/130/41
f 506/129/79 505/128/42 508/127/42
f 509/130/45 510/131/80 511/132/45
f 510/131/80 509/130/45 512/129/80
f 513/147/55 514/146/55 515/143/55
f 514/146/55 513/147/55 516/148/55
f 517/149/81 518/148/81 519/147/82
f 518/148/81 517/149/81 520/150/81
f 521/142/62 522/150/62 523/149/62
f 522/150/62 521/142/62 524/141/62
f 525/143/49 526/144/49 527/145/49
f 526/144/49 525/143/49 528/146/49
f 529/140/61 530/141/61 531/142/61
f 530/141/61 529/140/61 532/139/61
f 533/138/58 534/139/83 535/140/58
f 534/139/83 533/138/58 536/137/58
f 537/135/53 538/137/53 539/138/53
f 538/137/53 537/135/53 540/134/53
f 541/133/51 542/134/51 543/135/51
f 542/134/51 541/133/51 544/136/51
f 545/175/65 546/155/65 547/153/65
f 547/153/65 546/155/65 548/154/65
f 547/153/65 548/154/65 549/124/65
f 546/155/65 545/175/65 550/160/65
f 551/156/65 547/153/65 552/157/68
f 553/158/65 547/153/65 551/156/65
f 554/164/65 547/153/65 553/158/65
f 547/153/65 554/164/65 555/163/65
f 555/163/65 545/175/65 547/153/65
f 550/160/65 556/162/65 557/159/65
f 550/160/65 558/152/65 556/162/65
f 556/162/65 558/152/65 559/161/65
f 558/152/65 550/160/65 545/175/65
f 558/152/65 545/175/65 560/141/65
f 561/142/65 555/163/65 562/165/65
f 563/151/65 555/163/65 561/142/65
f 563/151/65 561/142/65 564/166/65
f 565/169/65 555/163/65 563/151/65
f 565/169/65 563/151/65 566/168/65
f 567/167/65 555/163/65 565/169/65
f 555/163/65 567/167/65 545/175/65
f 568/170/65 567/167/65 565/169/65
f 567/167/65 568/170/65 569/171/69
f 570/172/65 567/167/65 571/123/65
f 572/173/65 567/167/65 570/172/65
f 567/167/65 572/173/65 545/175/65
f 573/178/65 545/175/65 572/173/65
f 573/178/65 572/173/65 574/174/65
f 573/178/65 575/177/65 545/175/65
f 575/177/65 573/178/65 576/176/69
f 577/179/11 578/180/11 579/181/11
f 578/180/11 577/179/11 580/182/11
f 581/183/9 582/182/9 583/179/84
f 582/182/9 581/183/9 584/184/9
f 585/185/6 586/184/6 587/183/6
f 586/184/6 585/185/6 588/186/7
f 589/187/1 590/186/1 591/185/1
f 590/186/1 589/187/1 592/188/1
f 593/189/2 594/188/2 595/187/2
f 594/188/2 593/189/2 596/190/2
f 597/191/3 598/190/4 599/189/5
f 598/190/4 597/191/3 600/192/5
f 601/193/8 602/192/71 603/191/8
f 602/192/71 601/193/8 604/194/8
f 605/195/10 606/194/10 607/193/10
f 606/194/10 605/195/10 608/196/10
f 609/197/27 610/198/14 611/199/14
f 610/198/14 609/197/27 612/200/14
f 613/199/16 614/201/16 615/202/16
f 614/201/16 613/199/16 616/198/16
f 617/202/20 618/203/20 619/204/74
f 618/203/20 617/202/20 620/201/74
f 621/204/23 622/205/23 623/206/23
f 622/205/23 621/204/23 624/203/23
f 625/207/12 626/208/12 627/209/12
f 626/208/12 625/207/12 628/210/12
f 629/211/15 630/210/85 631/207/86
f 630/210/85 629/211/15 632/212/85
f 633/213/18 634/212/87 635/211/76
f 634/212/87 633/213/18 636/214/88
f 637/206/22 638/214/22 639/213/22
f 638/214/22 637/206/22 640/205/22
f 641/215/28 642/216/28 643/217/28
f 643/217/28 644/218/28 645/188/29
f 643/217/28 646/219/28 644/218/28
f 643/217/28 642/216/28 646/219/28
f 647/220/28 643/217/28 648/221/29
f 649/222/28 643/217/28 647/220/28
f 641/215/28 643/217/28 649/222/28
f 646/219/28 650/223/28 651/224/28
f 646/219/28 642/216/28 650/223/28
f 650/223/28 652/225/28 653/226/28
f 650/223/28 642/216/28 652/225/28
f 654/227/28 649/222/28 655/228/28
f 641/215/28 649/222/28 654/227/28
f 641/215/28 654/227/28 656/206/28
f 656/206/28 654/227/28 657/229/28
f 641/215/28 656/206/28 658/230/28
f 659/231/28 642/216/28 641/215/28
f 659/231/28 641/215/28 660/232/28
f 659/231/28 660/232/28 661/233/28
f 659/231/28 661/233/28 662/234/28
f 659/231/28 662/234/28 663/235/32
f 664/236/29 659/231/28 665/187/30
f 666/237/28 659/231/28 664/236/29
f 659/231/28 666/237/28 642/216/28
f 667/238/28 642/216/28 666/237/28
f 667/238/28 668/239/28 642/216/28
f 642/216/28 668/239/28 669/205/28
f 670/240/28 668/239/28 667/238/28
f 668/239/28 670/240/28 671/241/28
f 670/240/28 667/238/28 672/242/28
f 673/180/46 674/179/46 675/182/46
f 674/179/46 673/180/46 676/181/46
f 677/182/78 678/183/78 679/184/78
f 678/183/78 677/182/78 680/179/78
f 681/184/38 682/185/37 683/186/38
f 682/185/37 681/184/38 684/183/38
f 685/186/34 686/187/34 687/188/34
f 686/187/34 685/186/34 688/185/34
f 689/188/33 690/189/33 691/190/33
f 690/189/33 689/188/33 692/187/33
f 693/190/35 694/191/35 695/192/35
f 694/191/35 693/190/35 696/189/89
f 697/192/42 698/193/79 699/194/41
f 698/193/79 697/192/42 700/191/42
f 701/194/45 702/195/45 703/196/80
f 702/195/45 701/194/45 704/193/80
f 705/211/55 706/210/55 707/207/55
f 706/210/55 705/211/55 708/212/55
f 709/213/63 710/212/81 711/211/82
f 710/212/81 709/213/63 712/214/81
f 713/206/62 714/214/62 715/213/62
f 714/214/62 713/206/62 716/205/62
f 717/207/48 718/208/49 719/209/48
f 718/208/49 717/207/48 720/210/49
f 721/204/61 722/205/61 723/206/61
f 722/205/61 721/204/61 724/203/61
f 725/202/90 726/203/90 727/204/90
f 726/203/90 725/202/90 728/201/59
f 729/199/91 730/201/52 731/202/91
f 730/201/52 729/199/91 732/198/53
f 733/197/50 734/198/51 735/199/51
f 734/198/51 733/197/50 736/200/51
f 737/239/65 738/219/65 739/217/65
f 739/217/65 738/219/65 740/218/65
f 739/217/65 740/218/65 741/188/65
f 738/219/65 737/239/65 742/224/65
f 743/220/65 739/217/65 744/221/68
f 745/222/65 739/217/65 743/220/65
f 746/228/65 739/217/65 745/222/65
f 739/217/65 746/228/65 747/227/65
f 747/227/65 737/239/65 739/217/65
f 742/224/65 748/226/65 749/223/65
f 742/224/65 750/216/65 748/226/65
f 748/226/65 750/216/65 751/225/65
f 750/216/65 742/224/65 737/239/65
f 750/216/65 737/239/65 752/205/65
f 753/206/65 747/227/65 754/229/65
f 755/215/65 747/227/65 753/206/65
f 755/215/65 753/206/65 756/230/65
f 757/233/65 747/227/65 755/215/65
f 757/233/65 755/215/65 758/232/65
f 759/231/65 747/227/65 757/233/65
f 747/227/65 759/231/65 737/239/65
f 760/234/65 759/231/65 757/233/65
f 759/231/65 760/234/65 761/235/69
f 762/236/65 759/231/65 763/187/65
f 764/237/65 759/231/65 762/236/65
f 759/231/65 764/237/65 737/239/65
f 765/242/65 737/239/65 764/237/65
f 765/242/65 764/237/65 766/238/65
f 765/242/65 767/241/65 737/239/65
f 767/241/65 765/242/65 768/240/69
usemtl Cube0051Mtl
f 769/243/92 770/244/92 771/245/92
f 772/246/92 771/245/92 770/244/92
f 773/247/93 774/248/93 775/249/94
f 774/248/93 773/247/93 776/250/95
f 777/249/96 778/243/96 779/247/97
f 780/245/97 779/247/97 778/243/96
f 781/251/98 782/248/98 783/250/98
f 782/248/98 781/251/98 784/252/98
f 785/253/99 786/254/100 787/255/99
f 787/255/99 786/254/100 788/256/99
f 789/257/101 790/253/102 791/258/102
f 791/258/102 790/253/102 792/255/102
f 793/254/103 794/259/104 795/256/104
f 794/259/104 793/254/103 796/260/103
f 797/261/105 798/257/105 799/262/105
f 799/262/105 798/257/105 800/258/105
f 801/263/28 802/264/28 803/265/28
f 802/264/28 801/263/28 804/266/28
f 805/267/106 806/268/106 807/269/106
f 806/268/106 805/267/106 808/270/107
f 809/271/108 810/272/108 811/273/109
f 810/272/108 809/271/108 812/274/110
f 813/271/111 814/269/111 815/274/111
f 814/269/111 813/271/111 816/267/112
f 817/273/113 818/275/113 819/276/113
f 818/275/113 817/273/113 820/272/113
f 821/256/114 822/254/114 823/260/114
f 821/256/114 823/260/114 824/259/114
f 825/253/115 826/255/116 827/258/116
f 825/253/115 827/258/116 828/257/116
f 829/256/117 830/253/118 831/254/118
f 830/253/118 829/256/117 832/255/118
f 833/257/119 834/258/119 835/262/119
f 833/257/119 835/262/119 836/261/119
f 837/277/65 838/278/65 839/279/65
f 838/278/65 837/277/65 840/280/65
f 895/331/162 896/332/163 897/333/164
f 898/334/165 897/333/164 896/332/163
f 897/333/164 898/334/165 899/335/166
f 900/336/167 899/335/166 898/334/165
f 899/335/166 900/336/167 901/337/168
f 902/338/169 901/337/168 900/336/167
f 901/337/168 902/338/169 903/339/170
f 904/340/171 903/339/170 902/338/169
f 903/339/170 904/340/171 905/341/172
f 906/342/173 905/341/172 904/340/171
f 907/343/174 905/341/172 906/342/173
f 906/342/173 908/344/175 907/343/174
f 909/345/176 907/343/174 908/344/175
f 909/345/176 908/344/175 910/346/177
f 911/347/178 909/345/176 910/346/177
f 909/345/176 911/347/178 912/348/179
f 911/347/178 913/349/180 912/348/179
f 914/350/181 913/349/180 911/347/178
f 915/351/182 913/349/180 914/350/181
f 913/349/180 915/351/182 916/352/183
f 917/353/184 916/352/183 915/351/182
f 916/352/183 917/353/184 918/354/185
f 923/355/186 919/356/187 920/357/188
f 923/355/186 922/358/189 919/356/187
f 921/359/174 924/360/190 920/357/188
f 920/357/188 924/360/190 923/355/186
f 921/359/174 925/361/176 924/360/190
f 927/362/191 926/363/192 922/358/189
f 922/358/189 923/355/186 927/362/191
f 926/363/192 927/362/191 928/364/193
f 929/365/194 927/362/191 923/355/186
f 929/365/194 923/355/186 924/360/190
f 930/366/195 928/364/193 927/362/191
f 927/362/191 929/365/194 930/366/195
f 928/364/193 930/366/195 931/367/196
f 924/360/190 932/368/197 929/365/194
f 925/361/176 932/368/197 924/360/190
f 925/361/176 933/369/198 932/368/197
f 936/370/178 935/371/199 937/372/181
f 938/373/200 937/372/181 935/371/199
f 935/371/199 939/374/201 938/373/200
f 940/375/201 938/373/200 939/374/201
f 941/376/129 937/372/181 938/373/200
f 937/372/181 941/376/129 942/377/202
f 943/378/203 942/377/202 941/376/129
f 942/377/202 943/378/203 944/379/204
f 945/380/205 946/381/206 947/382/207
f 945/380/205 947/382/207 948/383/208
f 949/384/209 950/385/210 946/381/206
f 946/381/206 945/380/205 949/384/209
f 950/385/210 949/384/209 951/386/211
f 948/383/208 952/387/212 945/380/205
f 952/387/212 948/383/208 953/388/213
f 953/388/213 954/389/214 952/387/212
f 955/390/215 945/380/205 952/387/212
f 955/390/215 949/384/209 945/380/205
f 956/391/216 952/387/212 954/389/214
f 952/387/212 956/391/216 955/390/215
f 954/389/214 957/392/172 956/391/216
f 949/384/209 955/390/215 958/393/217
f 958/393/217 951/386/211 949/384/209
f 959/394/187 955/390/215 956/391/216
f 959/394/187 958/393/217 955/390/215
f 957/392/172 960/395/218 956/391/216
f 956/391/216 960/395/218 959/394/187
f 957/392/172 961/396/174 960/395/218
f 951/386/211 958/393/217 962/397/219
f 958/393/217 959/394/187 963/398/220
f 963/398/220 962/397/219 958/393/217
f 962/397/219 963/398/220 964/399/192
f 965/400/221 967/401/222 968/402/223
f 969/403/224 968/402/223 967/401/222
f 966/404/225 969/403/224 967/401/222
f 969/403/224 970/405/226 968/402/223
f 970/405/226 969/403/224 971/406/227
f 972/407/228 970/405/226 971/406/227
f 971/406/227 973/408/229 972/407/228
f 974/409/230 972/407/228 973/408/229
f 973/408/229 975/410/231 974/409/230
s 0
f 977/411/232 976/412/28 978/412/233
s 1
f 976/412/234 977/411/235 934/413/236
f 979/414/237 934/413/236 977/411/235
f 979/414/237 977/411/235 980/415/238
f 979/414/237 981/416/239 934/413/236
f 982/417/240 979/414/237 980/415/238
f 934/413/236 981/416/239 983/418/241
f 980/415/238 984/419/242 982/417/240
f 985/420/243 983/418/241 981/416/239
f 983/418/241 985/420/243 986/421/244
f 981/416/239 987/422/245 985/420/243
f 982/417/240 987/422/245 979/414/237
f 988/423/28 985/420/243 987/422/245
f 987/422/245 982/417/240 988/423/28
f 989/424/246 985/420/243 988/423/28
f 989/424/246 988/423/28 982/417/240
f 985/420/243 989/424/246 990/425/247
f 990/425/247 986/421/244 985/420/243
f 991/426/248 989/424/246 982/417/240
f 991/426/248 982/417/240 984/419/242
f 984/419/242 992/427/249 991/426/248
f 993/428/250 989/424/246 991/426/248
f 993/428/250 990/425/247 989/424/246
f 994/429/251 991/426/248 992/427/249
f 994/429/251 993/428/250 991/426/248
f 992/427/249 995/430/252 994/429/251
f 986/421/244 990/425/247 996/431/253
f 990/425/247 993/428/250 997/432/254
f 997/432/254 996/431/253 990/425/247
f 947/382/207 993/428/250 994/429/251
f 947/382/207 997/432/254 993/428/250
f 948/383/208 994/429/251 995/430/252
f 994/429/251 948/383/208 947/382/207
f 995/430/252 953/388/213 948/383/208
f 996/431/253 997/432/254 998/433/255
f 946/381/206 998/433/255 997/432/254
f 997/432/254 947/382/207 946/381/206
f 998/433/255 946/381/206 950/385/210
f 999/434/256 1000/435/257 1001/436/258
f 1001/436/258 1002/437/259 999/434/256
f 1002/437/259 1001/436/258 1003/438/260
f 1003/438/260 1004/439/261 1002/437/259
f 1003/438/260 1005/440/192 1004/439/261
f 1006/441/262 1004/439/261 1005/440/192
f 1005/440/192 1007/442/263 1006/441/262
f 1008/443/264 1006/441/262 1007/442/263
f 1007/442/263 1010/444/196 1009/445/224
f 1009/445/224 1010/444/196 1011/446/265
f 1012/447/266 1011/446/265 1010/444/196
f 1011/446/265 1012/447/266 1015/448/229
f 1013/449/267 1015/448/229 1012/447/266
f 1015/448/229 1013/449/267 1016/450/268
f 1014/451/269 1016/450/268 1013/449/267
f 1018/452/270 1017/453/271 1019/454/272
f 1019/454/272 1020/455/273 1018/452/270
f 1020/455/273 1019/454/272 1021/456/274
f 1021/456/274 1022/457/275 1020/455/273
f 1022/457/275 1021/456/274 1000/435/257
f 1000/435/257 999/434/256 1022/457/275
f 1023/458/276 1024/459/277 1025/460/245
f 1026/461/278 1027/462/233 1028/463/279
f 1027/462/233 1026/461/278 1029/464/232
f 1030/465/280 1029/464/232 1026/461/281
f 1029/464/232 1030/465/280 1031/466/238
f 1030/465/280 1032/467/162 1031/466/238
f 1033/468/282 1026/461/278 1029/464/235
f 1034/469/283 1032/467/162 1030/465/280
f 1037/470/284 1036/471/285 1035/472/286
f 1036/471/285 1037/470/284 1038/473/287
f 1039/474/199 1038/473/287 1037/470/284
f 1038/473/287 1039/474/199 1040/475/288
f 1043/476/221 1041/477/289 1042/478/290
f 1042/478/290 1044/479/222 1043/476/221
f 1047/480/291 1046/481/268 1045/482/269
f 1046/481/268 1047/480/291 1048/483/292
f 1049/484/293 1048/483/292 1047/480/291
f 1048/483/292 1049/484/293 1050/485/294
f 1049/484/293 1051/486/203 1050/485/294
f 1049/484/293 1052/487/295 1051/486/203
f 1052/487/295 1053/488/296 1051/486/203
f 1054/489/297 1053/488/296 1052/487/295
f 1055/463/298 1056/462/299 1057/490/300
s 0
f 1055/463/301 1058/462/28 1056/462/234
f 1059/463/279 1058/462/233 1055/463/65
s 1
f 1033/468/236 1057/490/300 1056/462/299
f 1026/461/278 1033/468/282 1057/490/302
f 1057/490/302 1033/468/282 1060/491/303
f 1061/492/304 1060/491/303 1033/468/282
f 1062/493/244 1060/491/303 1061/492/304
f 1060/491/303 1062/493/244 1063/494/270
f 1065/495/305 1064/496/306 1066/497/307
f 1068/498/147 1067/499/163 1065/495/305
f 1067/499/163 1068/498/147 1069/500/308
f 1070/501/309 1069/500/308 1068/498/147
f 1069/500/308 1070/501/309 1071/502/167
f 1072/503/310 1071/502/167 1070/501/309
f 1071/502/167 1072/503/310 1073/504/311
f 1074/505/312 1073/504/311 1072/503/310
f 1073/504/311 1074/505/312 1075/506/313
f 1076/507/314 1075/506/313 1074/505/312
f 1075/506/313 1076/507/314 1077/508/315
f 1078/509/316 1077/508/315 1076/507/314
f 1077/508/315 1078/509/316 1079/510/175
f 1080/511/317 1081/512/318 1082/513/256
f 1082/513/256 1083/514/319 1080/511/317
f 1084/515/320 1080/511/317 1083/514/319
f 1083/514/319 1085/516/261 1084/515/320
f 1086/517/289 1084/515/320 1085/516/261
f 1085/516/261 1087/518/321 1086/517/289
f 1093/519/322 1088/520/194 1091/521/197
f 1093/519/322 1089/522/195 1088/520/194
f 1094/523/323 1091/521/197 1092/524/324
f 1094/523/323 1093/519/322 1091/521/197
f 1092/524/324 1095/525/180 1094/523/323
f 1089/522/195 1093/519/322 1096/526/325
f 1096/526/325 1090/527/196 1089/522/195
f 1097/528/326 1093/519/322 1094/523/323
f 1097/528/326 1096/526/325 1093/519/322
f 1095/525/180 1098/529/327 1094/523/323
f 1094/523/323 1098/529/327 1097/528/326
f 1095/525/180 1099/530/328 1098/529/327
f 1099/530/328 1100/531/295 1098/529/327
f 1099/530/328 1101/532/185 1100/531/295
f 1098/529/327 1100/531/295 1102/533/329
f 1102/533/329 1097/528/326 1098/529/327
f 1102/533/329 1103/534/330 1097/528/326
f 1096/526/325 1097/528/326 1103/534/330
f 1103/534/330 1102/533/329 1104/535/331
f 1090/527/196 1096/526/325 1105/536/266
f 1103/534/330 1105/536/266 1096/526/325
f 1104/535/331 1106/537/267 1103/534/330
f 1105/536/266 1103/534/330 1106/537/267
f 1106/537/267 1104/535/331 1107/538/269
f 1109/539/332 1110/540/333 1108/541/303
f 1112/542/334 1109/539/335 1111/543/270
f 1111/543/270 1113/544/273 1112/542/334
f 1114/545/336 1112/542/334 1113/544/273
f 1113/544/273 1115/546/275 1114/545/336
f 1081/512/318 1114/545/336 1115/546/275
f 1115/546/275 1082/513/256 1081/512/318
s 0
f 1116/547/298 1117/548/337 1118/547/65
s 1
f 1119/549/302 1117/548/278 1116/547/338
f 1120/539/335 1121/541/339 1122/543/270
f 1123/496/340 1124/495/305 1125/499/341
f 1180/600/350 1181/601/163 1182/602/351
f 1183/603/308 1182/602/351 1181/601/163
f 1182/602/351 1183/603/308 1184/604/166
f 1185/605/167 1184/604/166 1183/603/308
f 1184/604/166 1185/605/167 1186/606/168
f 1187/607/311 1186/606/168 1185/605/167
f 1186/606/168 1187/607/311 1188/608/214
f 1189/609/352 1188/608/214 1187/607/311
f 1188/608/214 1189/609/352 1190/610/172
f 1191/611/315 1190/610/172 1189/609/352
f 1192/612/353 1190/610/172 1191/611/315
f 1191/611/315 1193/613/175 1192/612/353
f 1194/614/176 1192/612/353 1193/613/175
f 1194/614/176 1193/613/175 1195/615/177
f 1196/616/178 1194/614/176 1195/615/177
f 1194/614/176 1196/616/178 1197/617/354
f 1196/616/178 1198/618/180 1197/617/354
f 1199/619/355 1198/618/180 1196/616/178
f 1200/620/182 1198/618/180 1199/619/355
f 1198/618/180 1200/620/182 1201/621/183
f 1202/622/356 1201/621/183 1200/620/182
f 1201/621/183 1202/622/356 1203/623/185
f 1208/624/186 1204/625/187 1205/626/357
f 1208/624/186 1207/627/189 1204/625/187
f 1206/628/358 1209/629/190 1205/626/357
f 1205/626/357 1209/629/190 1208/624/186
f 1206/628/358 1210/630/176 1209/629/190
f 1212/631/359 1211/632/192 1207/627/189
f 1207/627/189 1208/624/186 1212/631/359
f 1211/632/192 1212/631/359 1213/633/263
f 1214/634/194 1212/631/359 1208/624/186
f 1214/634/194 1208/624/186 1209/629/190
f 1215/635/195 1213/633/263 1212/631/359
f 1212/631/359 1214/634/194 1215/635/195
f 1213/633/263 1215/635/195 1216/636/196
f 1209/629/190 1217/637/197 1214/634/194
f 1210/630/176 1217/637/197 1209/629/190
f 1210/630/176 1218/638/198 1217/637/197
f 1221/639/360 1220/640/199 1222/641/181
f 1223/642/200 1222/641/181 1220/640/199
f 1220/640/199 1224/643/361 1223/642/200
f 1225/644/201 1223/642/200 1224/643/361
f 1226/645/362 1222/641/181 1223/642/200
f 1222/641/181 1226/645/362 1227/646/182
f 1228/647/203 1227/646/182 1226/645/362
f 1227/646/182 1228/647/203 1229/648/363
f 1230/649/364 1231/650/206 1232/651/207
f 1230/649/364 1232/651/207 1233/652/365
f 1234/653/209 1235/654/210 1231/650/206
f 1231/650/206 1230/649/364 1234/653/209
f 1235/654/210 1234/653/209 1236/655/211
f 1233/652/365 1237/656/366 1230/649/364
f 1237/656/366 1233/652/365 1238/657/213
f 1238/657/213 1239/658/214 1237/656/366
f 1240/659/215 1230/649/364 1237/656/366
f 1240/659/215 1234/653/209 1230/649/364
f 1241/660/367 1237/656/366 1239/658/214
f 1237/656/366 1241/660/367 1240/659/215
f 1239/658/214 1242/661/172 1241/660/367
f 1234/653/209 1240/659/215 1243/662/217
f 1243/662/217 1236/655/211 1234/653/209
f 1244/663/187 1240/659/215 1241/660/367
f 1244/663/187 1243/662/217 1240/659/215
f 1242/661/172 1245/664/218 1241/660/367
f 1241/660/367 1245/664/218 1244/663/187
f 1242/661/172 1246/665/174 1245/664/218
f 1236/655/211 1243/662/217 1247/666/219
f 1243/662/217 1244/663/187 1248/667/220
f 1248/667/220 1247/666/219 1243/662/217
f 1247/666/219 1248/667/220 1249/668/368
f 1250/669/221 1252/670/222 1253/671/223
f 1254/672/224 1253/671/223 1252/670/222
f 1251/673/263 1254/672/224 1252/670/222
f 1254/672/224 1255/674/226 1253/671/223
f 1255/674/226 1254/672/224 1256/675/227
f 1257/676/131 1255/674/226 1256/675/227
f 1256/675/227 1258/677/369 1257/676/131
f 1259/678/230 1257/676/131 1258/677/369
f 1258/677/369 1260/679/231 1259/678/230
s 0
f 1262/680/232 1261/681/28 1263/681/233
s 1
f 1261/681/234 1262/680/235 1219/682/282
f 1264/683/237 1219/682/282 1262/680/235
f 1264/683/237 1262/680/235 1265/684/238
f 1264/683/237 1266/685/239 1219/682/282
f 1267/686/370 1264/683/237 1265/684/238
f 1219/682/282 1266/685/239 1268/687/241
f 1265/684/238 1269/688/242 1267/686/370
f 1270/689/243 1268/687/241 1266/685/239
f 1268/687/241 1270/689/243 1271/690/371
f 1266/685/239 1272/691/245 1270/689/243
f 1267/686/370 1272/691/245 1264/683/237
f 1273/692/28 1270/689/243 1272/691/245
f 1272/691/245 1267/686/370 1273/692/28
f 1274/693/246 1270/689/243 1273/692/28
f 1274/693/246 1273/692/28 1267/686/370
f 1270/689/243 1274/693/246 1275/694/247
f 1275/694/247 1271/690/371 1270/689/243
f 1276/695/248 1274/693/246 1267/686/370
f 1276/695/248 1267/686/370 1269/688/242
f 1269/688/242 1277/696/249 1276/695/248
f 1278/697/372 1274/693/246 1276/695/248
f 1278/697/372 1275/694/247 1274/693/246
f 1279/698/373 1276/695/248 1277/696/249
f 1279/698/373 1278/697/372 1276/695/248
f 1277/696/249 1280/699/166 1279/698/373
f 1271/690/371 1275/694/247 1281/700/374
f 1275/694/247 1278/697/372 1282/701/375
f 1282/701/375 1281/700/374 1275/694/247
f 1232/651/207 1278/697/372 1279/698/373
f 1232/651/207 1282/701/375 1278/697/372
f 1233/652/365 1279/698/373 1280/699/166
f 1279/698/373 1233/652/365 1232/651/207
f 1280/699/166 1238/657/213 1233/652/365
f 1281/700/374 1282/701/375 1283/702/376
f 1231/650/206 1283/702/376 1282/701/375
f 1282/701/375 1232/651/207 1231/650/206
f 1283/702/376 1231/650/206 1235/654/210
f 1284/703/256 1285/704/257 1286/705/258
f 1286/705/258 1287/706/259 1284/703/256
f 1287/706/259 1286/705/258 1288/707/219
f 1288/707/219 1289/708/377 1287/706/259
f 1288/707/219 1290/709/192 1289/708/377
f 1291/710/262 1289/708/377 1290/709/192
f 1290/709/192 1292/711/263 1291/710/262
f 1293/712/222 1291/710/262 1292/711/263
f 1292/711/263 1295/713/196 1294/714/224
f 1294/714/224 1295/713/196 1296/715/265
f 1297/716/266 1296/715/265 1295/713/196
f 1296/715/265 1297/716/266 1300/717/229
f 1298/718/378 1300/717/229 1297/716/266
f 1300/717/229 1298/718/378 1301/719/379
f 1299/720/269 1301/719/379 1298/718/378
f 1303/721/270 1302/722/271 1304/723/272
f 1304/723/272 1305/724/273 1303/721/270
f 1305/724/273 1304/723/272 1306/725/380
f 1306/725/380 1307/726/381 1305/724/273
f 1307/726/381 1306/725/380 1285/704/257
f 1285/704/257 1284/703/256 1307/726/381
f 1308/727/276 1309/728/277 1310/729/245
f 1311/730/281 1312/731/233 1313/732/279
f 1312/731/233 1311/730/281 1314/733/232
f 1315/734/382 1314/733/232 1311/730/281
f 1314/733/232 1315/734/382 1316/735/238
f 1315/734/382 1317/736/242 1316/735/238
f 1318/737/282 1311/730/281 1314/733/235
f 1319/738/163 1317/736/242 1315/734/382
f 1322/739/284 1321/740/383 1320/741/384
f 1321/740/383 1322/739/284 1323/742/287
f 1324/743/199 1323/742/287 1322/739/284
f 1323/742/287 1324/743/199 1325/744/385
f 1328/745/221 1326/746/386 1327/747/290
f 1327/747/290 1329/748/222 1328/745/221
f 1332/749/331 1331/750/231 1330/751/387
f 1331/750/231 1332/749/331 1333/752/388
f 1334/753/293 1333/752/388 1332/749/331
f 1333/752/388 1334/753/293 1335/754/294
f 1334/753/293 1336/755/389 1335/754/294
f 1334/753/293 1337/756/295 1336/755/389
f 1337/756/295 1338/757/296 1336/755/389
f 1339/758/390 1338/757/296 1337/756/295
f 1340/732/298 1341/731/234 1342/759/300
s 0
f 1340/732/298 1343/731/28 1341/731/234
f 1344/732/391 1343/731/233 1340/732/65
s 1
f 1318/737/236 1342/759/300 1341/731/234
f 1311/730/281 1318/737/282 1342/759/302
f 1342/759/300 1318/737/236 1345/760/303
f 1346/761/392 1345/760/303 1318/737/236
f 1347/762/371 1345/760/303 1346/761/392
f 1345/760/303 1347/762/371 1348/763/393
f 1350/764/305 1349/765/340 1351/766/307
f 1353/767/147 1352/768/163 1350/764/305
f 1352/768/163 1353/767/147 1354/769/308
f 1355/770/394 1354/769/308 1353/767/147
f 1354/769/308 1355/770/394 1356/771/167
f 1357/772/310 1356/771/167 1355/770/394
f 1356/771/167 1357/772/310 1358/773/169
f 1359/774/395 1358/773/169 1357/772/310
f 1358/773/169 1359/774/395 1360/775/171
f 1361/776/314 1360/775/171 1359/774/395
f 1360/775/171 1361/776/314 1362/777/315
f 1363/778/384 1362/777/315 1361/776/314
f 1362/777/315 1363/778/384 1364/779/175
f 1365/780/317 1366/781/318 1367/782/256
f 1367/782/256 1368/783/396 1365/780/317
f 1369/784/320 1365/780/317 1368/783/396
f 1368/783/396 1370/785/261 1369/784/320
f 1371/786/289 1369/784/320 1370/785/261
f 1370/785/261 1372/787/321 1371/786/289
f 1378/788/397 1373/789/194 1376/790/197
f 1378/788/397 1374/791/195 1373/789/194
f 1379/792/323 1376/790/197 1377/793/398
f 1379/792/323 1378/788/397 1376/790/197
f 1377/793/398 1380/794/180 1379/792/323
f 1374/791/195 1378/788/397 1381/795/325
f 1381/795/325 1375/796/399 1374/791/195
f 1382/797/326 1378/788/397 1379/792/323
f 1382/797/326 1381/795/325 1378/788/397
f 1380/794/180 1383/798/327 1379/792/323
f 1379/792/323 1383/798/327 1382/797/326
f 1380/794/180 1384/799/328 1383/798/327
f 1384/799/328 1385/800/295 1383/798/327
f 1384/799/328 1386/801/297 1385/800/295
f 1383/798/327 1385/800/295 1387/802/400
f 1387/802/400 1382/797/326 1383/798/327
f 1387/802/400 1388/803/330 1382/797/326
f 1381/795/325 1382/797/326 1388/803/330
f 1388/803/330 1387/802/400 1389/804/291
f 1375/796/399 1381/795/325 1390/805/401
f 1388/803/330 1390/805/401 1381/795/325
f 1389/804/291 1391/806/402 1388/803/330
f 1390/805/401 1388/803/330 1391/806/402
f 1391/806/402 1389/804/291 1392/807/269
f 1394/808/332 1395/809/333 1393/810/303
f 1397/811/334 1394/808/335 1396/812/270
f 1396/812/270 1398/813/273 1397/811/334
f 1399/814/336 1397/811/334 1398/813/273
f 1398/813/273 1400/815/403 1399/814/336
f 1366/781/318 1399/814/336 1400/815/403
f 1400/815/403 1367/782/256 1366/781/318
s 0
f 1401/816/404 1402/817/405 1403/816/65
s 1
f 1404/818/302 1402/817/278 1401/816/298
f 1405/808/335 1406/810/339 1407/812/270
f 1408/765/340 1409/764/305 1410/768/163
f 4569/1806/1091 4570/1807/1092 4572/1808/1093
f 4572/1808/1093 4571/1809/1094 4569/1806/1091
f 4571/1809/1094 4572/1808/1093 4573/1810/1095
f 4571/1809/1094 4573/1810/1095 4574/1811/1096
f 4574/1811/1096 4576/1812/1097 4575/1813/1098
f 4573/1810/1095 4576/1812/1097 4574/1811/1096
f 4576/1812/1097 4577/1814/1099 4575/1813/1098
f 4577/1814/1099 4576/1812/1097 4578/1815/1100
f 4578/1815/1100 4579/1816/1101 4577/1814/1099
f 4580/1817/1102 4578/1815/1100 4576/1812/1097
f 4573/1810/1095 4580/1817/1102 4576/1812/1097
f 4579/1816/1101 4578/1815/1100 4581/1818/1103
f 4582/1819/1104 4581/1818/1103 4578/1815/1100
f 4578/1815/1100 4580/1817/1102 4582/1819/1104
f 4581/1818/1103 4582/1819/1104 4583/1820/1105
f 4582/1819/1104 4584/1821/1106 4583/1820/1105
f 4582/1819/1104 4585/1822/1107 4584/1821/1106
f 4580/1817/1102 4585/1822/1107 4582/1819/1104
f 4585/1822/1107 4586/1823/1108 4584/1821/1106
f 4580/1817/1102 4587/1824/1109 4585/1822/1107
f 4585/1822/1107 4588/1825/1110 4586/1823/1108
f 4587/1824/1109 4588/1825/1110 4585/1822/1107
f 4589/1826/1111 4587/1824/1109 4580/1817/1102
f 4589/1826/1111 4580/1817/1102 4573/1810/1095
f 4572/1808/1093 4589/1826/1111 4573/1810/1095
f 4589/1826/1111 4590/1827/1112 4587/1824/1109
f 4572/1808/1093 4591/1828/1113 4589/1826/1111
f 4591/1828/1113 4590/1827/1112 4589/1826/1111
f 4591/1828/1113 4572/1808/1093 4570/1807/1092
f 4570/1807/1092 4592/1829/1114 4591/1828/1113
f 4592/1829/1114 4593/1830/1115 4591/1828/1113
f 4591/1828/1113 4593/1830/1115 4590/1827/1112
f 4592/1829/1114 4594/1831/1116 4593/1830/1115
f 4595/1832/1117 4593/1830/1115 4594/1831/1116
f 4596/1833/1118 4590/1827/1112 4593/1830/1115
f 4593/1830/1115 4595/1832/1117 4596/1833/1118
f 4597/1834/1119 4596/1833/1118 4595/1832/1117
f 4596/1833/1118 4597/1834/1119 4598/1835/1120
f 4598/1835/1120 4599/1836/1121 4596/1833/1118
f 4590/1827/1112 4596/1833/1118 4599/1836/1121
f 4599/1836/1121 4598/1835/1120 4600/1837/1122
f 4600/1837/1122 4601/1838/1123 4599/1836/1121
f 4599/1836/1121 4602/1839/1124 4590/1827/1112
f 4599/1836/1121 4601/1838/1123 4602/1839/1124
f 4590/1827/1112 4602/1839/1124 4587/1824/1109
f 4587/1824/1109 4602/1839/1124 4588/1825/1110
f 4602/1839/1124 4601/1838/1123 4603/1840/1125
f 4602/1839/1124 4603/1840/1125 4588/1825/1110
f 4588/1825/1110 4603/1840/1125 4604/1841/1126
f 4588/1825/1110 4604/1841/1126 4586/1823/1108
f 4605/1806/1127 4608/1808/1128 4607/1809/1129
f 4606/1807/1130 4608/1808/1128 4605/1806/1127
f 4608/1808/1128 4611/1810/1131 4607/1809/1129
f 4607/1809/1129 4611/1810/1131 4609/1811/1132
f 4606/1807/1130 4612/1828/1133 4608/1808/1128
f 4610/1829/1134 4612/1828/1133 4606/1807/1130
f 4608/1808/1128 4613/1826/1135 4611/1810/1131
f 4612/1828/1133 4613/1826/1135 4608/1808/1128
f 4613/1826/1135 4614/1817/1136 4611/1810/1131
f 4612/1828/1133 4615/1827/1137 4613/1826/1135
f 4611/1810/1131 4616/1812/1138 4609/1811/1132
f 4611/1810/1131 4614/1817/1136 4616/1812/1138
f 4609/1811/1132 4616/1812/1138 4617/1813/1139
f 4610/1829/1134 4618/1830/1140 4612/1828/1133
f 4612/1828/1133 4618/1830/1140 4615/1827/1137
f 4610/1829/1134 4619/1831/1141 4618/1830/1140
f 4616/1812/1138 4620/1814/1142 4617/1813/1139
f 4620/1814/1142 4616/1812/1138 4621/1815/1143
f 4614/1817/1136 4621/1815/1143 4616/1812/1138
f 4621/1815/1143 4622/1816/1144 4620/1814/1142
f 4622/1816/1144 4621/1815/1143 4623/1818/1145
f 4624/1819/1146 4623/1818/1145 4621/1815/1143
f 4621/1815/1143 4614/1817/1136 4624/1819/1146
f 4623/1818/1145 4624/1819/1146 4625/1820/1147
f 4624/1819/1146 4626/1821/1148 4625/1820/1147
f 4614/1817/1136 4627/1822/1149 4624/1819/1146
f 4624/1819/1146 4627/1822/1149 4626/1821/1148
f 4614/1817/1136 4628/1824/1150 4627/1822/1149
f 4613/1826/1135 4628/1824/1150 4614/1817/1136
f 4615/1827/1137 4628/1824/1150 4613/1826/1135
f 4627/1822/1149 4629/1823/1151 4626/1821/1148
f 4630/1825/1152 4629/1823/1151 4627/1822/1149
f 4628/1824/1150 4630/1825/1152 4627/1822/1149
f 4630/1825/1152 4631/1841/1153 4629/1823/1151
f 4632/1839/1154 4630/1825/1152 4628/1824/1150
f 4615/1827/1137 4632/1839/1154 4628/1824/1150
f 4633/1840/1155 4631/1841/1153 4630/1825/1152
f 4632/1839/1154 4633/1840/1155 4630/1825/1152
f 4634/1838/1156 4633/1840/1155 4632/1839/1154
f 4636/1836/1157 4634/1838/1156 4632/1839/1154
f 4635/1837/1158 4634/1838/1156 4636/1836/1157
f 4636/1836/1157 4632/1839/1154 4615/1827/1137
f 4636/1836/1157 4637/1835/1159 4635/1837/1158
f 4615/1827/1137 4638/1833/1160 4636/1836/1157
f 4637/1835/1159 4636/1836/1157 4638/1833/1160
f 4638/1833/1160 4615/1827/1137 4618/1830/1140
f 4638/1833/1160 4639/1834/1161 4637/1835/1159
f 4618/1830/1140 4640/1832/1162 4638/1833/1160
f 4639/1834/1161 4638/1833/1160 4640/1832/1162
f 4640/1832/1162 4618/1830/1140 4619/1831/1141
f 4641/1825/1163 4642/1840/1164 4643/1841/1165
f 4641/1825/1163 4643/1841/1165 4644/1823/1166
f 4645/1839/1167 4642/1840/1164 4641/1825/1163
f 4646/1822/1168 4641/1825/1163 4644/1823/1166
f 4646/1822/1168 4644/1823/1166 4647/1821/1169
f 4648/1824/1170 4641/1825/1163 4646/1822/1168
f 4648/1824/1170 4645/1839/1167 4641/1825/1163
f 4645/1839/1167 4649/1838/1171 4642/1840/1164
f 4650/1827/1172 4645/1839/1167 4648/1824/1170
f 4651/1836/1173 4649/1838/1171 4645/1839/1167
f 4651/1836/1173 4645/1839/1167 4650/1827/1172
f 4652/1837/1174 4649/1838/1171 4651/1836/1173
f 4653/1817/1175 4648/1824/1170 4646/1822/1168
f 4651/1836/1173 4654/1835/1176 4652/1837/1174
f 4654/1835/1176 4651/1836/1173 4655/1833/1177
f 4650/1827/1172 4655/1833/1177 4651/1836/1173
f 4655/1833/1177 4656/1834/1178 4654/1835/1176
f 4655/1833/1177 4650/1827/1172 4657/1830/1179
f 4656/1834/1178 4655/1833/1177 4658/1832/1180
f 4657/1830/1179 4658/1832/1180 4655/1833/1177
f 4658/1832/1180 4657/1830/1179 4659/1831/1181
f 4660/1829/1182 4659/1831/1181 4657/1830/1179
f 4662/1807/1183 4660/1829/1182 4663/1828/1184
f 4660/1829/1182 4657/1830/1179 4663/1828/1184
f 4663/1828/1184 4657/1830/1179 4650/1827/1172
f 4663/1828/1184 4664/1808/1185 4662/1807/1183
f 4661/1806/1186 4662/1807/1183 4664/1808/1185
f 4663/1828/1184 4650/1827/1172 4665/1826/1187
f 4664/1808/1185 4663/1828/1184 4665/1826/1187
f 4665/1826/1187 4650/1827/1172 4648/1824/1170
f 4665/1826/1187 4648/1824/1170 4653/1817/1175
f 4664/1808/1185 4665/1826/1187 4666/1810/1188
f 4665/1826/1187 4653/1817/1175 4666/1810/1188
f 4664/1808/1185 4667/1809/1189 4661/1806/1186
f 4667/1809/1189 4664/1808/1185 4666/1810/1188
f 4667/1809/1189 4666/1810/1188 4668/1811/1190
f 4666/1810/1188 4669/1812/1191 4668/1811/1190
f 4666/1810/1188 4653/1817/1175 4669/1812/1191
f 4668/1811/1190 4669/1812/1191 4670/1813/1192
f 4669/1812/1191 4671/1814/1193 4670/1813/1192
f 4671/1814/1193 4669/1812/1191 4672/1815/1194
f 4653/1817/1175 4672/1815/1194 4669/1812/1191
f 4672/1815/1194 4673/1816/1195 4671/1814/1193
f 4672/1815/1194 4653/1817/1175 4674/1819/1196
f 4653/1817/1175 4646/1822/1168 4674/1819/1196
f 4674/1819/1196 4646/1822/1168 4647/1821/1169
f 4674/1819/1196 4675/1818/1197 4672/1815/1194
f 4673/1816/1195 4672/1815/1194 4675/1818/1197
f 4674/1819/1196 4647/1821/1169 4676/1820/1198
f 4675/1818/1197 4674/1819/1196 4676/1820/1198
f 4679/1815/1199 4678/1816/1200 4677/1814/1201
f 4678/1816/1200 4679/1815/1199 4680/1818/1202
f 4677/1814/1201 4681/1812/1203 4679/1815/1199
f 4681/1812/1203 4677/1814/1201 4682/1813/1204
f 4683/1811/1205 4681/1812/1203 4682/1813/1204
f 4685/1810/1206 4681/1812/1203 4683/1811/1205
f 4684/1809/1207 4685/1810/1206 4683/1811/1205
f 4685/1810/1206 4686/1817/1208 4681/1812/1203
f 4686/1817/1208 4679/1815/1199 4681/1812/1203
f 4684/1809/1207 4687/1808/1209 4685/1810/1206
f 4687/1808/1209 4684/1809/1207 4688/1806/1210
f 4687/1808/1209 4689/1826/1211 4685/1810/1206
f 4689/1826/1211 4686/1817/1208 4685/1810/1206
f 4688/1806/1210 4690/1807/1212 4687/1808/1209
f 4687/1808/1209 4691/1828/1213 4689/1826/1211
f 4691/1828/1213 4687/1808/1209 4690/1807/1212
f 4690/1807/1212 4692/1829/1214 4691/1828/1213
f 4692/1829/1214 4693/1831/1215 4694/1830/1216
f 4692/1829/1214 4694/1830/1216 4691/1828/1213
f 4695/1832/1217 4694/1830/1216 4693/1831/1215
f 4691/1828/1213 4694/1830/1216 4696/1827/1218
f 4691/1828/1213 4696/1827/1218 4689/1826/1211
f 4694/1830/1216 4695/1832/1217 4697/1833/1219
f 4697/1833/1219 4696/1827/1218 4694/1830/1216
f 4698/1834/1220 4697/1833/1219 4695/1832/1217
f 4689/1826/1211 4696/1827/1218 4699/1824/1221
f 4689/1826/1211 4699/1824/1221 4686/1817/1208
f 4696/1827/1218 4697/1833/1219 4700/1836/1222
f 4697/1833/1219 4698/1834/1220 4701/1835/1223
f 4701/1835/1223 4700/1836/1222 4697/1833/1219
f 4700/1836/1222 4702/1839/1224 4696/1827/1218
f 4696/1827/1218 4702/1839/1224 4699/1824/1221
f 4700/1836/1222 4701/1835/1223 4703/1837/1225
f 4700/1836/1222 4704/1838/1226 4702/1839/1224
f 4703/1837/1225 4704/1838/1226 4700/1836/1222
f 4699/1824/1221 4702/1839/1224 4705/1825/1227
f 4702/1839/1224 4704/1838/1226 4706/1840/1228
f 4702/1839/1224 4706/1840/1228 4705/1825/1227
f 4680/1818/1202 4709/1819/1229 4707/1820/1230
f 4709/1819/1229 4708/1821/1231 4707/1820/1230
f 4709/1819/1229 4680/1818/1202 4679/1815/1199
f 4679/1815/1199 4686/1817/1208 4709/1819/1229
f 4686/1817/1208 4710/1822/1232 4709/1819/1229
f 4709/1819/1229 4710/1822/1232 4708/1821/1231
f 4686/1817/1208 4699/1824/1221 4710/1822/1232
f 4699/1824/1221 4705/1825/1227 4710/1822/1232
f 4710/1822/1232 4711/1823/1233 4708/1821/1231
f 4710/1822/1232 4705/1825/1227 4711/1823/1233
f 4705/1825/1227 4712/1841/1234 4711/1823/1233
f 4705/1825/1227 4706/1840/1228 4712/1841/1234
f 4713/1834/1235 4716/1833/1236 4714/1832/1237
f 4716/1833/1236 4713/1834/1235 4715/1835/1238
f 4717/1830/1239 4714/1832/1237 4716/1833/1236
f 4714/1832/1237 4717/1830/1239 4718/1831/1240
f 4719/1816/1241 4722/1815/1242 4720/1818/1243
f 4722/1815/1242 4719/1816/1241 4723/1814/1244
f 4720/1818/1243 4724/1819/1245 4721/1820/1246
f 4724/1819/1245 4720/1818/1243 4722/1815/1242
f 4725/1821/1247 4721/1820/1246 4724/1819/1245
f 4723/1814/1244 4727/1812/1248 4722/1815/1242
f 4727/1812/1248 4723/1814/1244 4726/1813/1249
f 4722/1815/1242 4728/1817/1250 4724/1819/1245
f 4728/1817/1250 4722/1815/1242 4727/1812/1248
f 4725/1821/1247 4724/1819/1245 4729/1822/1251
f 4729/1822/1251 4724/1819/1245 4728/1817/1250
f 4726/1813/1249 4730/1811/1252 4727/1812/1248
f 4727/1812/1248 4730/1811/1252 4731/1810/1253
f 4727/1812/1248 4731/1810/1253 4728/1817/1250
f 4730/1811/1252 4732/1809/1254 4731/1810/1253
f 4717/1830/1239 4735/1829/1255 4718/1831/1240
f 4736/1808/1256 4733/1806/1257 4734/1807/1258
f 4732/1809/1254 4733/1806/1257 4736/1808/1256
f 4731/1810/1253 4732/1809/1254 4736/1808/1256
f 4737/1828/1259 4734/1807/1258 4735/1829/1255
f 4717/1830/1239 4737/1828/1259 4735/1829/1255
f 4736/1808/1256 4734/1807/1258 4737/1828/1259
f 4738/1827/1260 4737/1828/1259 4717/1830/1239
f 4731/1810/1253 4736/1808/1256 4739/1826/1261
f 4739/1826/1261 4736/1808/1256 4737/1828/1259
f 4738/1827/1260 4739/1826/1261 4737/1828/1259
f 4728/1817/1250 4731/1810/1253 4739/1826/1261
f 4716/1833/1236 4738/1827/1260 4717/1830/1239
f 4728/1817/1250 4739/1826/1261 4740/1824/1262
f 4740/1824/1262 4739/1826/1261 4738/1827/1260
f 4729/1822/1251 4728/1817/1250 4740/1824/1262
f 4738/1827/1260 4716/1833/1236 4741/1836/1263
f 4715/1835/1238 4741/1836/1263 4716/1833/1236
f 4740/1824/1262 4738/1827/1260 4742/1839/1264
f 4742/1839/1264 4738/1827/1260 4741/1836/1263
f 4741/1836/1263 4715/1835/1238 4743/1837/1265
f 4744/1825/1266 4740/1824/1262 4742/1839/1264
f 4729/1822/1251 4740/1824/1262 4744/1825/1266
f 4742/1839/1264 4741/1836/1263 4745/1838/1267
f 4745/1838/1267 4741/1836/1263 4743/1837/1265
f 4746/1840/1268 4742/1839/1264 4745/1838/1267
f 4744/1825/1266 4742/1839/1264 4746/1840/1268
f 4747/1841/1269 4744/1825/1266 4746/1840/1268
f 4748/1823/1270 4744/1825/1266 4747/1841/1269
f 4748/1823/1270 4729/1822/1251 4744/1825/1266
f 4725/1821/1247 4729/1822/1251 4748/1823/1270
f 4754/1812/1271 4753/1814/1272 4752/1813/1273
f 4751/1811/1274 4754/1812/1271 4752/1813/1273
f 4750/1809/1275 4755/1810/1276 4751/1811/1274
f 4755/1810/1276 4754/1812/1271 4751/1811/1274
f 4750/1809/1275 4756/1808/1277 4755/1810/1276
f 4756/1808/1277 4750/1809/1275 4749/1806/1278
f 4755/1810/1276 4757/1817/1279 4754/1812/1271
f 4749/1806/1278 4758/1807/1280 4756/1808/1277
f 4756/1808/1277 4759/1826/1281 4755/1810/1276
f 4759/1826/1281 4757/1817/1279 4755/1810/1276
f 4760/1828/1282 4756/1808/1277 4758/1807/1280
f 4756/1808/1277 4760/1828/1282 4759/1826/1281
f 4758/1807/1280 4761/1829/1283 4760/1828/1282
f 4760/1828/1282 4762/1827/1284 4759/1826/1281
f 4761/1829/1283 4763/1830/1285 4760/1828/1282
f 4760/1828/1282 4763/1830/1285 4762/1827/1284
f 4761/1829/1283 4764/1831/1286 4763/1830/1285
f 4765/1832/1287 4763/1830/1285 4764/1831/1286
f 4763/1830/1285 4765/1832/1287 4766/1833/1288
f 4766/1833/1288 4762/1827/1284 4763/1830/1285
f 4767/1834/1289 4766/1833/1288 4765/1832/1287
f 4766/1833/1288 4767/1834/1289 4768/1835/1290
f 4768/1835/1290 4769/1836/1291 4766/1833/1288
f 4762/1827/1284 4766/1833/1288 4769/1836/1291
f 4769/1836/1291 4768/1835/1290 4770/1837/1292
f 4770/1837/1292 4771/1838/1293 4769/1836/1291
f 4769/1836/1291 4772/1839/1294 4762/1827/1284
f 4769/1836/1291 4771/1838/1293 4772/1839/1294
f 4772/1839/1294 4771/1838/1293 4773/1840/1295
f 4762/1827/1284 4772/1839/1294 4774/1824/1296
f 4759/1826/1281 4762/1827/1284 4774/1824/1296
f 4759/1826/1281 4774/1824/1296 4757/1817/1279
f 4774/1824/1296 4772/1839/1294 4775/1825/1297
f 4772/1839/1294 4773/1840/1295 4775/1825/1297
f 4757/1817/1279 4774/1824/1296 4776/1822/1298
f 4774/1824/1296 4775/1825/1297 4776/1822/1298
f 4757/1817/1279 4776/1822/1298 4777/1819/1299
f 4775/1825/1297 4773/1840/1295 4778/1841/1300
f 4776/1822/1298 4775/1825/1297 4779/1823/1301
f 4775/1825/1297 4778/1841/1300 4779/1823/1301
f 4776/1822/1298 4779/1823/1301 4780/1821/1302
f 4777/1819/1299 4776/1822/1298 4780/1821/1302
f 4777/1819/1299 4780/1821/1302 4781/1820/1303
f 4783/1818/1304 4777/1819/1299 4781/1820/1303
f 4782/1816/1305 4784/1815/1306 4783/1818/1304
f 4777/1819/1299 4783/1818/1304 4784/1815/1306
f 4784/1815/1306 4782/1816/1305 4753/1814/1272
f 4784/1815/1306 4757/1817/1279 4777/1819/1299
f 4753/1814/1272 4754/1812/1271 4784/1815/1306
f 4757/1817/1279 4784/1815/1306 4754/1812/1271
usemtl Cube0041Mtl
f 841/281/120 842/282/121 843/283/122
f 846/284/123 845/285/124 844/286/125
f 846/284/123 847/287/126 845/285/124
f 848/288/127 847/287/126 846/284/123
f 847/287/126 848/288/127 849/289/128
f 849/289/128 850/290/129 847/287/126
f 851/291/130 849/289/128 848/288/127
f 850/290/129 849/289/128 852/292/129
f 849/289/128 851/291/130 853/293/128
f 853/293/128 852/292/129 849/289/128
f 854/294/131 853/293/128 851/291/130
f 852/292/129 853/293/128 855/295/132
f 856/296/133 857/297/134 859/298/135
f 859/298/135 858/299/136 856/296/133
f 860/300/125 859/298/135 857/297/134
f 858/299/136 859/298/135 861/301/137
f 859/298/135 860/300/125 862/302/138
f 862/302/138 861/301/137 859/298/135
f 861/301/137 862/302/138 863/303/139
f 864/304/120 865/305/140 866/306/141
f 866/306/141 865/305/140 867/307/140
f 865/305/140 864/304/120 868/308/140
f 868/308/140 864/304/120 869/309/140
f 870/310/142 871/311/143 866/306/121
f 864/304/120 871/311/143 872/312/144
f 871/311/143 870/310/142 873/313/145
f 873/313/145 872/312/144 871/311/143
f 874/314/146 873/313/145 870/310/142
f 872/312/144 873/313/145 875/315/147
f 873/313/145 874/314/146 876/316/148
f 876/316/148 875/315/147 873/313/145
f 877/317/149 876/316/148 874/314/146
f 875/315/147 876/316/148 878/318/150
f 876/316/148 877/317/149 879/319/151
f 879/319/151 878/318/150 876/316/148
f 880/320/152 879/319/151 877/317/149
f 878/318/150 879/319/151 881/321/153
f 879/319/151 880/320/152 882/283/154
f 882/283/154 881/321/153 879/319/151
f 883/322/155 882/283/154 880/320/152
f 881/321/153 882/283/154 884/323/156
f 885/324/157 882/283/154 883/322/155
f 885/324/157 884/323/156 882/283/154
f 886/325/158 885/324/157 883/322/155
f 884/323/156 885/324/157 887/326/159
f 888/327/160 885/324/157 886/325/158
f 888/327/160 887/326/159 885/324/157
f 886/325/158 889/328/161 888/327/160
f 887/326/159 888/327/160 890/329/136
f 891/311/143 892/304/120 893/330/122
f 893/330/122 894/306/121 891/311/143
f 1126/550/120 1127/551/121 1128/552/122
f 1131/553/123 1130/554/124 1129/555/125
f 1131/553/123 1132/556/126 1130/554/124
f 1133/557/127 1132/556/126 1131/553/123
f 1132/556/126 1133/557/127 1134/558/128
f 1134/558/128 1135/559/129 1132/556/126
f 1136/560/130 1134/558/128 1133/557/127
f 1135/559/129 1134/558/128 1137/561/129
f 1134/558/128 1136/560/130 1138/562/128
f 1138/562/128 1137/561/129 1134/558/128
f 1139/563/342 1138/562/128 1136/560/130
f 1137/561/129 1138/562/128 1140/564/343
f 1141/565/133 1142/566/134 1144/567/344
f 1144/567/344 1143/568/136 1141/565/133
f 1145/569/125 1144/567/344 1142/566/134
f 1143/568/136 1144/567/344 1146/570/137
f 1144/567/344 1145/569/125 1147/571/138
f 1147/571/138 1146/570/137 1144/567/344
f 1146/570/137 1147/571/138 1148/572/139
f 1149/573/345 1150/574/140 1151/575/121
f 1151/575/121 1150/574/140 1152/576/140
f 1150/574/140 1149/573/345 1153/577/140
f 1153/577/140 1149/573/345 1154/578/140
f 1155/579/142 1156/580/143 1151/575/121
f 1149/573/120 1156/580/143 1157/581/144
f 1156/580/143 1155/579/142 1158/582/145
f 1158/582/145 1157/581/144 1156/580/143
f 1159/583/146 1158/582/145 1155/579/142
f 1157/581/144 1158/582/145 1160/584/346
f 1158/582/145 1159/583/146 1161/585/148
f 1161/585/148 1160/584/346 1158/582/145
f 1162/586/149 1161/585/148 1159/583/146
f 1160/584/346 1161/585/148 1163/587/150
f 1161/585/148 1162/586/149 1164/588/151
f 1164/588/151 1163/587/150 1161/585/148
f 1165/589/152 1164/588/151 1162/586/149
f 1163/587/150 1164/588/151 1166/590/153
f 1164/588/151 1165/589/152 1167/552/154
f 1167/552/154 1166/590/153 1164/588/151
f 1168/591/155 1167/552/154 1165/589/152
f 1166/590/153 1167/552/154 1169/592/347
f 1170/593/157 1167/552/154 1168/591/155
f 1170/593/157 1169/592/347 1167/552/154
f 1171/594/158 1170/593/157 1168/591/155
f 1169/592/347 1170/593/157 1172/595/348
f 1173/596/160 1170/593/157 1171/594/158
f 1173/596/160 1172/595/348 1170/593/157
f 1171/594/158 1174/597/161 1173/596/160
f 1172/595/348 1173/596/160 1175/598/349
f 1176/580/143 1177/573/120 1178/599/122
f 1178/599/122 1179/575/121 1176/580/143
usemtl Cube1Mtl
f 1411/819/406 1412/820/407 1413/821/407
f 1412/820/407 1411/819/406 1414/822/407
f 1415/821/408 1416/820/408 1417/823/408
f 1417/823/408 1416/820/408 1418/824/408
f 1419/825/409 1420/826/409 1421/827/409
f 1420/826/409 1419/825/409 1422/828/409
f 1423/828/410 1424/824/410 1425/826/411
f 1424/824/410 1423/828/410 1426/823/410
f 1427/822/412 1428/829/412 1429/830/412
f 1428/829/412 1427/822/412 1430/819/412
f 1431/831/413 1432/832/413 1433/833/413
f 1433/833/413 1432/832/413 1434/834/414
f 1435/835/415 1436/836/415 1437/837/415
f 1436/836/415 1435/835/415 1438/838/415
f 1439/839/416 1440/840/416 1441/841/417
f 1440/840/416 1439/839/416 1442/842/416
f 1443/841/418 1444/840/418 1445/837/418
f 1445/837/418 1444/840/418 1446/835/418
f 1447/843/419 1448/842/419 1449/839/419
f 1448/842/419 1447/843/419 1450/844/420
f 1451/836/421 1452/832/421 1453/831/421
f 1452/832/421 1451/836/421 1454/838/421
f 1455/845/422 1456/846/423 1457/843/422
f 1457/843/422 1456/846/423 1458/844/422
f 1459/833/424 1460/847/424 1461/848/425
f 1460/847/424 1459/833/424 1462/834/424
f 1463/849/426 1464/850/426 1465/851/426
f 1465/851/426 1466/852/427 1463/849/426
f 1467/853/428 1468/854/428 1469/855/429
f 1468/854/428 1470/856/429 1469/855/429
f 1471/857/430 1472/858/430 1473/859/430
f 1472/858/430 1471/857/430 1474/860/430
f 1475/861/431 1476/856/431 1477/854/431
f 1476/856/431 1475/861/431 1478/862/431
f 1479/863/432 1480/854/432 1481/857/432
f 1480/854/432 1479/863/432 1482/861/432
f 1483/864/433 1484/852/434 1485/865/433
f 1483/864/433 1486/849/433 1484/852/434
f 1487/866/435 1488/867/435 1489/849/435
f 1487/866/435 1489/849/435 1490/864/435
f 1491/868/436 1492/867/436 1493/869/436
f 1492/867/436 1491/868/436 1494/870/436
f 1495/857/437 1496/853/437 1497/860/437
f 1496/853/437 1495/857/437 1498/854/437
f 1499/871/438 1500/857/438 1501/859/438
f 1500/857/438 1499/871/438 1502/863/438
f 1503/872/439 1504/869/440 1505/867/439
f 1503/872/439 1505/867/439 1506/866/439
f 1507/867/441 1508/870/441 1509/850/441
f 1509/850/441 1510/849/441 1507/867/441
f 1511/873/442 1512/869/442 1513/874/442
f 1512/869/442 1511/873/442 1514/868/442
f 1515/875/28 1516/876/28 1517/877/28
f 1516/876/28 1515/875/28 1518/878/28
f 1519/879/28 1520/877/28 1521/874/28
f 1520/877/28 1519/879/28 1522/875/28
f 1523/874/28 1524/880/28 1525/873/28
f 1524/880/28 1523/874/28 1526/877/28
f 1527/877/28 1528/881/28 1529/880/28
f 1528/881/28 1527/877/28 1530/876/28
f 1531/876/443 1532/858/443 1533/881/443
f 1532/858/443 1531/876/443 1534/859/443
f 1535/869/444 1536/879/445 1537/874/446
f 1536/879/445 1535/869/444 1538/872/447
f 1539/878/448 1540/859/448 1541/876/448
f 1540/859/448 1539/878/448 1542/871/449
f 1543/882/450 1544/883/451 1545/884/452
f 1546/885/451 1545/884/452 1544/883/451
f 1547/886/453 1548/887/454 1549/888/453
f 1548/887/454 1547/886/453 1550/889/454
f 1551/888/455 1552/883/456 1553/882/456
f 1552/883/456 1551/888/455 1554/887/456
f 1555/890/457 1556/886/457 1557/891/458
f 1556/886/457 1555/890/457 1558/889/458
f 1559/892/459 1560/893/459 1561/894/460
f 1561/894/460 1560/893/459 1562/895/460
f 1561/894/460 1562/895/460 1563/896/460
f 1563/896/460 1562/895/460 1564/897/461
f 1565/898/462 1566/899/462 1567/900/462
f 1566/899/462 1565/898/462 1568/901/462
f 1569/902/463 1570/903/464 1571/904/463
f 1571/904/463 1570/903/464 1572/905/464
f 1573/901/61 1574/906/61 1575/907/61
f 1574/906/61 1573/901/61 1576/898/61
f 1577/908/465 1578/909/466 1579/906/465
f 1579/906/465 1578/909/466 1580/907/466
f 1581/904/467 1582/905/467 1583/908/467
f 1583/908/467 1582/905/467 1584/909/467
f 1585/910/468 1586/911/469 1587/912/469
f 1587/912/469 1588/913/468 1585/910/468
f 1589/914/470 1590/915/470 1591/916/471
f 1590/915/470 1592/917/472 1591/916/471
f 1593/918/473 1594/917/473 1595/919/473
f 1593/918/473 1596/916/473 1594/917/473
f 1597/920/474 1598/921/475 1599/916/475
f 1597/920/474 1599/916/475 1600/918/474
f 1601/922/476 1602/913/477 1603/912/477
f 1602/913/477 1601/922/476 1604/923/476
f 1605/924/478 1606/912/479 1607/925/479
f 1606/912/479 1605/924/478 1608/922/479
f 1609/921/480 1610/926/480 1611/927/480
f 1610/926/480 1609/921/480 1612/920/480
f 1613/928/481 1614/925/482 1615/929/481
f 1614/925/482 1613/928/481 1616/924/481
f 1617/925/483 1618/911/483 1619/930/483
f 1618/911/483 1617/925/483 1620/912/483
f 1621/931/65 1622/932/65 1623/933/65
f 1622/932/65 1621/931/65 1624/934/65
f 1625/933/65 1626/935/65 1627/936/65
f 1626/935/65 1625/933/65 1628/932/65
f 1629/932/65 1630/937/65 1631/935/65
f 1630/937/65 1629/932/65 1632/938/68
f 1633/934/65 1634/938/65 1635/932/65
f 1634/938/65 1633/934/65 1636/939/65
f 1637/940/484 1638/914/484 1639/921/484
f 1638/914/484 1640/916/484 1639/921/484
f 1641/931/485 1642/929/485 1643/934/485
f 1642/929/485 1641/931/485 1644/928/485
f 1645/927/486 1646/936/487 1647/935/486
f 1646/936/487 1645/927/486 1648/926/487
f 1649/929/488 1650/925/489 1651/941/489
f 1651/941/489 1650/925/489 1652/930/489
f 1653/942/483 1654/921/483 1655/927/483
f 1654/921/483 1653/942/483 1656/940/483
f 1657/929/490 1658/939/490 1659/934/490
f 1658/939/490 1657/929/490 1660/941/491
f 1661/937/492 1662/927/492 1663/935/492
f 1662/927/492 1661/937/492 1664/942/493
